e: file:///<home>/Desktop/code/moblin-android/app/src/main/java/com/moblin/android/MoblinApp.kt:54:50 Unresolved reference 'general'.
e: file:///<home>/Desktop/code/moblin-android/app/src/main/java/com/moblin/android/integrations/catprinter/CatPrinter.kt:216:21 Argument type mismatch: actual type is 'List<List<UByte>>', but 'Array<UByteArray>' was expected.
e: file:///<home>/Desktop/code/moblin-android/app/src/main/java/com/moblin/android/media/haishinkit/media/MacScreenCapture.kt:89:22 'val' cannot be reassigned.
e: file:///<home>/Desktop/code/moblin-android/app/src/main/java/com/moblin/android/media/haishinkit/media/Processor.kt:148:32 Unresolved reference 'set'.
e: file:///<home>/Desktop/code/moblin-android/app/src/main/java/com/moblin/android/media/haishinkit/media/Recorder.kt:222:35 Unresolved reference 'replacePresentationTimeStamp'.
e: file:///<home>/Desktop/code/moblin-android/app/src/main/java/com/moblin/android/media/haishinkit/media/Recorder.kt:290:26 Unresolved reference 'replacePresentationTimeStamp'.
e: file:///<home>/Desktop/code/moblin-android/app/src/main/java/com/moblin/android/media/haishinkit/media/audio/AudioUnit.kt:23:27 Unresolved reference 'ContinuationInterceptor'.
e: file:///<home>/Desktop/code/moblin-android/app/src/main/java/com/moblin/android/media/haishinkit/media/audio/AudioUnit.kt:30:13 Cannot infer type for this parameter. Specify it explicitly.
e: file:///<home>/Desktop/code/moblin-android/app/src/main/java/com/moblin/android/media/haishinkit/media/audio/AudioUnit.kt:30:13 Not enough information to infer type argument for 'E'.
e: file:///<home>/Desktop/code/moblin-android/app/src/main/java/com/moblin/android/media/haishinkit/media/audio/AudioUnit.kt:30:53 Unresolved reference 'ContinuationInterceptor'.
e: file:///<home>/Desktop/code/moblin-android/app/src/main/java/com/moblin/android/media/haishinkit/media/video/VideoEffect.kt:120:38 Argument type mismatch: actual type is 'android.graphics.Rect', but 'androidx.compose.ui.geometry.Rect' was expected.
e: file:///<home>/Desktop/code/moblin-android/app/src/main/java/com/moblin/android/media/haishinkit/media/video/VideoEffectsProcessor.kt:19:78 Unresolved reference 'Blur'.
e: file:///<home>/Desktop/code/moblin-android/app/src/main/java/com/moblin/android/media/haishinkit/media/video/VideoEffectsProcessor.kt:281:67 Unresolved reference 'BlurAndZoom'.
e: file:///<home>/Desktop/code/moblin-android/app/src/main/java/com/moblin/android/media/haishinkit/media/video/VideoEffectsProcessor.kt:372:71 Unresolved reference 'BlurAndZoom'.
e: file:///<home>/Desktop/code/moblin-android/app/src/main/java/com/moblin/android/media/haishinkit/media/video/VideoUnit.kt:436:26 'val' cannot be reassigned.
e: file:///<home>/Desktop/code/moblin-android/app/src/main/java/com/moblin/android/media/haishinkit/mpeg/MpegTsProgramSpecificInformation.kt:95:34 This type has a constructor, so it must be initialized here.
e: file:///<home>/Desktop/code/moblin-android/app/src/main/java/com/moblin/android/media/haishinkit/mpeg/MpegTsReader.kt:76:33 Cannot access 'fun decodeSectionData(data: ByteArray): Unit': it is protected in 'com/moblin/android/media/haishinkit/mpeg/MpegTsProgramAssociation'.
e: file:///<home>/Desktop/code/moblin-android/app/src/main/java/com/moblin/android/media/haishinkit/mpeg/MpegTsReader.kt:387:20 Unresolved reference 'AvcNalUnitType'.
e: file:///<home>/Desktop/code/moblin-android/app/src/main/java/com/moblin/android/media/haishinkit/mpeg/MpegTsReader.kt:387:40 Unresolved reference 'AvcNalUnitType'.
e: file:///<home>/Desktop/code/moblin-android/app/src/main/java/com/moblin/android/media/haishinkit/mpeg/MpegTsReader.kt:387:60 Unresolved reference 'AvcNalUnitType'.
e: file:///<home>/Desktop/code/moblin-android/app/src/main/java/com/moblin/android/media/haishinkit/mpeg/MpegTsReader.kt:406:43 Unresolved reference 'AvcNalUnitType'.
e: file:///<home>/Desktop/code/moblin-android/app/src/main/java/com/moblin/android/media/haishinkit/mpeg/MpegTsReader.kt:420:17 Unresolved reference 'HevcNalUnitType'.
e: file:///<home>/Desktop/code/moblin-android/app/src/main/java/com/moblin/android/media/haishinkit/mpeg/MpegTsReader.kt:421:17 Unresolved reference 'HevcNalUnitType'.
e: file:///<home>/Desktop/code/moblin-android/app/src/main/java/com/moblin/android/media/haishinkit/mpeg/MpegTsReader.kt:422:17 Unresolved reference 'HevcNalUnitType'.
e: file:///<home>/Desktop/code/moblin-android/app/src/main/java/com/moblin/android/media/haishinkit/mpeg/MpegTsReader.kt:423:17 Unresolved reference 'HevcNalUnitType'.
e: file:///<home>/Desktop/code/moblin-android/app/src/main/java/com/moblin/android/media/haishinkit/mpeg/MpegTsReader.kt:453:43 Unresolved reference 'HevcNalUnitType'.
e: file:///<home>/Desktop/code/moblin-android/app/src/main/java/com/moblin/android/media/haishinkit/mpeg/MpegTsWriter.kt:496:76 Argument type mismatch: actual type is 'Int', but 'UInt' was expected.
e: file:///<home>/Desktop/code/moblin-android/app/src/main/java/com/moblin/android/media/haishinkit/mpeg/MpegTsWriter.kt:535:28 Cannot access 'constructor(): HevcSeiPayloadTimeCode': it is private in 'com/moblin/android/media/haishinkit/mpeg/hevc/HevcSeiPayloadTimeCode'.
e: file:///<home>/Desktop/code/moblin-android/app/src/main/java/com/moblin/android/media/haishinkit/mpeg/MpegTsWriter.kt:540:49 Unresolved reference 'prefixSeiNut'.
e: file:///<home>/Desktop/code/moblin-android/app/src/main/java/com/moblin/android/media/haishinkit/rtmp/RtmpChunk.kt:68:35 Syntax error: Expecting ';' after the last enum entry or '}' to close enum class body.
e: file:///<home>/Desktop/code/moblin-android/app/src/main/java/com/moblin/android/media/haishinkit/rtmp/RtmpChunk.kt:69:13 Syntax error: Expecting member declaration.
e: file:///<home>/Desktop/code/moblin-android/app/src/main/java/com/moblin/android/media/haishinkit/rtmp/RtmpChunk.kt:69:14 Syntax error: Expecting member declaration.
e: file:///<home>/Desktop/code/moblin-android/app/src/main/java/com/moblin/android/media/haishinkit/rtmp/RtmpChunk.kt:69:19 Syntax error: Expecting member declaration.
e: file:///<home>/Desktop/code/moblin-android/app/src/main/java/com/moblin/android/media/haishinkit/rtmp/RtmpChunk.kt:69:20 Syntax error: Expecting member declaration.
e: file:///<home>/Desktop/code/moblin-android/app/src/main/java/com/moblin/android/media/haishinkit/rtmp/RtmpChunk.kt:69:28 Syntax error: Expecting member declaration.
e: file:///<home>/Desktop/code/moblin-android/app/src/main/java/com/moblin/android/media/haishinkit/rtmp/RtmpChunk.kt:69:29 Syntax error: Expecting member declaration.
e: file:///<home>/Desktop/code/moblin-android/app/src/main/java/com/moblin/android/media/haishinkit/rtmp/RtmpChunk.kt:69:30 Syntax error: Expecting member declaration.
e: file:///<home>/Desktop/code/moblin-android/app/src/main/java/com/moblin/android/media/haishinkit/rtmp/RtmpConnection.kt:158:24 Argument type mismatch: actual type is 'Int', but 'UInt' was expected.
e: file:///<home>/Desktop/code/moblin-android/app/src/main/java/com/moblin/android/media/haishinkit/rtmp/RtmpConnection.kt:241:24 Argument type mismatch: actual type is 'Int', but 'UInt' was expected.
e: file:///<home>/Desktop/code/moblin-android/app/src/main/java/com/moblin/android/media/haishinkit/rtmp/RtmpConnection.kt:338:35 Only safe (?.) or non-null asserted (!!.) calls are allowed on a nullable receiver of type 'Atomic<BitrateStats>?'.
e: file:///<home>/Desktop/code/moblin-android/app/src/main/java/com/moblin/android/media/haishinkit/rtmp/RtmpConnection.kt:338:36 Cannot infer type for this parameter. Specify it explicitly.
e: file:///<home>/Desktop/code/moblin-android/app/src/main/java/com/moblin/android/media/haishinkit/rtmp/RtmpConnection.kt:338:48 Unresolved reference 'add'.
e: file:///<home>/Desktop/code/moblin-android/app/src/main/java/com/moblin/android/media/haishinkit/rtmp/RtmpStream.kt:121:1 Class 'RtmpStream' is not abstract and does not implement abstract member:
fun audioEncoderOutputBuffer(buffer: MediaSample, presentationTimeStamp: Long): Unit
e: file:///<home>/Desktop/code/moblin-android/app/src/main/java/com/moblin/android/media/haishinkit/rtmp/RtmpStream.kt:185:36 Argument type mismatch: actual type is 'RtmpStream', but 'AudioVideoEncoderDelegate' was expected.
e: file:///<home>/Desktop/code/moblin-android/app/src/main/java/com/moblin/android/media/haishinkit/rtmp/RtmpStream.kt:224:40 Argument type mismatch: actual type is 'RtmpStream', but 'AudioVideoEncoderDelegate' was expected.
e: file:///<home>/Desktop/code/moblin-android/app/src/main/java/com/moblin/android/media/haishinkit/rtmp/RtmpStream.kt:242:36 Argument type mismatch: actual type is 'RtmpStream', but 'AudioVideoEncoderDelegate' was expected.
e: file:///<home>/Desktop/code/moblin-android/app/src/main/java/com/moblin/android/media/haishinkit/rtmp/RtmpStream.kt:272:53 Unresolved reference 'data'.
e: file:///<home>/Desktop/code/moblin-android/app/src/main/java/com/moblin/android/media/haishinkit/rtmp/RtmpStream.kt:275:44 Unresolved reference 'DataType'.
e: file:///<home>/Desktop/code/moblin-android/app/src/main/java/com/moblin/android/media/haishinkit/rtmp/RtmpStream.kt:283:27 Cannot infer type for this parameter. Specify it explicitly.
e: file:///<home>/Desktop/code/moblin-android/app/src/main/java/com/moblin/android/media/haishinkit/rtmp/RtmpStream.kt:283:39 Unresolved reference 'add'.
e: file:///<home>/Desktop/code/moblin-android/app/src/main/java/com/moblin/android/media/haishinkit/rtmp/RtmpStream.kt:291:17 No 'set' operator method providing array access.
e: file:///<home>/Desktop/code/moblin-android/app/src/main/java/com/moblin/android/media/haishinkit/rtmp/RtmpStream.kt:292:17 No 'set' operator method providing array access.
e: file:///<home>/Desktop/code/moblin-android/app/src/main/java/com/moblin/android/media/haishinkit/rtmp/RtmpStream.kt:293:17 No 'set' operator method providing array access.
e: file:///<home>/Desktop/code/moblin-android/app/src/main/java/com/moblin/android/media/haishinkit/rtmp/RtmpStream.kt:296:25 No 'set' operator method providing array access.
e: file:///<home>/Desktop/code/moblin-android/app/src/main/java/com/moblin/android/media/haishinkit/rtmp/RtmpStream.kt:298:25 No 'set' operator method providing array access.
e: file:///<home>/Desktop/code/moblin-android/app/src/main/java/com/moblin/android/media/haishinkit/rtmp/RtmpStream.kt:301:17 No 'set' operator method providing array access.
e: file:///<home>/Desktop/code/moblin-android/app/src/main/java/com/moblin/android/media/haishinkit/rtmp/RtmpStream.kt:302:17 No 'set' operator method providing array access.
e: file:///<home>/Desktop/code/moblin-android/app/src/main/java/com/moblin/android/media/haishinkit/rtmp/RtmpStream.kt:303:17 No 'set' operator method providing array access.
e: file:///<home>/Desktop/code/moblin-android/app/src/main/java/com/moblin/android/media/haishinkit/rtmp/RtmpStream.kt:305:21 No 'set' operator method providing array access.
e: file:///<home>/Desktop/code/moblin-android/app/src/main/java/com/moblin/android/media/haishinkit/rtmp/RtmpStream.kt:317:54 Unresolved reference 'CommandType'.
e: file:///<home>/Desktop/code/moblin-android/app/src/main/java/com/moblin/android/media/haishinkit/rtmp/RtmpStream.kt:340:37 Argument type mismatch: actual type is 'RtmpStream', but 'AudioVideoEncoderDelegate' was expected.
e: file:///<home>/Desktop/code/moblin-android/app/src/main/java/com/moblin/android/media/haishinkit/rtmp/RtmpStream.kt:375:37 Argument type mismatch: actual type is 'UInt', but 'Int' was expected.
e: file:///<home>/Desktop/code/moblin-android/app/src/main/java/com/moblin/android/media/haishinkit/rtmp/RtmpStream.kt:376:54 Unresolved reference 'CommandType'.
e: file:///<home>/Desktop/code/moblin-android/app/src/main/java/com/moblin/android/media/haishinkit/rtmp/RtmpStream.kt:392:37 Argument type mismatch: actual type is 'UInt', but 'Int' was expected.
e: file:///<home>/Desktop/code/moblin-android/app/src/main/java/com/moblin/android/media/haishinkit/rtmp/RtmpStream.kt:393:54 Unresolved reference 'CommandType'.
e: file:///<home>/Desktop/code/moblin-android/app/src/main/java/com/moblin/android/media/haishinkit/rtmp/RtmpStream.kt:414:27 Cannot infer type for this parameter. Specify it explicitly.
e: file:///<home>/Desktop/code/moblin-android/app/src/main/java/com/moblin/android/media/haishinkit/rtmp/RtmpStream.kt:414:39 Unresolved reference 'add'.
e: file:///<home>/Desktop/code/moblin-android/app/src/main/java/com/moblin/android/media/haishinkit/rtmp/RtmpStream.kt:429:27 Cannot infer type for this parameter. Specify it explicitly.
e: file:///<home>/Desktop/code/moblin-android/app/src/main/java/com/moblin/android/media/haishinkit/rtmp/RtmpStream.kt:429:39 Unresolved reference 'add'.
e: file:///<home>/Desktop/code/moblin-android/app/src/main/java/com/moblin/android/media/haishinkit/rtmp/RtmpStream.kt:558:5 'audioEncoderOutputBuffer' overrides nothing. Potential signatures for overriding:
fun audioEncoderOutputBuffer(buffer: MediaSample, presentationTimeStamp: Long): Unit
e: file:///<home>/Desktop/code/moblin-android/app/src/main/java/com/moblin/android/media/haishinkit/rtmp/amf/Amf.kt:108:20 Cannot access 'data': it is private in 'com/moblin/android/media/haishinkit/util/ByteWriter'.
e: file:///<home>/Desktop/code/moblin-android/app/src/main/java/com/moblin/android/media/haishinkit/rtmp/amf/Amf.kt:249:20 Cannot access 'data': it is private in 'com/moblin/android/media/haishinkit/util/ByteReader'.
e: file:///<home>/Desktop/code/moblin-android/app/src/main/java/com/moblin/android/media/haishinkit/rtmp/message/RtmpCommandMessage.kt:86:38 No value passed for parameter 'data'.
e: file:///<home>/Desktop/code/moblin-android/app/src/main/java/com/moblin/android/media/haishinkit/srt/SrtStreamOfficial.kt:4:50 Unresolved reference 'AudioEncoderDelegate'.
e: file:///<home>/Desktop/code/moblin-android/app/src/main/java/com/moblin/android/media/haishinkit/srt/SrtStreamOfficial.kt:7:50 Unresolved reference 'VideoEncoderDelegate'.
e: file:///<home>/Desktop/code/moblin-android/app/src/main/java/com/moblin/android/media/haishinkit/srt/SrtStreamOfficial.kt:93:9 Class 'MpegTsWriterEncoderDelegate' is not abstract and does not implement abstract members:
fun audioEncoderOutputFormat(format: MediaFormat): Unit
fun audioEncoderOutputBuffer(buffer: MediaSample, presentationTimeStamp: Long): Unit
fun videoEncoderOutputFormat(encoder: VideoEncoder, formatDescription: MediaFormat): Unit
fun videoEncoderOutputSampleBuffer(encoder: VideoEncoder, sampleBuffer: MediaSample, decodeTimeStampOffset: Long): Unit
e: file:///<home>/Desktop/code/moblin-android/app/src/main/java/com/moblin/android/media/haishinkit/srt/SrtStreamOfficial.kt:96:5 Unresolved reference 'AudioEncoderDelegate'.
e: file:///<home>/Desktop/code/moblin-android/app/src/main/java/com/moblin/android/media/haishinkit/srt/SrtStreamOfficial.kt:97:5 Unresolved reference 'VideoEncoderDelegate'.
e: file:///<home>/Desktop/code/moblin-android/app/src/main/java/com/moblin/android/media/ristserver/RistServerClient.kt:8:27 Unresolved reference 'ContinuationInterceptor'.
e: file:///<home>/Desktop/code/moblin-android/app/src/main/java/com/moblin/android/media/ristserver/RistServerClient.kt:15:5 Cannot infer type for this parameter. Specify it explicitly.
e: file:///<home>/Desktop/code/moblin-android/app/src/main/java/com/moblin/android/media/ristserver/RistServerClient.kt:15:5 Not enough information to infer type argument for 'E'.
e: file:///<home>/Desktop/code/moblin-android/app/src/main/java/com/moblin/android/media/ristserver/RistServerClient.kt:15:38 Unresolved reference 'ContinuationInterceptor'.
e: file:///<home>/Desktop/code/moblin-android/app/src/main/java/com/moblin/android/media/rtmpserver/RtmpServerChunkStream.kt:123:34 No value passed for parameter 'data'.
e: file:///<home>/Desktop/code/moblin-android/app/src/main/java/com/moblin/android/media/rtmpserver/RtmpServerClient.kt:341:31 Cannot infer type for this parameter. Specify it explicitly.
e: file:///<home>/Desktop/code/moblin-android/app/src/main/java/com/moblin/android/media/rtmpserver/RtmpServerClient.kt:341:47 Unresolved reference 'BitrateStats'.
e: file:///<home>/Desktop/code/moblin-android/app/src/main/java/com/moblin/android/media/rtmpserver/RtmpServerClient.kt:341:69 Unresolved reference 'add'.
e: file:///<home>/Desktop/code/moblin-android/app/src/main/java/com/moblin/android/media/srtla/client/RemoteConnection.kt:509:27 Unresolved reference 'reason'.
e: file:///<home>/Desktop/code/moblin-android/app/src/main/java/com/moblin/android/media/srtla/client/RemoteConnection.kt:509:33 Syntax error: Expecting ')'.
e: file:///<home>/Desktop/code/moblin-android/app/src/main/java/com/moblin/android/media/srtla/client/RemoteConnection.kt:509:35 Syntax error: Unexpected tokens (use ';' to separate expressions on the same line).
e: file:///<home>/Desktop/code/moblin-android/app/src/main/java/com/moblin/android/media/srtla/client/SrtlaClient.kt:548:43 Too many arguments for 'fun handleSrtAckSn(sn: UInt): Unit'.
e: file:///<home>/Desktop/code/moblin-android/app/src/main/java/com/moblin/android/media/srtla/server/SrtServer.kt:69:55 Argument type mismatch: actual type is 'Function1<List<String>, List<String>>', but 'Function1<Atomic.MutableRef<List<String>>, List<String>>' was expected.
e: file:///<home>/Desktop/code/moblin-android/app/src/main/java/com/moblin/android/media/srtla/server/SrtServer.kt:77:55 Argument type mismatch: actual type is 'Function1<List<String>, List<String>>', but 'Function1<Atomic.MutableRef<List<String>>, List<String>>' was expected.
e: file:///<home>/Desktop/code/moblin-android/app/src/main/java/com/moblin/android/media/srtla/server/SrtServerClient.kt:4:33 Unresolved reference 'BitrateStats'.
e: file:///<home>/Desktop/code/moblin-android/app/src/main/java/com/moblin/android/media/srtla/server/SrtServerClient.kt:42:54 Cannot infer type for this parameter. Specify it explicitly.
e: file:///<home>/Desktop/code/moblin-android/app/src/main/java/com/moblin/android/media/srtla/server/SrtServerClient.kt:42:67 Unresolved reference 'BitrateStats'.
e: file:///<home>/Desktop/code/moblin-android/app/src/main/java/com/moblin/android/media/srtla/server/SrtServerClient.kt:43:20 Unresolved reference 'add'.
e: file:///<home>/Desktop/code/moblin-android/app/src/main/java/com/moblin/android/media/srtla/server/SrtlaServer.kt:280:30 Unresolved reference 'Socket'.
e: file:///<home>/Desktop/code/moblin-android/app/src/main/java/com/moblin/android/moblink/MoblinkRelay.kt:107:62 Argument type mismatch: actual type is 'String', but 'Context' was expected.
e: file:///<home>/Desktop/code/moblin-android/app/src/main/java/com/moblin/android/moblink/MoblinkRelay.kt:107:62 No value passed for parameter 'url'.
e: file:///<home>/Desktop/code/moblin-android/app/src/main/java/com/moblin/android/moblink/MoblinkRelay.kt:143:37 Argument type mismatch: actual type is 'String', but 'Context' was expected.
e: file:///<home>/Desktop/code/moblin-android/app/src/main/java/com/moblin/android/moblink/MoblinkRelay.kt:143:50 Argument type mismatch: actual type is 'Boolean', but 'String' was expected.
e: file:///<home>/Desktop/code/moblin-android/app/src/main/java/com/moblin/android/moblink/MoblinkRelay.kt:409:7 Redeclaration:
class MoblinkRelay : Any
e: file:///<home>/Desktop/code/moblin-android/app/src/main/java/com/moblin/android/moblink/MoblinkStreamer.kt:147:15 Redeclaration:
class MoblinkRelay : Any
e: file:///<home>/Desktop/code/moblin-android/app/src/main/java/com/moblin/android/moblink/MoblinkStreamer.kt:169:9 Unresolved reference 'challenge'.
e: file:///<home>/Desktop/code/moblin-android/app/src/main/java/com/moblin/android/moblink/MoblinkStreamer.kt:170:9 Unresolved reference 'salt'.
e: file:///<home>/Desktop/code/moblin-android/app/src/main/java/com/moblin/android/moblink/MoblinkStreamer.kt:171:9 Unresolved reference 'send'.
e: file:///<home>/Desktop/code/moblin-android/app/src/main/java/com/moblin/android/moblink/MoblinkStreamer.kt:174:68 Unresolved reference 'challenge'.
e: file:///<home>/Desktop/code/moblin-android/app/src/main/java/com/moblin/android/moblink/MoblinkStreamer.kt:174:86 Unresolved reference 'salt'.
e: file:///<home>/Desktop/code/moblin-android/app/src/main/java/com/moblin/android/moblink/MoblinkStreamer.kt:177:9 Unresolved reference 'identified'.
e: file:///<home>/Desktop/code/moblin-android/app/src/main/java/com/moblin/android/moblink/MoblinkStreamer.kt:178:9 Unresolved reference 'startPingTimer'.
e: file:///<home>/Desktop/code/moblin-android/app/src/main/java/com/moblin/android/moblink/MoblinkStreamer.kt:182:9 Unresolved reference 'stopPingTimer'.
e: file:///<home>/Desktop/code/moblin-android/app/src/main/java/com/moblin/android/moblink/MoblinkStreamer.kt:183:9 Unresolved reference 'webSocket'.
e: file:///<home>/Desktop/code/moblin-android/app/src/main/java/com/moblin/android/moblink/MoblinkStreamer.kt:184:9 Unresolved reference 'reportTunnelRemoved'.
e: file:///<home>/Desktop/code/moblin-android/app/src/main/java/com/moblin/android/moblink/MoblinkStreamer.kt:185:9 Unresolved reference 'requests'.
e: file:///<home>/Desktop/code/moblin-android/app/src/main/java/com/moblin/android/moblink/MoblinkStreamer.kt:192:57 Unresolved reference 'handleIdentify'.
e: file:///<home>/Desktop/code/moblin-android/app/src/main/java/com/moblin/android/moblink/MoblinkStreamer.kt:197:57 Unresolved reference 'handleResponse'.
e: file:///<home>/Desktop/code/moblin-android/app/src/main/java/com/moblin/android/moblink/MoblinkStreamer.kt:206:13 Unresolved reference 'webSocket'.
e: file:///<home>/Desktop/code/moblin-android/app/src/main/java/com/moblin/android/moblink/MoblinkStreamer.kt:211:14 Unresolved reference 'address'.
e: file:///<home>/Desktop/code/moblin-android/app/src/main/java/com/moblin/android/moblink/MoblinkStreamer.kt:212:14 Unresolved reference 'port'.
e: file:///<home>/Desktop/code/moblin-android/app/src/main/java/com/moblin/android/moblink/MoblinkStreamer.kt:213:9 Unresolved reference 'startTunnelInternal'.
e: file:///<home>/Desktop/code/moblin-android/app/src/main/java/com/moblin/android/moblink/MoblinkStreamer.kt:217:9 Unresolved reference 'reportTunnelRemoved'.
e: file:///<home>/Desktop/code/moblin-android/app/src/main/java/com/moblin/android/moblink/MoblinkStreamer.kt:221:9 Unresolved reference 'startTunnelInternal'.
e: file:///<home>/Desktop/code/moblin-android/app/src/main/java/com/moblin/android/moblink/MoblinkStreamer.kt:225:9 Unresolved reference 'performRequest'.
e: file:///<home>/Desktop/code/moblin-android/app/src/main/java/com/moblin/android/moblink/MoblinkStreamer.kt:227:27 Cannot infer type for this parameter. Specify it explicitly.
e: file:///<home>/Desktop/code/moblin-android/app/src/main/java/com/moblin/android/moblink/MoblinkStreamer.kt:229:21 Unresolved reference 'batteryPercentage'.
e: file:///<home>/Desktop/code/moblin-android/app/src/main/java/com/moblin/android/moblink/MoblinkStreamer.kt:230:21 Unresolved reference 'thermalState'.
e: file:///<home>/Desktop/code/moblin-android/app/src/main/java/com/moblin/android/moblink/MoblinkStreamer.kt:233:25 Cannot infer type for this parameter. Specify it explicitly.
e: file:///<home>/Desktop/code/moblin-android/app/src/main/java/com/moblin/android/moblink/MoblinkStreamer.kt:240:9 Unresolved reference 'pongReceived'.
e: file:///<home>/Desktop/code/moblin-android/app/src/main/java/com/moblin/android/moblink/MoblinkStreamer.kt:241:9 Unresolved reference 'pingTimer'.
e: file:///<home>/Desktop/code/moblin-android/app/src/main/java/com/moblin/android/moblink/MoblinkStreamer.kt:242:17 Unresolved reference 'pongReceived'.
e: file:///<home>/Desktop/code/moblin-android/app/src/main/java/com/moblin/android/moblink/MoblinkStreamer.kt:243:17 Unresolved reference 'pongReceived'.
e: file:///<home>/Desktop/code/moblin-android/app/src/main/java/com/moblin/android/moblink/MoblinkStreamer.kt:244:17 Unresolved reference 'webSocket'.
e: file:///<home>/Desktop/code/moblin-android/app/src/main/java/com/moblin/android/moblink/MoblinkStreamer.kt:247:17 Unresolved reference 'webSocket'.
e: file:///<home>/Desktop/code/moblin-android/app/src/main/java/com/moblin/android/moblink/MoblinkStreamer.kt:253:9 Unresolved reference 'pingTimer'.
e: file:///<home>/Desktop/code/moblin-android/app/src/main/java/com/moblin/android/moblink/MoblinkStreamer.kt:257:23 Unresolved reference 'address'.
e: file:///<home>/Desktop/code/moblin-android/app/src/main/java/com/moblin/android/moblink/MoblinkStreamer.kt:258:20 Unresolved reference 'port'.
e: file:///<home>/Desktop/code/moblin-android/app/src/main/java/com/moblin/android/moblink/MoblinkStreamer.kt:259:14 Unresolved reference 'identified'.
e: file:///<home>/Desktop/code/moblin-android/app/src/main/java/com/moblin/android/moblink/MoblinkStreamer.kt:262:9 Unresolved reference 'reportTunnelRemoved'.
e: file:///<home>/Desktop/code/moblin-android/app/src/main/java/com/moblin/android/moblink/MoblinkStreamer.kt:263:9 Unresolved reference 'executeStartTunnel'.
e: file:///<home>/Desktop/code/moblin-android/app/src/main/java/com/moblin/android/moblink/MoblinkStreamer.kt:263:45 Cannot infer type for this parameter. Specify it explicitly.
e: file:///<home>/Desktop/code/moblin-android/app/src/main/java/com/moblin/android/moblink/MoblinkStreamer.kt:263:49 Cannot infer type for this parameter. Specify it explicitly.
e: file:///<home>/Desktop/code/moblin-android/app/src/main/java/com/moblin/android/moblink/MoblinkStreamer.kt:263:60 Cannot infer type for this parameter. Specify it explicitly.
e: file:///<home>/Desktop/code/moblin-android/app/src/main/java/com/moblin/android/moblink/MoblinkStreamer.kt:264:24 Unresolved reference 'webSocket'.
e: file:///<home>/Desktop/code/moblin-android/app/src/main/java/com/moblin/android/moblink/MoblinkStreamer.kt:268:17 Unresolved reference 'tunnelEndpointHost'.
e: file:///<home>/Desktop/code/moblin-android/app/src/main/java/com/moblin/android/moblink/MoblinkStreamer.kt:269:17 Unresolved reference 'tunnelEndpointPort'.
e: file:///<home>/Desktop/code/moblin-android/app/src/main/java/com/moblin/android/moblink/MoblinkStreamer.kt:270:17 Unresolved reference 'streamer'.
e: file:///<home>/Desktop/code/moblin-android/app/src/main/java/com/moblin/android/moblink/MoblinkStreamer.kt:276:20 Unresolved reference 'tunnelEndpointHost'.
e: file:///<home>/Desktop/code/moblin-android/app/src/main/java/com/moblin/android/moblink/MoblinkStreamer.kt:277:20 Unresolved reference 'tunnelEndpointPort'.
e: file:///<home>/Desktop/code/moblin-android/app/src/main/java/com/moblin/android/moblink/MoblinkStreamer.kt:279:13 Unresolved reference 'streamer'.
e: file:///<home>/Desktop/code/moblin-android/app/src/main/java/com/moblin/android/moblink/MoblinkStreamer.kt:281:9 Unresolved reference 'tunnelEndpointHost'.
e: file:///<home>/Desktop/code/moblin-android/app/src/main/java/com/moblin/android/moblink/MoblinkStreamer.kt:282:9 Unresolved reference 'tunnelEndpointPort'.
e: file:///<home>/Desktop/code/moblin-android/app/src/main/java/com/moblin/android/moblink/MoblinkStreamer.kt:291:9 Unresolved reference 'performRequest'.
e: file:///<home>/Desktop/code/moblin-android/app/src/main/java/com/moblin/android/moblink/MoblinkStreamer.kt:293:27 Cannot infer type for this parameter. Specify it explicitly.
e: file:///<home>/Desktop/code/moblin-android/app/src/main/java/com/moblin/android/moblink/MoblinkStreamer.kt:295:31 Argument type mismatch: actual type is 'String', but 'UUID' was expected.
e: file:///<home>/Desktop/code/moblin-android/app/src/main/java/com/moblin/android/moblink/MoblinkStreamer.kt:295:31 Cannot access 'var relayId: String': it is private in file.
e: file:///<home>/Desktop/code/moblin-android/app/src/main/java/com/moblin/android/moblink/MoblinkStreamer.kt:298:25 Cannot infer type for this parameter. Specify it explicitly.
e: file:///<home>/Desktop/code/moblin-android/app/src/main/java/com/moblin/android/moblink/MoblinkStreamer.kt:305:57 Unresolved reference 'challenge'.
e: file:///<home>/Desktop/code/moblin-android/app/src/main/java/com/moblin/android/moblink/MoblinkStreamer.kt:305:68 Unresolved reference 'salt'.
e: file:///<home>/Desktop/code/moblin-android/app/src/main/java/com/moblin/android/moblink/MoblinkStreamer.kt:306:13 Unresolved reference 'streamer'.
e: file:///<home>/Desktop/code/moblin-android/app/src/main/java/com/moblin/android/moblink/MoblinkStreamer.kt:307:18 Unresolved reference 'relayId'.
e: file:///<home>/Desktop/code/moblin-android/app/src/main/java/com/moblin/android/moblink/MoblinkStreamer.kt:308:18 'val' cannot be reassigned.
e: file:///<home>/Desktop/code/moblin-android/app/src/main/java/com/moblin/android/moblink/MoblinkStreamer.kt:309:13 Unresolved reference 'identified'.
e: file:///<home>/Desktop/code/moblin-android/app/src/main/java/com/moblin/android/moblink/MoblinkStreamer.kt:310:13 Unresolved reference 'send'.
e: file:///<home>/Desktop/code/moblin-android/app/src/main/java/com/moblin/android/moblink/MoblinkStreamer.kt:311:13 Unresolved reference 'startTunnelInternal'.
e: file:///<home>/Desktop/code/moblin-android/app/src/main/java/com/moblin/android/moblink/MoblinkStreamer.kt:312:13 Unresolved reference 'updateStatus'.
e: file:///<home>/Desktop/code/moblin-android/app/src/main/java/com/moblin/android/moblink/MoblinkStreamer.kt:314:13 Unresolved reference 'send'.
e: file:///<home>/Desktop/code/moblin-android/app/src/main/java/com/moblin/android/moblink/MoblinkStreamer.kt:320:14 Unresolved reference 'identified'.
e: file:///<home>/Desktop/code/moblin-android/app/src/main/java/com/moblin/android/moblink/MoblinkStreamer.kt:323:23 Unresolved reference 'requests'.
e: file:///<home>/Desktop/code/moblin-android/app/src/main/java/com/moblin/android/moblink/MoblinkStreamer.kt:329:41 Unresolved reference 'onSuccess'.
e: file:///<home>/Desktop/code/moblin-android/app/src/main/java/com/moblin/android/moblink/MoblinkStreamer.kt:330:52 Unresolved reference 'onError'.
e: file:///<home>/Desktop/code/moblin-android/app/src/main/java/com/moblin/android/moblink/MoblinkStreamer.kt:342:18 Unresolved reference 'getNextId'.
e: file:///<home>/Desktop/code/moblin-android/app/src/main/java/com/moblin/android/moblink/MoblinkStreamer.kt:343:9 Unresolved reference 'requests'.
e: file:///<home>/Desktop/code/moblin-android/app/src/main/java/com/moblin/android/moblink/MoblinkStreamer.kt:344:9 Unresolved reference 'send'.
e: file:///<home>/Desktop/code/moblin-android/app/src/main/java/com/moblin/android/moblink/MoblinkStreamer.kt:348:9 Unresolved reference 'nextId'.
e: file:///<home>/Desktop/code/moblin-android/app/src/main/java/com/moblin/android/moblink/MoblinkStreamer.kt:349:16 Unresolved reference 'nextId'.
e: file:///<home>/Desktop/code/moblin-android/app/src/main/java/com/moblin/android/moblink/MoblinkStreamer.kt:354:9 Unresolved reference 'webSocket'.
e: file:///<home>/Desktop/code/moblin-android/app/src/main/java/com/moblin/android/moblink/MoblinkStreamer.kt:408:45 Unresolved reference 'relayId'.
e: file:///<home>/Desktop/code/moblin-android/app/src/main/java/com/moblin/android/moblink/MoblinkStreamer.kt:409:15 Unresolved reference 'restartTunnel'.
e: file:///<home>/Desktop/code/moblin-android/app/src/main/java/com/moblin/android/moblink/MoblinkStreamer.kt:416:19 Unresolved reference 'startTunnel'.
e: file:///<home>/Desktop/code/moblin-android/app/src/main/java/com/moblin/android/moblink/MoblinkStreamer.kt:424:19 Unresolved reference 'stopTunnel'.
e: file:///<home>/Desktop/code/moblin-android/app/src/main/java/com/moblin/android/moblink/MoblinkStreamer.kt:430:28 Cannot access 'val name: String': it is private in 'com/moblin/android/moblink/MoblinkRelay'.
e: file:///<home>/Desktop/code/moblin-android/app/src/main/java/com/moblin/android/moblink/MoblinkStreamer.kt:431:30 Cannot access 'val name: String': it is private in 'com/moblin/android/moblink/MoblinkRelay'.
e: file:///<home>/Desktop/code/moblin-android/app/src/main/java/com/moblin/android/moblink/MoblinkStreamer.kt:431:39 Unresolved reference 'batteryPercentage'.
e: file:///<home>/Desktop/code/moblin-android/app/src/main/java/com/moblin/android/moblink/MoblinkStreamer.kt:431:61 Unresolved reference 'thermalState'.
e: file:///<home>/Desktop/code/moblin-android/app/src/main/java/com/moblin/android/moblink/MoblinkStreamer.kt:436:19 Unresolved reference 'updateStatus'.
e: file:///<home>/Desktop/code/moblin-android/app/src/main/java/com/moblin/android/moblink/MoblinkStreamer.kt:489:34 No parameter with name 'webSocket' found.
e: file:///<home>/Desktop/code/moblin-android/app/src/main/java/com/moblin/android/moblink/MoblinkStreamer.kt:489:79 No parameter with name 'streamer' found.
e: file:///<home>/Desktop/code/moblin-android/app/src/main/java/com/moblin/android/moblink/MoblinkStreamer.kt:489:79 No value passed for parameter 'name'.
e: file:///<home>/Desktop/code/moblin-android/app/src/main/java/com/moblin/android/moblink/MoblinkStreamer.kt:489:79 No value passed for parameter 'streamerUrl'.
e: file:///<home>/Desktop/code/moblin-android/app/src/main/java/com/moblin/android/moblink/MoblinkStreamer.kt:489:79 No value passed for parameter 'delegate'.
e: file:///<home>/Desktop/code/moblin-android/app/src/main/java/com/moblin/android/moblink/MoblinkStreamer.kt:495:19 Unresolved reference 'startTunnel'.
e: file:///<home>/Desktop/code/moblin-android/app/src/main/java/com/moblin/android/moblink/MoblinkStreamer.kt:500:45 Unresolved reference 'relayId'.
e: file:///<home>/Desktop/code/moblin-android/app/src/main/java/com/moblin/android/moblink/MoblinkStreamer.kt:502:67 Cannot access 'val name: String': it is private in 'com/moblin/android/moblink/MoblinkRelay'.
e: file:///<home>/Desktop/code/moblin-android/app/src/main/java/com/moblin/android/moblink/MoblinkStreamer.kt:505:31 Unresolved reference 'relayId'.
e: file:///<home>/Desktop/code/moblin-android/app/src/main/java/com/moblin/android/moblink/MoblinkStreamer.kt:509:33 Unresolved reference 'webSocket'.
e: file:///<home>/Desktop/code/moblin-android/app/src/main/java/com/moblin/android/moblink/MoblinkStreamer.kt:509:60 Unresolved reference 'pongReceived'.
e: file:///<home>/Desktop/code/moblin-android/app/src/main/java/com/moblin/android/moblink/MoblinkStreamer.kt:514:33 Unresolved reference 'webSocket'.
e: file:///<home>/Desktop/code/moblin-android/app/src/main/java/com/moblin/android/moblink/MoblinkStreamer.kt:515:31 Unresolved reference 'webSocket'.
e: file:///<home>/Desktop/code/moblin-android/app/src/main/java/com/moblin/android/moblink/MoblinkStreamer.kt:545:45 Unresolved reference 'webSocket'.
e: file:///<home>/Desktop/code/moblin-android/app/src/main/java/com/moblin/android/moblink/MoblinkStreamer.kt:546:15 Unresolved reference 'handleStringMessage'.
e: file:///<home>/Desktop/code/moblin-android/app/src/main/java/com/moblin/android/obs/ObsWebSocket.kt:523:62 Argument type mismatch: actual type is 'String', but 'Context' was expected.
e: file:///<home>/Desktop/code/moblin-android/app/src/main/java/com/moblin/android/obs/ObsWebSocket.kt:523:67 Argument type mismatch: actual type is 'Boolean', but 'String' was expected.
e: file:///<home>/Desktop/code/moblin-android/app/src/main/java/com/moblin/android/obs/ObsWebSocket.kt:543:37 Argument type mismatch: actual type is 'String', but 'Context' was expected.
e: file:///<home>/Desktop/code/moblin-android/app/src/main/java/com/moblin/android/obs/ObsWebSocket.kt:543:42 Argument type mismatch: actual type is 'Boolean', but 'String' was expected.
e: file:///<home>/Desktop/code/moblin-android/app/src/main/java/com/moblin/android/remotecontrol/RemoteControl.kt:931:39 Unresolved reference 'fireworks'.
e: file:///<home>/Desktop/code/moblin-android/app/src/main/java/com/moblin/android/remotecontrol/RemoteControl.kt:932:38 Unresolved reference 'balloons'.
e: file:///<home>/Desktop/code/moblin-android/app/src/main/java/com/moblin/android/remotecontrol/RemoteControl.kt:933:36 Unresolved reference 'hearts'.
e: file:///<home>/Desktop/code/moblin-android/app/src/main/java/com/moblin/android/remotecontrol/RemoteControl.kt:934:38 Unresolved reference 'confetti'.
e: file:///<home>/Desktop/code/moblin-android/app/src/main/java/com/moblin/android/remotecontrol/RemoteControl.kt:935:36 Unresolved reference 'lasers'.
e: file:///<home>/Desktop/code/moblin-android/app/src/main/java/com/moblin/android/remotecontrol/RemoteControl.kt:936:34 Unresolved reference 'rain'.
e: file:///<home>/Desktop/code/moblin-android/app/src/main/java/com/moblin/android/remotecontrol/RemoteControl.kt:937:37 Unresolved reference 'glasses'.
e: file:///<home>/Desktop/code/moblin-android/app/src/main/java/com/moblin/android/remotecontrol/RemoteControl.kt:938:37 Unresolved reference 'sparkle'.
e: file:///<home>/Desktop/code/moblin-android/app/src/main/java/com/moblin/android/remotecontrol/RemoteControlAssistant.kt:846:24 Argument type mismatch: actual type is 'String', but 'Platform' was expected.
e: file:///<home>/Desktop/code/moblin-android/app/src/main/java/com/moblin/android/remotecontrol/RemoteControlRelay.kt:26:71 Argument type mismatch: actual type is 'String', but 'Context' was expected.
e: file:///<home>/Desktop/code/moblin-android/app/src/main/java/com/moblin/android/remotecontrol/RemoteControlRelay.kt:26:71 No value passed for parameter 'url'.
e: file:///<home>/Desktop/code/moblin-android/app/src/main/java/com/moblin/android/remotecontrol/RemoteControlRelay.kt:27:71 Argument type mismatch: actual type is 'String', but 'Context' was expected.
e: file:///<home>/Desktop/code/moblin-android/app/src/main/java/com/moblin/android/remotecontrol/RemoteControlRelay.kt:27:71 No value passed for parameter 'url'.
e: file:///<home>/Desktop/code/moblin-android/app/src/main/java/com/moblin/android/remotecontrol/RemoteControlRelay.kt:31:46 Argument type mismatch: actual type is 'String', but 'Context' was expected.
e: file:///<home>/Desktop/code/moblin-android/app/src/main/java/com/moblin/android/remotecontrol/RemoteControlRelay.kt:31:46 No value passed for parameter 'url'.
e: file:///<home>/Desktop/code/moblin-android/app/src/main/java/com/moblin/android/remotecontrol/RemoteControlRelay.kt:42:46 Argument type mismatch: actual type is 'String', but 'Context' was expected.
e: file:///<home>/Desktop/code/moblin-android/app/src/main/java/com/moblin/android/remotecontrol/RemoteControlRelay.kt:42:60 No value passed for parameter 'url'.
e: file:///<home>/Desktop/code/moblin-android/app/src/main/java/com/moblin/android/remotecontrol/RemoteControlRelay.kt:72:69 Argument type mismatch: actual type is 'String', but 'Context' was expected.
e: file:///<home>/Desktop/code/moblin-android/app/src/main/java/com/moblin/android/remotecontrol/RemoteControlRelay.kt:72:69 No value passed for parameter 'url'.
e: file:///<home>/Desktop/code/moblin-android/app/src/main/java/com/moblin/android/remotecontrol/RemoteControlRelay.kt:77:44 Argument type mismatch: actual type is 'String', but 'Context' was expected.
e: file:///<home>/Desktop/code/moblin-android/app/src/main/java/com/moblin/android/remotecontrol/RemoteControlRelay.kt:77:44 No value passed for parameter 'url'.
e: file:///<home>/Desktop/code/moblin-android/app/src/main/java/com/moblin/android/remotecontrol/RemoteControlStreamer.kt:101:37 Argument type mismatch: actual type is 'String', but 'Context' was expected.
e: file:///<home>/Desktop/code/moblin-android/app/src/main/java/com/moblin/android/remotecontrol/RemoteControlStreamer.kt:101:37 No value passed for parameter 'url'.
e: file:///<home>/Desktop/code/moblin-android/app/src/main/java/com/moblin/android/remotecontrol/RemoteControlStreamer.kt:121:37 Argument type mismatch: actual type is 'String', but 'Context' was expected.
e: file:///<home>/Desktop/code/moblin-android/app/src/main/java/com/moblin/android/remotecontrol/RemoteControlStreamer.kt:121:48 Argument type mismatch: actual type is 'Boolean', but 'String' was expected.
e: file:///<home>/Desktop/code/moblin-android/app/src/main/java/com/moblin/android/remotecontrol/RemoteControlStreamer.kt:256:33 Unresolved reference 'OK'.
e: file:///<home>/Desktop/code/moblin-android/app/src/main/java/com/moblin/android/remotecontrol/RemoteControlStreamer.kt:262:33 Unresolved reference 'WRONG_PASSWORD'.
e: file:///<home>/Desktop/code/moblin-android/app/src/main/java/com/moblin/android/remotecontrol/RemoteControlStreamer.kt:284:45 Unresolved reference 'OK'.
e: file:///<home>/Desktop/code/moblin-android/app/src/main/java/com/moblin/android/remotecontrol/RemoteControlStreamer.kt:294:45 Unresolved reference 'OK'.
e: file:///<home>/Desktop/code/moblin-android/app/src/main/java/com/moblin/android/remotecontrol/RemoteControlStreamer.kt:420:45 Unresolved reference 'OK'.
e: file:///<home>/Desktop/code/moblin-android/app/src/main/java/com/moblin/android/remotecontrol/RemoteControlStreamer.kt:455:49 Unresolved reference 'OK'.
e: file:///<home>/Desktop/code/moblin-android/app/src/main/java/com/moblin/android/remotecontrol/RemoteControlStreamer.kt:500:64 Unresolved reference 'OK'.
e: file:///<home>/Desktop/code/moblin-android/app/src/main/java/com/moblin/android/remotecontrol/RemoteControlStreamer.kt:500:92 Unresolved reference 'ERROR'.
e: file:///<home>/Desktop/code/moblin-android/app/src/main/java/com/moblin/android/remotecontrol/RemoteControlStreamer.kt:530:79 Unresolved reference 'OK'.
e: file:///<home>/Desktop/code/moblin-android/app/src/main/java/com/moblin/android/remotecontrol/RemoteControlWeb.kt:462:54 Unresolved reference 'OK'.
e: file:///<home>/Desktop/code/moblin-android/app/src/main/java/com/moblin/android/remotecontrol/RemoteControlWeb.kt:477:54 Unresolved reference 'OK'.
e: file:///<home>/Desktop/code/moblin-android/app/src/main/java/com/moblin/android/remotecontrol/RemoteControlWeb.kt:576:54 Unresolved reference 'OK'.
e: file:///<home>/Desktop/code/moblin-android/app/src/main/java/com/moblin/android/remotecontrol/RemoteControlWeb.kt:607:54 Unresolved reference 'OK'.
e: file:///<home>/Desktop/code/moblin-android/app/src/main/java/com/moblin/android/remotecontrol/RemoteControlWeb.kt:659:46 Unresolved reference 'OK'.
e: file:///<home>/Desktop/code/moblin-android/app/src/main/java/com/moblin/android/streamingplatforms/kick/KickApi.kt:85:45 Unresolved reference 'OWNER'.
e: file:///<home>/Desktop/code/moblin-android/app/src/main/java/com/moblin/android/streamingplatforms/kick/KickApi.kt:86:37 Unresolved reference 'STAFF'.
e: file:///<home>/Desktop/code/moblin-android/app/src/main/java/com/moblin/android/streamingplatforms/kick/KickApi.kt:87:41 Unresolved reference 'MODERATOR'.
e: file:///<home>/Desktop/code/moblin-android/app/src/main/java/com/moblin/android/streamingplatforms/kick/KickApi.kt:88:33 Unresolved reference 'VIEWER'.
e: file:///<home>/Desktop/code/moblin-android/app/src/main/java/com/moblin/android/streamingplatforms/kick/KickPusher.kt:314:62 Argument type mismatch: actual type is 'String', but 'Context' was expected.
e: file:///<home>/Desktop/code/moblin-android/app/src/main/java/com/moblin/android/streamingplatforms/kick/KickPusher.kt:314:62 No value passed for parameter 'url'.
e: file:///<home>/Desktop/code/moblin-android/app/src/main/java/com/moblin/android/streamingplatforms/kick/KickPusher.kt:337:37 Argument type mismatch: actual type is 'String', but 'Context' was expected.
e: file:///<home>/Desktop/code/moblin-android/app/src/main/java/com/moblin/android/streamingplatforms/kick/KickPusher.kt:337:37 No value passed for parameter 'url'.
e: file:///<home>/Desktop/code/moblin-android/app/src/main/java/com/moblin/android/streamingplatforms/twitch/TwitchChat.kt:463:62 Argument type mismatch: actual type is 'String', but 'Context' was expected.
e: file:///<home>/Desktop/code/moblin-android/app/src/main/java/com/moblin/android/streamingplatforms/twitch/TwitchChat.kt:463:62 No value passed for parameter 'url'.
e: file:///<home>/Desktop/code/moblin-android/app/src/main/java/com/moblin/android/streamingplatforms/twitch/TwitchChat.kt:490:37 Argument type mismatch: actual type is 'String', but 'Context' was expected.
e: file:///<home>/Desktop/code/moblin-android/app/src/main/java/com/moblin/android/streamingplatforms/twitch/TwitchChat.kt:490:37 No value passed for parameter 'url'.
e: file:///<home>/Desktop/code/moblin-android/app/src/main/java/com/moblin/android/streamingplatforms/twitch/TwitchEventSub.kt:542:37 Argument type mismatch: actual type is 'String', but 'Context' was expected.
e: file:///<home>/Desktop/code/moblin-android/app/src/main/java/com/moblin/android/streamingplatforms/twitch/TwitchEventSub.kt:542:37 No value passed for parameter 'url'.
e: file:///<home>/Desktop/code/moblin-android/app/src/main/java/com/moblin/android/streamingplatforms/twitch/TwitchEventSub.kt:596:37 Argument type mismatch: actual type is 'String', but 'Context' was expected.
e: file:///<home>/Desktop/code/moblin-android/app/src/main/java/com/moblin/android/streamingplatforms/twitch/TwitchEventSub.kt:596:37 No value passed for parameter 'url'.
e: file:///<home>/Desktop/code/moblin-android/app/src/main/java/com/moblin/android/various/Media.kt:114:1 Class 'Media' is not abstract and does not implement abstract members:
fun whipStreamStartEncoding(audioDelegate: AudioEncoderDelegate, videoDelegate: VideoEncoderDelegate): Unit
fun whipStreamStopEncoding(audioDelegate: AudioEncoderDelegate, videoDelegate: VideoEncoderDelegate): Unit
e: file:///<home>/Desktop/code/moblin-android/app/src/main/java/com/moblin/android/various/Media.kt:211:29 Argument type mismatch: actual type is 'CoroutineScope', but 'CoroutineDispatcher' was expected.
e: file:///<home>/Desktop/code/moblin-android/app/src/main/java/com/moblin/android/various/Media.kt:219:33 Argument type mismatch: actual type is 'CoroutineScope', but 'CoroutineDispatcher' was expected.
e: file:///<home>/Desktop/code/moblin-android/app/src/main/java/com/moblin/android/various/Media.kt:352:32 No parameter with name 'host' found.
e: file:///<home>/Desktop/code/moblin-android/app/src/main/java/com/moblin/android/various/Media.kt:352:45 No parameter with name 'port' found.
e: file:///<home>/Desktop/code/moblin-android/app/src/main/java/com/moblin/android/various/Media.kt:352:67 No value passed for parameter 'endpoint'.
e: file:///<home>/Desktop/code/moblin-android/app/src/main/java/com/moblin/android/various/Media.kt:357:35 No parameter with name 'host' found.
e: file:///<home>/Desktop/code/moblin-android/app/src/main/java/com/moblin/android/various/Media.kt:357:48 No parameter with name 'port' found.
e: file:///<home>/Desktop/code/moblin-android/app/src/main/java/com/moblin/android/various/Media.kt:357:48 No value passed for parameter 'endpoint'.
e: file:///<home>/Desktop/code/moblin-android/app/src/main/java/com/moblin/android/various/Media.kt:368:35 Assignment type mismatch: actual type is 'AdaptiveBitrateSrtFight', but 'AdaptiveBitrate?' was expected.
e: file:///<home>/Desktop/code/moblin-android/app/src/main/java/com/moblin/android/various/Media.kt:371:35 Assignment type mismatch: actual type is 'AdaptiveBitrateSrtBelabox', but 'AdaptiveBitrate?' was expected.
e: file:///<home>/Desktop/code/moblin-android/app/src/main/java/com/moblin/android/various/Media.kt:459:110 Unresolved reference 'numberOfFailedEncodings'.
e: file:///<home>/Desktop/code/moblin-android/app/src/main/java/com/moblin/android/various/Media.kt:489:106 Unresolved reference 'numberOfFailedEncodings'.
e: file:///<home>/Desktop/code/moblin-android/app/src/main/java/com/moblin/android/various/Media.kt:584:23 None of the following candidates is applicable:
fun times(other: Int): Int
fun times(other: Byte): Int
fun times(other: Short): Int
fun times(other: Long): Long
fun times(other: Float): Float
fun times(other: Double): Double
e: file:///<home>/Desktop/code/moblin-android/app/src/main/java/com/moblin/android/various/Media.kt:658:31 Assignment type mismatch: actual type is 'AdaptiveBitrateSrtFight', but 'AdaptiveBitrate?' was expected.
e: file:///<home>/Desktop/code/moblin-android/app/src/main/java/com/moblin/android/various/Media.kt:685:31 Assignment type mismatch: actual type is 'AdaptiveBitrateRistExperiment', but 'AdaptiveBitrate?' was expected.
e: file:///<home>/Desktop/code/moblin-android/app/src/main/java/com/moblin/android/various/Media.kt:861:47 Argument type mismatch: actual type is 'ColorSpace', but 'Int' was expected.
e: file:///<home>/Desktop/code/moblin-android/app/src/main/java/com/moblin/android/various/Media.kt:930:66 No parameter with name 'thresholdsFactor' found.
e: file:///<home>/Desktop/code/moblin-android/app/src/main/java/com/moblin/android/various/Media.kt:930:66 No value passed for parameter 'factor'.
e: file:///<home>/Desktop/code/moblin-android/app/src/main/java/com/moblin/android/various/Media.kt:945:44 Assignment type mismatch: actual type is 'Map<Int, Int>', but 'MutableMap<Int, Int>' was expected.
e: file:///<home>/Desktop/code/moblin-android/app/src/main/java/com/moblin/android/various/Media.kt:1012:35 Argument type mismatch: actual type is 'Map<UUID, com.moblin.android.media.haishinkit.media.video.PreviewView>', but 'Map<UUID, androidx.camera.view.PreviewView>' was expected.
e: file:///<home>/Desktop/code/moblin-android/app/src/main/java/com/moblin/android/various/Media.kt:1017:47 Argument type mismatch: actual type is 'SettingsVideoStabilizationMode', but 'Int' was expected.
e: file:///<home>/Desktop/code/moblin-android/app/src/main/java/com/moblin/android/various/Media.kt:1081:41 Argument type mismatch: actual type is 'String?', but 'URI?' was expected.
e: file:///<home>/Desktop/code/moblin-android/app/src/main/java/com/moblin/android/various/Media.kt:1092:33 Argument type mismatch: actual type is 'String?', but 'URI?' was expected.
e: file:///<home>/Desktop/code/moblin-android/app/src/main/java/com/moblin/android/various/Media.kt:1210:24 Argument type mismatch: actual type is 'CoroutineScope', but 'CoroutineContext' was expected.
e: file:///<home>/Desktop/code/moblin-android/app/src/main/java/com/moblin/android/various/Media.kt:1215:25 No parameter with name 'url' found.
e: file:///<home>/Desktop/code/moblin-android/app/src/main/java/com/moblin/android/various/Media.kt:1222:25 No parameter with name 'onPacket' found.
e: file:///<home>/Desktop/code/moblin-android/app/src/main/java/com/moblin/android/various/Media.kt:1222:25 No value passed for parameter 'uri'.
e: file:///<home>/Desktop/code/moblin-android/app/src/main/java/com/moblin/android/various/Media.kt:1222:25 No value passed for parameter 'sendHook'.
e: file:///<home>/Desktop/code/moblin-android/app/src/main/java/com/moblin/android/various/Media.kt:1222:38 Cannot infer type for this parameter. Specify it explicitly.
e: file:///<home>/Desktop/code/moblin-android/app/src/main/java/com/moblin/android/various/Media.kt:1245:31 Argument type mismatch: actual type is 'Int', but 'UShort' was expected.
e: file:///<home>/Desktop/code/moblin-android/app/src/main/java/com/moblin/android/various/Media.kt:1354:5 'whipStreamStartEncoding' overrides nothing. Potential signatures for overriding:
fun whipStreamStartEncoding(audioDelegate: AudioEncoderDelegate, videoDelegate: VideoEncoderDelegate): Unit
e: file:///<home>/Desktop/code/moblin-android/app/src/main/java/com/moblin/android/various/Media.kt:1357:24 Argument type mismatch: actual type is 'CoroutineScope', but 'CoroutineContext' was expected.
e: file:///<home>/Desktop/code/moblin-android/app/src/main/java/com/moblin/android/various/Media.kt:1358:49 Argument type mismatch: actual type is 'T (of fun <T : AudioEncoderDelegate, VideoEncoderDelegate> whipStreamStartEncoding)', but 'AudioVideoEncoderDelegate' was expected.
e: file:///<home>/Desktop/code/moblin-android/app/src/main/java/com/moblin/android/various/Media.kt:1362:5 'whipStreamStopEncoding' overrides nothing. Potential signatures for overriding:
fun whipStreamStopEncoding(audioDelegate: AudioEncoderDelegate, videoDelegate: VideoEncoderDelegate): Unit
e: file:///<home>/Desktop/code/moblin-android/app/src/main/java/com/moblin/android/various/Media.kt:1365:24 Argument type mismatch: actual type is 'CoroutineScope', but 'CoroutineContext' was expected.
e: file:///<home>/Desktop/code/moblin-android/app/src/main/java/com/moblin/android/various/Media.kt:1366:48 Argument type mismatch: actual type is 'T (of fun <T : AudioEncoderDelegate, VideoEncoderDelegate> whipStreamStopEncoding)', but 'AudioVideoEncoderDelegate' was expected.
e: file:///<home>/Desktop/code/moblin-android/app/src/main/java/com/moblin/android/various/Media.kt:1381:24 Argument type mismatch: actual type is 'CoroutineScope', but 'CoroutineContext' was expected.
e: file:///<home>/Desktop/code/moblin-android/app/src/main/java/com/moblin/android/various/Media.kt:1382:49 Argument type mismatch: actual type is 'T (of fun <T : AudioEncoderDelegate, VideoEncoderDelegate> mobcamStreamStartEncoding)', but 'AudioVideoEncoderDelegate' was expected.
e: file:///<home>/Desktop/code/moblin-android/app/src/main/java/com/moblin/android/various/Media.kt:1389:24 Argument type mismatch: actual type is 'CoroutineScope', but 'CoroutineContext' was expected.
e: file:///<home>/Desktop/code/moblin-android/app/src/main/java/com/moblin/android/various/Media.kt:1390:48 Argument type mismatch: actual type is 'T (of fun <T : AudioEncoderDelegate, VideoEncoderDelegate> mobcamStreamStopEncoding)', but 'AudioVideoEncoderDelegate' was expected.
e: file:///<home>/Desktop/code/moblin-android/app/src/main/java/com/moblin/android/various/Media.kt:1395:9 Class 'PreviewStreamHandler' is not abstract and does not implement abstract members:
fun whipStreamStartEncoding(audioDelegate: AudioEncoderDelegate, videoDelegate: VideoEncoderDelegate): Unit
fun whipStreamStopEncoding(audioDelegate: AudioEncoderDelegate, videoDelegate: VideoEncoderDelegate): Unit
e: file:///<home>/Desktop/code/moblin-android/app/src/main/java/com/moblin/android/various/Media.kt:1424:40 Argument type mismatch: actual type is 'Int', but 'Double' was expected.
e: file:///<home>/Desktop/code/moblin-android/app/src/main/java/com/moblin/android/various/Media.kt:1447:5 'whipStreamStartEncoding' overrides nothing. Potential signatures for overriding:
fun whipStreamStartEncoding(audioDelegate: AudioEncoderDelegate, videoDelegate: VideoEncoderDelegate): Unit
e: file:///<home>/Desktop/code/moblin-android/app/src/main/java/com/moblin/android/various/Media.kt:1457:47 Argument type mismatch: actual type is 'T (of fun <T : AudioEncoderDelegate, VideoEncoderDelegate> whipStreamStartEncoding)', but 'AudioVideoEncoderDelegate' was expected.
e: file:///<home>/Desktop/code/moblin-android/app/src/main/java/com/moblin/android/various/Media.kt:1460:5 'whipStreamStopEncoding' overrides nothing. Potential signatures for overriding:
fun whipStreamStopEncoding(audioDelegate: AudioEncoderDelegate, videoDelegate: VideoEncoderDelegate): Unit
e: file:///<home>/Desktop/code/moblin-android/app/src/main/java/com/moblin/android/various/model/Model.kt:106:52 Unresolved reference 'BrowserEffect'.
e: file:///<home>/Desktop/code/moblin-android/app/src/main/java/com/moblin/android/various/model/Model.kt:277:24 Cannot infer type for this parameter. Specify it explicitly.
e: file:///<home>/Desktop/code/moblin-android/app/src/main/java/com/moblin/android/various/model/Model.kt:277:41 Unresolved reference 'getThermalState'.
e: file:///<home>/Desktop/code/moblin-android/app/src/main/java/com/moblin/android/various/model/Model.kt:281:84 Unresolved reference 'IpType'.
e: file:///<home>/Desktop/code/moblin-android/app/src/main/java/com/moblin/android/various/model/Model.kt:373:39 Unresolved reference 'DrawOnStreamLine'.
e: file:///<home>/Desktop/code/moblin-android/app/src/main/java/com/moblin/android/various/model/Model.kt:373:58 Cannot infer type for this parameter. Specify it explicitly.
e: file:///<home>/Desktop/code/moblin-android/app/src/main/java/com/moblin/android/various/model/Model.kt:373:58 Argument type mismatch: actual type is 'List<T (of fun <T> emptyList)>', but 'List<ERROR CLASS: Symbol not found for DrawOnStreamLine>' was expected.
e: file:///<home>/Desktop/code/moblin-android/app/src/main/java/com/moblin/android/various/model/Model.kt:374:25 Cannot infer type for this parameter. Specify it explicitly.
e: file:///<home>/Desktop/code/moblin-android/app/src/main/java/com/moblin/android/various/model/Model.kt:374:48 Unresolved reference 'Pink'.
e: file:///<home>/Desktop/code/moblin-android/app/src/main/java/com/moblin/android/various/model/Model.kt:409:68 Unresolved reference 'controlBarPages'.
e: file:///<home>/Desktop/code/moblin-android/app/src/main/java/com/moblin/android/various/model/Model.kt:584:40 No value passed for parameter 'context'.
e: file:///<home>/Desktop/code/moblin-android/app/src/main/java/com/moblin/android/various/model/Model.kt:585:55 No value passed for parameter 'context'.
e: file:///<home>/Desktop/code/moblin-android/app/src/main/java/com/moblin/android/various/model/Model.kt:586:29 Unresolved reference 'CameraPreviewUiView'.
e: file:///<home>/Desktop/code/moblin-android/app/src/main/java/com/moblin/android/various/model/Model.kt:589:39 Unresolved reference 'TextEffect'.
e: file:///<home>/Desktop/code/moblin-android/app/src/main/java/com/moblin/android/various/model/Model.kt:589:53 Cannot infer type for this parameter. Specify it explicitly.
e: file:///<home>/Desktop/code/moblin-android/app/src/main/java/com/moblin/android/various/model/Model.kt:591:42 Unresolved reference 'BrowserEffect'.
e: file:///<home>/Desktop/code/moblin-android/app/src/main/java/com/moblin/android/various/model/Model.kt:591:59 Cannot infer type for this parameter. Specify it explicitly.
e: file:///<home>/Desktop/code/moblin-android/app/src/main/java/com/moblin/android/various/model/Model.kt:600:45 Unresolved reference 'ScoreboardEffect'.
e: file:///<home>/Desktop/code/moblin-android/app/src/main/java/com/moblin/android/various/model/Model.kt:600:65 Cannot infer type for this parameter. Specify it explicitly.
e: file:///<home>/Desktop/code/moblin-android/app/src/main/java/com/moblin/android/various/model/Model.kt:601:41 Unresolved reference 'VTuberEffect'.
e: file:///<home>/Desktop/code/moblin-android/app/src/main/java/com/moblin/android/various/model/Model.kt:601:57 Cannot infer type for this parameter. Specify it explicitly.
e: file:///<home>/Desktop/code/moblin-android/app/src/main/java/com/moblin/android/various/model/Model.kt:731:9 'public' property exposes its 'internal' type 'ReplayFrameExtractor'.
e: file:///<home>/Desktop/code/moblin-android/app/src/main/java/com/moblin/android/various/model/Model.kt:732:9 'public' property exposes its 'internal' type 'ReplayBufferFile'.
e: file:///<home>/Desktop/code/moblin-android/app/src/main/java/com/moblin/android/various/model/Model.kt:733:9 'public' property exposes its 'internal' type 'ReplayBuffer'.
e: file:///<home>/Desktop/code/moblin-android/app/src/main/java/com/moblin/android/various/model/Model.kt:754:38 No value passed for parameter 'context'.
e: file:///<home>/Desktop/code/moblin-android/app/src/main/java/com/moblin/android/various/model/Model.kt:760:21 Unresolved reference 'CrtEffect'.
e: file:///<home>/Desktop/code/moblin-android/app/src/main/java/com/moblin/android/various/model/Model.kt:766:75 Argument type mismatch: actual type is 'Float', but 'Double' was expected.
e: file:///<home>/Desktop/code/moblin-android/app/src/main/java/com/moblin/android/various/model/Model.kt:771:43 Argument type mismatch: actual type is 'Int', but 'Float' was expected.
e: file:///<home>/Desktop/code/moblin-android/app/src/main/java/com/moblin/android/various/model/Model.kt:773:35 No value passed for parameter 'context'.
e: file:///<home>/Desktop/code/moblin-android/app/src/main/java/com/moblin/android/various/model/Model.kt:777:44 No value passed for parameter 'context'.
e: file:///<home>/Desktop/code/moblin-android/app/src/main/java/com/moblin/android/various/model/Model.kt:857:44 Assignment type mismatch: actual type is 'Int', but 'Double' was expected.
e: file:///<home>/Desktop/code/moblin-android/app/src/main/java/com/moblin/android/various/model/Model.kt:918:38 Assignment type mismatch: actual type is 'MutableStateFlow<Boolean>', but 'Boolean' was expected.
e: file:///<home>/Desktop/code/moblin-android/app/src/main/java/com/moblin/android/various/model/Model.kt:1024:30 Unresolved reference 'controlBarPages'.
e: file:///<home>/Desktop/code/moblin-android/app/src/main/java/com/moblin/android/various/model/Model.kt:1026:17 Condition type mismatch: inferred type is 'MutableStateFlow<Boolean>' but 'Boolean' was expected.
e: file:///<home>/Desktop/code/moblin-android/app/src/main/java/com/moblin/android/various/model/Model.kt:1026:35 Operator '==' cannot be applied to 'MutableStateFlow<Int>' and 'Int'.
e: file:///<home>/Desktop/code/moblin-android/app/src/main/java/com/moblin/android/various/model/Model.kt:1073:34 Argument type mismatch: actual type is 'Model', but 'MediaDelegate' was expected.
e: file:///<home>/Desktop/code/moblin-android/app/src/main/java/com/moblin/android/various/model/Model.kt:1085:27 'val' cannot be reassigned.
e: file:///<home>/Desktop/code/moblin-android/app/src/main/java/com/moblin/android/various/model/Model.kt:1085:47 Assignment type mismatch: actual type is 'UUID?', but 'MutableStateFlow<UUID?>' was expected.
e: file:///<home>/Desktop/code/moblin-android/app/src/main/java/com/moblin/android/various/model/Model.kt:1087:14 'val' cannot be reassigned.
e: file:///<home>/Desktop/code/moblin-android/app/src/main/java/com/moblin/android/various/model/Model.kt:1088:13 Assignment type mismatch: actual type is 'Any', but 'MutableStateFlow<Boolean>' was expected.
e: file:///<home>/Desktop/code/moblin-android/app/src/main/java/com/moblin/android/various/model/Model.kt:1089:26 'val' cannot be reassigned.
e: file:///<home>/Desktop/code/moblin-android/app/src/main/java/com/moblin/android/various/model/Model.kt:1091:13 Assignment type mismatch: actual type is 'Any', but 'Boolean' was expected.
e: file:///<home>/Desktop/code/moblin-android/app/src/main/java/com/moblin/android/various/model/Model.kt:1108:32 Unresolved reference. None of the following candidates is applicable because of a receiver type mismatch:
fun AVCaptureDevice.getUIZoomRange(hasUltraWideCamera: Boolean): Pair<Float, Float>
e: file:///<home>/Desktop/code/moblin-android/app/src/main/java/com/moblin/android/various/model/Model.kt:1111:47 Unresolved reference 'firstOrNull'.
e: file:///<home>/Desktop/code/moblin-android/app/src/main/java/com/moblin/android/various/model/Model.kt:1113:22 'val' cannot be reassigned.
e: file:///<home>/Desktop/code/moblin-android/app/src/main/java/com/moblin/android/various/model/Model.kt:1113:44 Unresolved reference 'id'.
e: file:///<home>/Desktop/code/moblin-android/app/src/main/java/com/moblin/android/various/model/Model.kt:1114:37 Unresolved reference 'x'.
e: file:///<home>/Desktop/code/moblin-android/app/src/main/java/com/moblin/android/various/model/Model.kt:1118:18 'val' cannot be reassigned.
e: file:///<home>/Desktop/code/moblin-android/app/src/main/java/com/moblin/android/various/model/Model.kt:1118:22 Assignment type mismatch: actual type is 'Float', but 'MutableStateFlow<Float>' was expected.
e: file:///<home>/Desktop/code/moblin-android/app/src/main/java/com/moblin/android/various/model/Model.kt:1122:14 'val' cannot be reassigned.
e: file:///<home>/Desktop/code/moblin-android/app/src/main/java/com/moblin/android/various/model/Model.kt:1122:30 Assignment type mismatch: actual type is 'UUID', but 'MutableStateFlow<UUID!>' was expected.
e: file:///<home>/Desktop/code/moblin-android/app/src/main/java/com/moblin/android/various/model/Model.kt:1127:44 Argument type mismatch: actual type is 'Model', but 'TwitchChatDelegate?' was expected.
e: file:///<home>/Desktop/code/moblin-android/app/src/main/java/com/moblin/android/various/model/Model.kt:1144:71 No value passed for parameter 'scope'.
e: file:///<home>/Desktop/code/moblin-android/app/src/main/java/com/moblin/android/various/model/Model.kt:1222:16 'val' cannot be reassigned.
e: file:///<home>/Desktop/code/moblin-android/app/src/main/java/com/moblin/android/various/model/Model.kt:1222:24 Assignment type mismatch: actual type is 'SettingsReplaySpeed', but 'MutableStateFlow<SettingsReplaySpeed?>' was expected.
e: file:///<home>/Desktop/code/moblin-android/app/src/main/java/com/moblin/android/various/model/Model.kt:1223:39 No parameter with name 'motionManager' found.
e: file:///<home>/Desktop/code/moblin-android/app/src/main/java/com/moblin/android/various/model/Model.kt:1223:39 No value passed for parameter 'sensorManager'.
e: file:///<home>/Desktop/code/moblin-android/app/src/main/java/com/moblin/android/various/model/Model.kt:1310:13 Condition type mismatch: inferred type is 'MutableStateFlow<Boolean>' but 'Boolean' was expected.
e: file:///<home>/Desktop/code/moblin-android/app/src/main/java/com/moblin/android/various/model/Model.kt:1311:13 Unresolved reference 'videoEncoderDataRateLimitFactor'.
e: file:///<home>/Desktop/code/moblin-android/app/src/main/java/com/moblin/android/various/model/Model.kt:1311:82 Unresolved reference 'toDouble'.
e: file:///<home>/Desktop/code/moblin-android/app/src/main/java/com/moblin/android/various/model/Model.kt:1313:13 Unresolved reference 'videoEncoderDataRateLimitFactor'.
e: file:///<home>/Desktop/code/moblin-android/app/src/main/java/com/moblin/android/various/model/Model.kt:1443:35 Argument type mismatch: actual type is 'Bitmap?', but 'Image?' was expected.
e: file:///<home>/Desktop/code/moblin-android/app/src/main/java/com/moblin/android/various/model/Model.kt:1444:29 Argument type mismatch: actual type is 'Bitmap?', but 'Image?' was expected.
e: file:///<home>/Desktop/code/moblin-android/app/src/main/java/com/moblin/android/various/model/Model.kt:1454:13 Operator '!=' cannot be applied to 'MutableStateFlow<Float>' and 'Double'.
e: file:///<home>/Desktop/code/moblin-android/app/src/main/java/com/moblin/android/various/model/Model.kt:1457:13 Condition type mismatch: inferred type is 'MutableStateFlow<Boolean>' but 'Boolean' was expected.
e: file:///<home>/Desktop/code/moblin-android/app/src/main/java/com/moblin/android/various/model/Model.kt:1460:13 Condition type mismatch: inferred type is 'MutableStateFlow<Boolean>' but 'Boolean' was expected.
e: file:///<home>/Desktop/code/moblin-android/app/src/main/java/com/moblin/android/various/model/Model.kt:1463:13 Condition type mismatch: inferred type is 'MutableStateFlow<Boolean>' but 'Boolean' was expected.
e: file:///<home>/Desktop/code/moblin-android/app/src/main/java/com/moblin/android/various/model/Model.kt:1466:13 Operator '!=' cannot be applied to 'Boolean' and 'MutableStateFlow<Boolean>?'.
e: file:///<home>/Desktop/code/moblin-android/app/src/main/java/com/moblin/android/various/model/Model.kt:1476:13 Operator '!=' cannot be applied to 'Boolean' and 'MutableStateFlow<Boolean>?'.
e: file:///<home>/Desktop/code/moblin-android/app/src/main/java/com/moblin/android/various/model/Model.kt:1495:17 This variable must either have an explicit type or be initialized.
e: file:///<home>/Desktop/code/moblin-android/app/src/main/java/com/moblin/android/various/model/Model.kt:1495:20 Syntax error: Expecting property name or receiver type.
e: file:///<home>/Desktop/code/moblin-android/app/src/main/java/com/moblin/android/various/model/Model.kt:1495:21 Interface '<no name provided>' cannot be local. Try to use an anonymous object or abstract class instead.
e: file:///<home>/Desktop/code/moblin-android/app/src/main/java/com/moblin/android/various/model/Model.kt:1495:31 Syntax error: Name expected.
e: file:///<home>/Desktop/code/moblin-android/app/src/main/java/com/moblin/android/various/model/Model.kt:1495:33 Syntax error: Unexpected tokens (use ';' to separate expressions on the same line).
e: file:///<home>/Desktop/code/moblin-android/app/src/main/java/com/moblin/android/various/model/Model.kt:1496:17 Interface '<no name provided>' cannot be local. Try to use an anonymous object or abstract class instead.
e: file:///<home>/Desktop/code/moblin-android/app/src/main/java/com/moblin/android/various/model/Model.kt:1496:26 Syntax error: Name expected.
e: file:///<home>/Desktop/code/moblin-android/app/src/main/java/com/moblin/android/various/model/Model.kt:1496:27 Syntax error: Unexpected tokens (use ';' to separate expressions on the same line).
e: file:///<home>/Desktop/code/moblin-android/app/src/main/java/com/moblin/android/various/model/Model.kt:1497:17 Interface '<no name provided>' cannot be local. Try to use an anonymous object or abstract class instead.
e: file:///<home>/Desktop/code/moblin-android/app/src/main/java/com/moblin/android/various/model/Model.kt:1497:26 Syntax error: Name expected.
e: file:///<home>/Desktop/code/moblin-android/app/src/main/java/com/moblin/android/various/model/Model.kt:1497:27 Syntax error: Unexpected tokens (use ';' to separate expressions on the same line).
e: file:///<home>/Desktop/code/moblin-android/app/src/main/java/com/moblin/android/various/model/Model.kt:1498:52 Syntax error: Expecting an expression.
e: file:///<home>/Desktop/code/moblin-android/app/src/main/java/com/moblin/android/various/model/Model.kt:1498:52 Syntax error: Expecting ')'.
e: file:///<home>/Desktop/code/moblin-android/app/src/main/java/com/moblin/android/various/model/Model.kt:1498:61 Syntax error: Unexpected tokens (use ';' to separate expressions on the same line).
e: file:///<home>/Desktop/code/moblin-android/app/src/main/java/com/moblin/android/various/model/Model.kt:1697:59 Condition type mismatch: inferred type is 'MutableStateFlow<Boolean>' but 'Boolean' was expected.
e: file:///<home>/Desktop/code/moblin-android/app/src/main/java/com/moblin/android/various/model/Model.kt:1698:32 Condition type mismatch: inferred type is 'MutableStateFlow<Boolean>' but 'Boolean' was expected.
e: file:///<home>/Desktop/code/moblin-android/app/src/main/java/com/moblin/android/various/model/Model.kt:1701:43 Argument type mismatch: actual type is 'MutableStateFlow<Boolean>', but 'Boolean' was expected.
e: file:///<home>/Desktop/code/moblin-android/app/src/main/java/com/moblin/android/various/model/Model.kt:1718:47 Argument type mismatch: actual type is 'VideoOrientation', but 'Int' was expected.
e: file:///<home>/Desktop/code/moblin-android/app/src/main/java/com/moblin/android/various/model/Model.kt:1721:74 Argument type mismatch: actual type is 'VideoOrientation', but 'Int' was expected.
e: file:///<home>/Desktop/code/moblin-android/app/src/main/java/com/moblin/android/various/model/Model.kt:1722:75 Argument type mismatch: actual type is 'VideoOrientation', but 'Int' was expected.
e: file:///<home>/Desktop/code/moblin-android/app/src/main/java/com/moblin/android/various/model/Model.kt:1772:34 Argument type mismatch: actual type is 'Instant!', but 'Long' was expected.
e: file:///<home>/Desktop/code/moblin-android/app/src/main/java/com/moblin/android/various/model/Model.kt:1783:34 Argument type mismatch: actual type is 'Instant!', but 'Long' was expected.
e: file:///<home>/Desktop/code/moblin-android/app/src/main/java/com/moblin/android/various/model/Model.kt:1786:27 Argument type mismatch: actual type is 'Instant!', but 'Long' was expected.
e: file:///<home>/Desktop/code/moblin-android/app/src/main/java/com/moblin/android/various/model/Model.kt:1798:34 Argument type mismatch: actual type is 'Instant!', but 'Long' was expected.
e: file:///<home>/Desktop/code/moblin-android/app/src/main/java/com/moblin/android/various/model/Model.kt:1804:47 Argument type mismatch: actual type is 'com.moblin.android.various.managers.Location?', but 'android.location.Location?' was expected.
e: file:///<home>/Desktop/code/moblin-android/app/src/main/java/com/moblin/android/various/model/Model.kt:1805:49 Argument type mismatch: actual type is 'com.moblin.android.various.managers.Location?', but 'android.location.Location?' was expected.
e: file:///<home>/Desktop/code/moblin-android/app/src/main/java/com/moblin/android/various/model/Model.kt:1809:40 Argument type mismatch: actual type is 'Instant!', but 'Long' was expected.
e: file:///<home>/Desktop/code/moblin-android/app/src/main/java/com/moblin/android/various/model/Model.kt:1844:37 Condition type mismatch: inferred type is 'MutableStateFlow<Boolean>' but 'Boolean' was expected.
e: file:///<home>/Desktop/code/moblin-android/app/src/main/java/com/moblin/android/various/model/Model.kt:1851:43 Argument type mismatch: actual type is 'Instant!', but 'TimeMark' was expected.
e: file:///<home>/Desktop/code/moblin-android/app/src/main/java/com/moblin/android/various/model/Model.kt:1852:44 Argument type mismatch: actual type is 'Instant!', but 'Long' was expected.
e: file:///<home>/Desktop/code/moblin-android/app/src/main/java/com/moblin/android/various/model/Model.kt:2062:16 Return type mismatch: expected 'String?', actual 'File'.
e: file:///<home>/Desktop/code/moblin-android/app/src/main/java/com/moblin/android/various/model/Model.kt:2078:50 Argument type mismatch: actual type is 'android.util.Size', but 'androidx.compose.ui.geometry.Size' was expected.
e: file:///<home>/Desktop/code/moblin-android/app/src/main/java/com/moblin/android/various/model/Model.kt:2155:35 Unresolved reference 'reload'.
e: file:///<home>/Desktop/code/moblin-android/app/src/main/java/com/moblin/android/various/model/Model.kt:2171:16 'val' cannot be reassigned.
e: file:///<home>/Desktop/code/moblin-android/app/src/main/java/com/moblin/android/various/model/Model.kt:2171:23 Assignment type mismatch: actual type is 'Boolean', but 'MutableStateFlow<Boolean>' was expected.
e: file:///<home>/Desktop/code/moblin-android/app/src/main/java/com/moblin/android/various/model/Model.kt:2172:22 Cannot access 'constructor(wireName: String): RemoteControlFilter': it is private in 'com/moblin/android/remotecontrol/RemoteControlFilter'.
e: file:///<home>/Desktop/code/moblin-android/app/src/main/java/com/moblin/android/various/model/Model.kt:2172:22 Enum types cannot be instantiated.
e: file:///<home>/Desktop/code/moblin-android/app/src/main/java/com/moblin/android/various/model/Model.kt:2182:44 Unresolved reference 'not' for operator '!'.
e: file:///<home>/Desktop/code/moblin-android/app/src/main/java/com/moblin/android/various/model/Model.kt:2239:30 Argument type mismatch: actual type is 'MutableStateFlow<Boolean>', but 'Boolean' was expected.
e: file:///<home>/Desktop/code/moblin-android/app/src/main/java/com/moblin/android/various/model/Model.kt:2240:21 Argument type mismatch: actual type is 'MutableStateFlow<Double>', but 'Double' was expected.
e: file:///<home>/Desktop/code/moblin-android/app/src/main/java/com/moblin/android/various/model/Model.kt:2241:26 Argument type mismatch: actual type is 'MutableStateFlow<Boolean>', but 'Boolean' was expected.
e: file:///<home>/Desktop/code/moblin-android/app/src/main/java/com/moblin/android/various/model/Model.kt:2248:30 Argument type mismatch: actual type is 'MutableStateFlow<Boolean>', but 'Boolean' was expected.
e: file:///<home>/Desktop/code/moblin-android/app/src/main/java/com/moblin/android/various/model/Model.kt:2249:21 Argument type mismatch: actual type is 'MutableStateFlow<Double>', but 'Double' was expected.
e: file:///<home>/Desktop/code/moblin-android/app/src/main/java/com/moblin/android/various/model/Model.kt:2250:26 Argument type mismatch: actual type is 'MutableStateFlow<Boolean>', but 'Boolean' was expected.
e: file:///<home>/Desktop/code/moblin-android/app/src/main/java/com/moblin/android/various/model/Model.kt:2278:15 'val' cannot be reassigned.
e: file:///<home>/Desktop/code/moblin-android/app/src/main/java/com/moblin/android/various/model/Model.kt:2278:23 Assignment type mismatch: actual type is 'Boolean', but 'MutableStateFlow<Boolean>' was expected.
e: file:///<home>/Desktop/code/moblin-android/app/src/main/java/com/moblin/android/various/model/Model.kt:2322:9 Unresolved reference 'loggerDebugEnabled'.
e: file:///<home>/Desktop/code/moblin-android/app/src/main/java/com/moblin/android/various/model/Model.kt:2388:50 Unresolved reference 'progress'.
e: file:///<home>/Desktop/code/moblin-android/app/src/main/java/com/moblin/android/various/model/Model.kt:2389:39 Unresolved reference 'isLoaded'.
e: file:///<home>/Desktop/code/moblin-android/app/src/main/java/com/moblin/android/various/model/Model.kt:2390:55 Unresolved reference 'host'.
e: file:///<home>/Desktop/code/moblin-android/app/src/main/java/com/moblin/android/various/model/Model.kt:2392:43 Unresolved reference 'startLoadingTime'.
e: file:///<home>/Desktop/code/moblin-android/app/src/main/java/com/moblin/android/various/model/Model.kt:2432:13 Unresolved reference 'loggerDebugEnabled'.
e: file:///<home>/Desktop/code/moblin-android/app/src/main/java/com/moblin/android/various/model/Model.kt:2496:57 Too many arguments for 'fun Duration.format(): String'.
e: file:///<home>/Desktop/code/moblin-android/app/src/main/java/com/moblin/android/various/model/Model.kt:2548:41 Unresolved reference. None of the following candidates is applicable because of a receiver type mismatch:
fun ULong.formatBytes(): String
e: file:///<home>/Desktop/code/moblin-android/app/src/main/java/com/moblin/android/various/model/Model.kt:2573:38 None of the following candidates is applicable:
fun plus(other: Byte): Long
fun plus(other: Short): Long
fun plus(other: Int): Long
fun plus(other: Long): Long
fun plus(other: Float): Float
fun plus(other: Double): Double
e: file:///<home>/Desktop/code/moblin-android/app/src/main/java/com/moblin/android/various/model/Model.kt:2574:38 None of the following candidates is applicable:
fun plus(other: Byte): Long
fun plus(other: Short): Long
fun plus(other: Int): Long
fun plus(other: Long): Long
fun plus(other: Float): Float
fun plus(other: Double): Double
e: file:///<home>/Desktop/code/moblin-android/app/src/main/java/com/moblin/android/various/model/Model.kt:2590:38 None of the following candidates is applicable:
fun plus(other: Byte): Long
fun plus(other: Short): Long
fun plus(other: Int): Long
fun plus(other: Long): Long
fun plus(other: Float): Float
fun plus(other: Double): Double
e: file:///<home>/Desktop/code/moblin-android/app/src/main/java/com/moblin/android/various/model/Model.kt:2591:38 None of the following candidates is applicable:
fun plus(other: Byte): Long
fun plus(other: Short): Long
fun plus(other: Int): Long
fun plus(other: Long): Long
fun plus(other: Float): Float
fun plus(other: Double): Double
e: file:///<home>/Desktop/code/moblin-android/app/src/main/java/com/moblin/android/various/model/Model.kt:2602:38 None of the following candidates is applicable:
fun plus(other: Byte): Long
fun plus(other: Short): Long
fun plus(other: Int): Long
fun plus(other: Long): Long
fun plus(other: Float): Float
fun plus(other: Double): Double
e: file:///<home>/Desktop/code/moblin-android/app/src/main/java/com/moblin/android/various/model/Model.kt:2603:38 None of the following candidates is applicable:
fun plus(other: Byte): Long
fun plus(other: Short): Long
fun plus(other: Int): Long
fun plus(other: Long): Long
fun plus(other: Float): Float
fun plus(other: Double): Double
e: file:///<home>/Desktop/code/moblin-android/app/src/main/java/com/moblin/android/various/model/Model.kt:2621:38 None of the following candidates is applicable:
fun plus(other: Byte): Long
fun plus(other: Short): Long
fun plus(other: Int): Long
fun plus(other: Long): Long
fun plus(other: Float): Float
fun plus(other: Double): Double
e: file:///<home>/Desktop/code/moblin-android/app/src/main/java/com/moblin/android/various/model/Model.kt:2622:38 None of the following candidates is applicable:
fun plus(other: Byte): Long
fun plus(other: Short): Long
fun plus(other: Int): Long
fun plus(other: Long): Long
fun plus(other: Float): Float
fun plus(other: Double): Double
e: file:///<home>/Desktop/code/moblin-android/app/src/main/java/com/moblin/android/various/model/Model.kt:2633:38 None of the following candidates is applicable:
fun plus(other: Byte): Long
fun plus(other: Short): Long
fun plus(other: Int): Long
fun plus(other: Long): Long
fun plus(other: Float): Float
fun plus(other: Double): Double
e: file:///<home>/Desktop/code/moblin-android/app/src/main/java/com/moblin/android/various/model/Model.kt:2634:38 None of the following candidates is applicable:
fun plus(other: Byte): Long
fun plus(other: Short): Long
fun plus(other: Int): Long
fun plus(other: Long): Long
fun plus(other: Float): Float
fun plus(other: Double): Double
e: file:///<home>/Desktop/code/moblin-android/app/src/main/java/com/moblin/android/various/model/Model.kt:2652:38 None of the following candidates is applicable:
fun plus(other: Byte): Long
fun plus(other: Short): Long
fun plus(other: Int): Long
fun plus(other: Long): Long
fun plus(other: Float): Float
fun plus(other: Double): Double
e: file:///<home>/Desktop/code/moblin-android/app/src/main/java/com/moblin/android/various/model/Model.kt:2653:38 None of the following candidates is applicable:
fun plus(other: Byte): Long
fun plus(other: Short): Long
fun plus(other: Int): Long
fun plus(other: Long): Long
fun plus(other: Float): Float
fun plus(other: Double): Double
e: file:///<home>/Desktop/code/moblin-android/app/src/main/java/com/moblin/android/various/model/Model.kt:2664:38 None of the following candidates is applicable:
fun plus(other: Byte): Long
fun plus(other: Short): Long
fun plus(other: Int): Long
fun plus(other: Long): Long
fun plus(other: Float): Float
fun plus(other: Double): Double
e: file:///<home>/Desktop/code/moblin-android/app/src/main/java/com/moblin/android/various/model/Model.kt:2665:38 None of the following candidates is applicable:
fun plus(other: Byte): Long
fun plus(other: Short): Long
fun plus(other: Int): Long
fun plus(other: Long): Long
fun plus(other: Float): Float
fun plus(other: Double): Double
e: file:///<home>/Desktop/code/moblin-android/app/src/main/java/com/moblin/android/various/model/Model.kt:2697:92 Argument type mismatch: actual type is 'MoblinkThermalState', but 'Int' was expected.
e: file:///<home>/Desktop/code/moblin-android/app/src/main/java/com/moblin/android/various/model/Model.kt:2699:52 Argument type mismatch: actual type is 'MoblinkThermalState', but 'ThermalState' was expected.
e: file:///<home>/Desktop/code/moblin-android/app/src/main/java/com/moblin/android/various/model/Model.kt:2717:72 Cannot infer type for this parameter. Specify it explicitly.
e: file:///<home>/Desktop/code/moblin-android/app/src/main/java/com/moblin/android/various/model/Model.kt:2717:72 Argument type mismatch: actual type is 'List<T (of fun <T> emptyList)>', but 'MutableList<CaptureDevice>' was expected.
e: file:///<home>/Desktop/code/moblin-android/app/src/main/java/com/moblin/android/various/model/Model.kt:2718:28 Argument type mismatch: actual type is 'Int', but 'Double' was expected.
e: file:///<home>/Desktop/code/moblin-android/app/src/main/java/com/moblin/android/various/model/Model.kt:2724:47 Argument type mismatch: actual type is 'SettingsVideoStabilizationMode', but 'Int' was expected.
e: file:///<home>/Desktop/code/moblin-android/app/src/main/java/com/moblin/android/various/model/Model.kt:2741:45 Argument type mismatch: actual type is 'CaptureDevice?', but 'AVCaptureDevice?' was expected.
e: file:///<home>/Desktop/code/moblin-android/app/src/main/java/com/moblin/android/various/model/Model.kt:2757:20 Unresolved reference 'position'.
e: file:///<home>/Desktop/code/moblin-android/app/src/main/java/com/moblin/android/various/model/Model.kt:2787:15 Unresolved reference. None of the following candidates is applicable because of a receiver type mismatch:
fun AVCaptureDevice.getZoomFactorScale(hasUltraWideCamera: Boolean): Float
e: file:///<home>/Desktop/code/moblin-android/app/src/main/java/com/moblin/android/various/model/Model.kt:2787:85 Argument type mismatch: actual type is 'Int', but 'AVCaptureDevice.Position' was expected.
e: file:///<home>/Desktop/code/moblin-android/app/src/main/java/com/moblin/android/various/model/Model.kt:2789:15 Unresolved reference. None of the following candidates is applicable because of a receiver type mismatch:
fun AVCaptureDevice.getUIZoomRange(hasUltraWideCamera: Boolean): Pair<Float, Float>
e: file:///<home>/Desktop/code/moblin-android/app/src/main/java/com/moblin/android/various/model/Model.kt:2789:81 Argument type mismatch: actual type is 'Int', but 'AVCaptureDevice.Position' was expected.
e: file:///<home>/Desktop/code/moblin-android/app/src/main/java/com/moblin/android/various/model/Model.kt:2796:22 'val' cannot be reassigned.
e: file:///<home>/Desktop/code/moblin-android/app/src/main/java/com/moblin/android/various/model/Model.kt:2796:26 Assignment type mismatch: actual type is 'Float', but 'MutableStateFlow<Float>' was expected.
e: file:///<home>/Desktop/code/moblin-android/app/src/main/java/com/moblin/android/various/model/Model.kt:2800:22 'val' cannot be reassigned.
e: file:///<home>/Desktop/code/moblin-android/app/src/main/java/com/moblin/android/various/model/Model.kt:2800:26 Assignment type mismatch: actual type is 'Float', but 'MutableStateFlow<Float>' was expected.
e: file:///<home>/Desktop/code/moblin-android/app/src/main/java/com/moblin/android/various/model/Model.kt:2810:76 Argument type mismatch: actual type is 'CaptureDevice?', but 'CameraInfo?' was expected.
e: file:///<home>/Desktop/code/moblin-android/app/src/main/java/com/moblin/android/various/model/Model.kt:2815:72 Argument type mismatch: actual type is 'CaptureDevice?', but 'CameraInfo?' was expected.
e: file:///<home>/Desktop/code/moblin-android/app/src/main/java/com/moblin/android/various/model/Model.kt:2822:28 Argument type mismatch: actual type is 'MutableStateFlow<Double>', but 'Double' was expected.
e: file:///<home>/Desktop/code/moblin-android/app/src/main/java/com/moblin/android/various/model/Model.kt:2828:47 Argument type mismatch: actual type is 'SettingsVideoStabilizationMode', but 'Int' was expected.
e: file:///<home>/Desktop/code/moblin-android/app/src/main/java/com/moblin/android/various/model/Model.kt:2841:44 Argument type mismatch: actual type is 'MutableStateFlow<Float>', but 'Float' was expected.
e: file:///<home>/Desktop/code/moblin-android/app/src/main/java/com/moblin/android/various/model/Model.kt:2853:34 Assignment type mismatch: actual type is 'MutableStateFlow<Boolean>', but 'Boolean' was expected.
e: file:///<home>/Desktop/code/moblin-android/app/src/main/java/com/moblin/android/various/model/Model.kt:2859:23 Assignment type mismatch: actual type is 'MutableStateFlow<Float>', but 'Float' was expected.
e: file:///<home>/Desktop/code/moblin-android/app/src/main/java/com/moblin/android/various/model/Model.kt:2860:14 'val' cannot be reassigned.
e: file:///<home>/Desktop/code/moblin-android/app/src/main/java/com/moblin/android/various/model/Model.kt:2860:24 Assignment type mismatch: actual type is 'Boolean', but 'MutableStateFlow<Boolean>' was expected.
e: file:///<home>/Desktop/code/moblin-android/app/src/main/java/com/moblin/android/various/model/Model.kt:2866:9 Return type mismatch: expected 'Double', actual 'String'.
e: file:///<home>/Desktop/code/moblin-android/app/src/main/java/com/moblin/android/various/model/Model.kt:2866:51 Unresolved reference 'toDouble'.
e: file:///<home>/Desktop/code/moblin-android/app/src/main/java/com/moblin/android/various/model/Model.kt:2870:55 Unresolved reference 'toDouble'.
e: file:///<home>/Desktop/code/moblin-android/app/src/main/java/com/moblin/android/various/model/Model.kt:2880:14 'val' cannot be reassigned.
e: file:///<home>/Desktop/code/moblin-android/app/src/main/java/com/moblin/android/various/model/Model.kt:2880:24 Assignment type mismatch: actual type is 'Boolean', but 'MutableStateFlow<Boolean>' was expected.
e: file:///<home>/Desktop/code/moblin-android/app/src/main/java/com/moblin/android/various/model/Model.kt:2881:44 Cannot infer type for this parameter. Specify it explicitly.
e: file:///<home>/Desktop/code/moblin-android/app/src/main/java/com/moblin/android/various/model/Model.kt:2884:28 Argument type mismatch: actual type is 'MutableStateFlow<Double>', but 'Double' was expected.
e: file:///<home>/Desktop/code/moblin-android/app/src/main/java/com/moblin/android/various/model/Model.kt:2947:15 'val' cannot be reassigned.
e: file:///<home>/Desktop/code/moblin-android/app/src/main/java/com/moblin/android/various/model/Model.kt:2947:23 Unresolved reference 'not' for operator '!'.
e: file:///<home>/Desktop/code/moblin-android/app/src/main/java/com/moblin/android/various/model/Model.kt:2952:15 'val' cannot be reassigned.
e: file:///<home>/Desktop/code/moblin-android/app/src/main/java/com/moblin/android/various/model/Model.kt:2952:23 Assignment type mismatch: actual type is 'Boolean', but 'MutableStateFlow<Boolean>' was expected.
e: file:///<home>/Desktop/code/moblin-android/app/src/main/java/com/moblin/android/various/model/Model.kt:2957:28 Argument type mismatch: actual type is 'MutableStateFlow<Boolean>', but 'Boolean' was expected.
e: file:///<home>/Desktop/code/moblin-android/app/src/main/java/com/moblin/android/various/model/Model.kt:2963:87 Argument type mismatch: actual type is 'MutableStateFlow<Boolean>', but 'Boolean?' was expected.
e: file:///<home>/Desktop/code/moblin-android/app/src/main/java/com/moblin/android/various/model/Model.kt:2994:34 No value passed for parameter 'id'.
e: file:///<home>/Desktop/code/moblin-android/app/src/main/java/com/moblin/android/various/model/Model.kt:2994:34 No value passed for parameter 'isVideoMirrored'.
e: file:///<home>/Desktop/code/moblin-android/app/src/main/java/com/moblin/android/various/model/Model.kt:3185:13 Operator '!=' cannot be applied to 'MutableStateFlow<Boolean>?' and 'Boolean'.
e: file:///<home>/Desktop/code/moblin-android/app/src/main/java/com/moblin/android/various/model/Model.kt:3189:48 Unresolved reference 'quickButton'.
e: file:///<home>/Desktop/code/moblin-android/app/src/main/java/com/moblin/android/various/model/Model.kt:3275:21 Argument type mismatch: actual type is 'android.util.Size', but 'androidx.compose.ui.geometry.Size' was expected.
e: file:///<home>/Desktop/code/moblin-android/app/src/main/java/com/moblin/android/various/model/Model.kt:3285:32 Cannot infer type for this parameter. Specify it explicitly.
e: file:///<home>/Desktop/code/moblin-android/app/src/main/java/com/moblin/android/various/model/Model.kt:3285:32 Not enough information to infer type argument for 'T'.
e: file:///<home>/Desktop/code/moblin-android/app/src/main/java/com/moblin/android/various/model/Model.kt:3287:21 Argument type mismatch: actual type is 'android.util.Size', but 'androidx.compose.ui.geometry.Size' was expected.
e: file:///<home>/Desktop/code/moblin-android/app/src/main/java/com/moblin/android/various/model/Model.kt:3300:57 Cannot infer type for this parameter. Specify it explicitly.
e: file:///<home>/Desktop/code/moblin-android/app/src/main/java/com/moblin/android/various/model/Model.kt:3300:57 Unresolved reference. None of the following candidates is applicable because of a receiver type mismatch:
fun <T> List<T>.dropLast(n: Int): List<T>
e: file:///<home>/Desktop/code/moblin-android/app/src/main/java/com/moblin/android/various/model/Model.kt:3302:21 Argument type mismatch: actual type is 'android.util.Size', but 'androidx.compose.ui.geometry.Size' was expected.
e: file:///<home>/Desktop/code/moblin-android/app/src/main/java/com/moblin/android/various/model/Model.kt:3316:67 Cannot infer type for this parameter. Specify it explicitly.
e: file:///<home>/Desktop/code/moblin-android/app/src/main/java/com/moblin/android/various/model/Model.kt:3316:67 Unresolved reference. None of the following candidates is applicable because of a receiver type mismatch:
fun <T> Collection<T>.isNotEmpty(): Boolean
e: file:///<home>/Desktop/code/moblin-android/app/src/main/java/com/moblin/android/various/model/ModelAudio.kt:11:35 Unresolved reference 'shared'.
e: file:///<home>/Desktop/code/moblin-android/app/src/main/java/com/moblin/android/various/model/ModelAudio.kt:186:69 Only safe (?.) or non-null asserted (!!.) calls are allowed on a nullable receiver of type 'MutableStateFlow<Boolean>?'.
e: file:///<home>/Desktop/code/moblin-android/app/src/main/java/com/moblin/android/various/model/ModelAudio.kt:190:69 Only safe (?.) or non-null asserted (!!.) calls are allowed on a nullable receiver of type 'MutableStateFlow<Boolean>?'.
e: file:///<home>/Desktop/code/moblin-android/app/src/main/java/com/moblin/android/various/model/ModelAudio.kt:264:5 Unresolved reference 'shared'.
e: file:///<home>/Desktop/code/moblin-android/app/src/main/java/com/moblin/android/various/model/ModelAudio.kt:498:61 Argument type mismatch: actual type is 'UShort', but 'Int' was expected.
e: file:///<home>/Desktop/code/moblin-android/app/src/main/java/com/moblin/android/various/model/ModelAudio.kt:637:12 None of the following candidates is applicable:
fun Model.getRtmpStream(id: UUID): SettingsRtmpServerStream?
fun Model.getRtmpStream(streamKey: String): SettingsRtmpServerStream?
e: file:///<home>/Desktop/code/moblin-android/app/src/main/java/com/moblin/android/various/model/ModelAudio.kt:637:52 Unresolved reference 'id'.
e: file:///<home>/Desktop/code/moblin-android/app/src/main/java/com/moblin/android/various/model/ModelCamera.kt:453:18 None of the following candidates is applicable:
fun Model.getRtmpStream(id: UUID): SettingsRtmpServerStream?
fun Model.getRtmpStream(streamKey: String): SettingsRtmpServerStream?
e: file:///<home>/Desktop/code/moblin-android/app/src/main/java/com/moblin/android/various/model/ModelCamera.kt:453:54 Unresolved reference 'id'.
e: file:///<home>/Desktop/code/moblin-android/app/src/main/java/com/moblin/android/various/model/ModelCamera.kt:455:43 Argument type mismatch: actual type is 'Any', but 'UUID' was expected.
e: file:///<home>/Desktop/code/moblin-android/app/src/main/java/com/moblin/android/various/model/ModelCatPrinters.kt:119:20 Argument type mismatch: actual type is 'UUID?', but 'String?' was expected.
e: file:///<home>/Desktop/code/moblin-android/app/src/main/java/com/moblin/android/various/model/ModelChat.kt:19:53 Unresolved reference 'TwitchChatSendMessageResult'.
e: file:///<home>/Desktop/code/moblin-android/app/src/main/java/com/moblin/android/various/model/ModelChat.kt:137:27 Unresolved reference 'redemption'.
e: file:///<home>/Desktop/code/moblin-android/app/src/main/java/com/moblin/android/various/model/ModelChat.kt:138:27 Unresolved reference 'newFollower'.
e: file:///<home>/Desktop/code/moblin-android/app/src/main/java/com/moblin/android/various/model/ModelChat.kt:264:17 Unresolved reference 'TwitchChatSendMessageResult'.
e: file:///<home>/Desktop/code/moblin-android/app/src/main/java/com/moblin/android/various/model/ModelChat.kt:544:29 No parameter with name 'userId' found.
e: file:///<home>/Desktop/code/moblin-android/app/src/main/java/com/moblin/android/various/model/ModelChat.kt:544:29 No value passed for parameter 'messageId'.
e: file:///<home>/Desktop/code/moblin-android/app/src/main/java/com/moblin/android/various/model/ModelDjiDevice.kt:14:45 Unresolved reference 'context'.
e: file:///<home>/Desktop/code/moblin-android/app/src/main/java/com/moblin/android/various/model/ModelGameController.kt:120:49 'val' cannot be reassigned.
e: file:///<home>/Desktop/code/moblin-android/app/src/main/java/com/moblin/android/various/model/ModelGoProDevice.kt:6:27 Unresolved reference 'settings'.
e: file:///<home>/Desktop/code/moblin-android/app/src/main/java/com/moblin/android/various/model/ModelGoProDevice.kt:10:46 Unresolved reference 'SettingsGoProDevice'.
e: file:///<home>/Desktop/code/moblin-android/app/src/main/java/com/moblin/android/various/model/ModelGoProDevice.kt:11:42 Unresolved reference 'id'.
e: file:///<home>/Desktop/code/moblin-android/app/src/main/java/com/moblin/android/various/model/ModelGoProDevice.kt:12:38 No value passed for parameter 'context'.
e: file:///<home>/Desktop/code/moblin-android/app/src/main/java/com/moblin/android/various/model/ModelGoProDevice.kt:13:32 Assignment type mismatch: actual type is 'Model', but 'GoProDeviceDelegate?' was expected.
e: file:///<home>/Desktop/code/moblin-android/app/src/main/java/com/moblin/android/various/model/ModelGoProDevice.kt:14:29 Unresolved reference 'id'.
e: file:///<home>/Desktop/code/moblin-android/app/src/main/java/com/moblin/android/various/model/ModelGoProDevice.kt:16:43 Unresolved reference 'id'.
e: file:///<home>/Desktop/code/moblin-android/app/src/main/java/com/moblin/android/various/model/ModelGoProDevice.kt:17:12 Unresolved reference 'isStarted'.
e: file:///<home>/Desktop/code/moblin-android/app/src/main/java/com/moblin/android/various/model/ModelGoProDevice.kt:21:45 Unresolved reference 'SettingsGoProDevice'.
e: file:///<home>/Desktop/code/moblin-android/app/src/main/java/com/moblin/android/various/model/ModelGoProDevice.kt:22:12 Unresolved reference 'isStarted'.
e: file:///<home>/Desktop/code/moblin-android/app/src/main/java/com/moblin/android/various/model/ModelGoProDevice.kt:23:12 Unresolved reference 'autoRestartStreamTimer'.
e: file:///<home>/Desktop/code/moblin-android/app/src/main/java/com/moblin/android/various/model/ModelGoProDevice.kt:24:25 Unresolved reference 'id'.
e: file:///<home>/Desktop/code/moblin-android/app/src/main/java/com/moblin/android/various/model/ModelGoProDevice.kt:58:60 Unresolved reference 'SettingsGoProDevice'.
e: file:///<home>/Desktop/code/moblin-android/app/src/main/java/com/moblin/android/various/model/ModelGoProDevice.kt:59:12 Unresolved reference 'autoRestartStreamTimer'.
e: file:///<home>/Desktop/code/moblin-android/app/src/main/java/com/moblin/android/various/model/ModelGoProDevice.kt:66:35 Unresolved reference 'SettingsGoProDevice'.
e: file:///<home>/Desktop/code/moblin-android/app/src/main/java/com/moblin/android/various/model/ModelGoProDevice.kt:75:42 Unresolved reference 'SettingsGoProDevice'.
e: file:///<home>/Desktop/code/moblin-android/app/src/main/java/com/moblin/android/various/model/ModelGoProDevice.kt:76:39 Unresolved reference 'serverRtmpStreamId'.
e: file:///<home>/Desktop/code/moblin-android/app/src/main/java/com/moblin/android/various/model/ModelGoProDevice.kt:77:41 Unresolved reference 'firstOrNull'.
e: file:///<home>/Desktop/code/moblin-android/app/src/main/java/com/moblin/android/various/model/ModelGoProDevice.kt:78:9 Unresolved reference 'it'.
e: file:///<home>/Desktop/code/moblin-android/app/src/main/java/com/moblin/android/various/model/ModelGoProDevice.kt:78:29 Unresolved reference 'NetworkInterfaceType'.
e: file:///<home>/Desktop/code/moblin-android/app/src/main/java/com/moblin/android/various/model/ModelGoProDevice.kt:78:58 Unresolved reference 'it'.
e: file:///<home>/Desktop/code/moblin-android/app/src/main/java/com/moblin/android/various/model/ModelGoProDevice.kt:78:71 Unresolved reference 'IpType'.
e: file:///<home>/Desktop/code/moblin-android/app/src/main/java/com/moblin/android/various/model/ModelGoProDevice.kt:83:28 Unresolved reference 'streamKey'.
e: file:///<home>/Desktop/code/moblin-android/app/src/main/java/com/moblin/android/various/model/ModelGoProDevice.kt:89:13 Unresolved reference 'SettingsGoProDevice'.
e: file:///<home>/Desktop/code/moblin-android/app/src/main/java/com/moblin/android/various/model/ModelGoProDevice.kt:91:28 'when' expression must be exhaustive. Add an 'else' branch.
e: file:///<home>/Desktop/code/moblin-android/app/src/main/java/com/moblin/android/various/model/ModelGoProDevice.kt:91:41 Unresolved reference 'rtmpUrlType'.
e: file:///<home>/Desktop/code/moblin-android/app/src/main/java/com/moblin/android/various/model/ModelGoProDevice.kt:92:9 Unresolved reference 'SettingsGoProDevice'.
e: file:///<home>/Desktop/code/moblin-android/app/src/main/java/com/moblin/android/various/model/ModelGoProDevice.kt:93:20 Unresolved reference 'serverRtmpUrl'.
e: file:///<home>/Desktop/code/moblin-android/app/src/main/java/com/moblin/android/various/model/ModelGoProDevice.kt:94:9 Unresolved reference 'SettingsGoProDevice'.
e: file:///<home>/Desktop/code/moblin-android/app/src/main/java/com/moblin/android/various/model/ModelGoProDevice.kt:94:58 Unresolved reference 'customRtmpUrl'.
e: file:///<home>/Desktop/code/moblin-android/app/src/main/java/com/moblin/android/various/model/ModelGoProDevice.kt:96:27 Unresolved reference 'bluetoothPeripheralId'.
e: file:///<home>/Desktop/code/moblin-android/app/src/main/java/com/moblin/android/various/model/ModelGoProDevice.kt:102:27 Unresolved reference 'wifiSsid'.
e: file:///<home>/Desktop/code/moblin-android/app/src/main/java/com/moblin/android/various/model/ModelGoProDevice.kt:103:31 Unresolved reference 'wifiPassword'.
e: file:///<home>/Desktop/code/moblin-android/app/src/main/java/com/moblin/android/various/model/ModelGoProDevice.kt:105:29 Unresolved reference 'resolution'.
e: file:///<home>/Desktop/code/moblin-android/app/src/main/java/com/moblin/android/various/model/ModelGoProDevice.kt:106:26 Unresolved reference 'bitrate'.
e: file:///<home>/Desktop/code/moblin-android/app/src/main/java/com/moblin/android/various/model/ModelGoProDevice.kt:107:23 Unresolved reference 'lens'.
e: file:///<home>/Desktop/code/moblin-android/app/src/main/java/com/moblin/android/various/model/ModelGoProDevice.kt:110:12 Unresolved reference 'autoRestartStreamTimer'.
e: file:///<home>/Desktop/code/moblin-android/app/src/main/java/com/moblin/android/various/model/ModelGoProDevice.kt:112:80 Unresolved reference 'name'.
e: file:///<home>/Desktop/code/moblin-android/app/src/main/java/com/moblin/android/various/model/ModelGoProDevice.kt:118:58 Unresolved reference 'SettingsGoProDevice'.
e: file:///<home>/Desktop/code/moblin-android/app/src/main/java/com/moblin/android/various/model/ModelGoProDevice.kt:119:16 Unresolved reference 'rtmpUrlType'.
e: file:///<home>/Desktop/code/moblin-android/app/src/main/java/com/moblin/android/various/model/ModelGoProDevice.kt:119:31 Unresolved reference 'SettingsGoProDevice'.
e: file:///<home>/Desktop/code/moblin-android/app/src/main/java/com/moblin/android/various/model/ModelGoProDevice.kt:120:17 Unresolved reference 'autoRestartStream'.
e: file:///<home>/Desktop/code/moblin-android/app/src/main/java/com/moblin/android/various/model/ModelGoProDevice.kt:121:17 Unresolved reference 'isStarted'.
e: file:///<home>/Desktop/code/moblin-android/app/src/main/java/com/moblin/android/various/model/ModelGoProDevice.kt:125:43 Unresolved reference 'id'.
e: file:///<home>/Desktop/code/moblin-android/app/src/main/java/com/moblin/android/various/model/ModelGoProDevice.kt:129:69 Unresolved reference 'SettingsGoProDevice'.
e: file:///<home>/Desktop/code/moblin-android/app/src/main/java/com/moblin/android/various/model/ModelGoProDevice.kt:135:12 Unresolved reference 'state'.
e: file:///<home>/Desktop/code/moblin-android/app/src/main/java/com/moblin/android/various/model/ModelGoProDevice.kt:137:26 Unresolved reference 'CONNECTING'.
e: file:///<home>/Desktop/code/moblin-android/app/src/main/java/com/moblin/android/various/model/ModelGoProDevice.kt:138:71 Unresolved reference 'name'.
e: file:///<home>/Desktop/code/moblin-android/app/src/main/java/com/moblin/android/various/model/ModelGoProDevice.kt:140:26 Unresolved reference 'STREAMING'.
e: file:///<home>/Desktop/code/moblin-android/app/src/main/java/com/moblin/android/various/model/ModelGoProDevice.kt:141:24 Unresolved reference 'rtmpUrlType'.
e: file:///<home>/Desktop/code/moblin-android/app/src/main/java/com/moblin/android/various/model/ModelGoProDevice.kt:141:39 Unresolved reference 'SettingsGoProDevice'.
e: file:///<home>/Desktop/code/moblin-android/app/src/main/java/com/moblin/android/various/model/ModelGoProDevice.kt:142:24 Unresolved reference 'autoRestartStreamTimer'.
e: file:///<home>/Desktop/code/moblin-android/app/src/main/java/com/moblin/android/various/model/ModelGoProDevice.kt:143:61 Unresolved reference 'name'.
e: file:///<home>/Desktop/code/moblin-android/app/src/main/java/com/moblin/android/various/model/ModelGoProDevice.kt:146:26 Unresolved reference 'WIFI_SETUP_FAILED'.
e: file:///<home>/Desktop/code/moblin-android/app/src/main/java/com/moblin/android/various/model/ModelGoProDevice.kt:148:73 Unresolved reference 'name'.
e: file:///<home>/Desktop/code/moblin-android/app/src/main/java/com/moblin/android/various/model/ModelGoProDevice.kt:152:26 Unresolved reference 'FAILED'.
e: file:///<home>/Desktop/code/moblin-android/app/src/main/java/com/moblin/android/various/model/ModelGoProDevice.kt:153:62 Unresolved reference 'name'.
e: file:///<home>/Desktop/code/moblin-android/app/src/main/java/com/moblin/android/various/model/ModelHttpProxy.kt:42:38 No value passed for parameter 'context'.
e: file:///<home>/Desktop/code/moblin-android/app/src/main/java/com/moblin/android/various/model/ModelKick.kt:22:51 Unresolved reference 'toChatterInfo'.
e: file:///<home>/Desktop/code/moblin-android/app/src/main/java/com/moblin/android/various/model/ModelKick.kt:42:44 Unresolved reference 'StreamingPlatform'.
e: file:///<home>/Desktop/code/moblin-android/app/src/main/java/com/moblin/android/various/model/ModelKick.kt:44:44 Unresolved reference 'StreamingPlatform'.
e: file:///<home>/Desktop/code/moblin-android/app/src/main/java/com/moblin/android/various/model/ModelKick.kt:92:44 Unresolved reference 'kickChannelName'.
e: file:///<home>/Desktop/code/moblin-android/app/src/main/java/com/moblin/android/various/model/ModelKick.kt:104:19 Unresolved reference 'kickChannelName'.
e: file:///<home>/Desktop/code/moblin-android/app/src/main/java/com/moblin/android/various/model/ModelKick.kt:111:43 Unresolved reference 'kickChannelName'.
e: file:///<home>/Desktop/code/moblin-android/app/src/main/java/com/moblin/android/various/model/ModelKick.kt:120:28 Unresolved reference 'kickChannelId'.
e: file:///<home>/Desktop/code/moblin-android/app/src/main/java/com/moblin/android/various/model/ModelKick.kt:121:36 Unresolved reference 'kickChatroomChannelId'.
e: file:///<home>/Desktop/code/moblin-android/app/src/main/java/com/moblin/android/various/model/ModelKick.kt:123:50 Unresolved reference 'ChatPlatform'.
e: file:///<home>/Desktop/code/moblin-android/app/src/main/java/com/moblin/android/various/model/ModelKick.kt:128:24 Argument type mismatch: actual type is 'Model', but 'KickPusherDelegate?' was expected.
e: file:///<home>/Desktop/code/moblin-android/app/src/main/java/com/moblin/android/various/model/ModelKick.kt:129:34 Unresolved reference 'kickChannelName'.
e: file:///<home>/Desktop/code/moblin-android/app/src/main/java/com/moblin/android/various/model/ModelKick.kt:130:25 Argument type mismatch: actual type is 'Any', but 'String' was expected.
e: file:///<home>/Desktop/code/moblin-android/app/src/main/java/com/moblin/android/various/model/ModelKick.kt:131:33 Argument type mismatch: actual type is 'Any', but 'String' was expected.
e: file:///<home>/Desktop/code/moblin-android/app/src/main/java/com/moblin/android/various/model/ModelKick.kt:132:31 Unresolved reference 'chat'.
e: file:///<home>/Desktop/code/moblin-android/app/src/main/java/com/moblin/android/various/model/ModelKick.kt:155:16 Unresolved reference 'kickChannelName'.
e: file:///<home>/Desktop/code/moblin-android/app/src/main/java/com/moblin/android/various/model/ModelKick.kt:158:16 Unresolved reference 'kickChannelId'.
e: file:///<home>/Desktop/code/moblin-android/app/src/main/java/com/moblin/android/various/model/ModelKick.kt:158:48 Unresolved reference 'kickSlug'.
e: file:///<home>/Desktop/code/moblin-android/app/src/main/java/com/moblin/android/various/model/ModelKick.kt:158:75 Unresolved reference 'kickChatroomChannelId'.
e: file:///<home>/Desktop/code/moblin-android/app/src/main/java/com/moblin/android/various/model/ModelKick.kt:161:45 Unresolved reference 'kickChannelName'.
e: file:///<home>/Desktop/code/moblin-android/app/src/main/java/com/moblin/android/various/model/ModelKick.kt:163:20 Unresolved reference 'kickChannelId'.
e: file:///<home>/Desktop/code/moblin-android/app/src/main/java/com/moblin/android/various/model/ModelKick.kt:164:20 Unresolved reference 'kickSlug'.
e: file:///<home>/Desktop/code/moblin-android/app/src/main/java/com/moblin/android/various/model/ModelKick.kt:165:20 Unresolved reference 'kickChatroomChannelId'.
e: file:///<home>/Desktop/code/moblin-android/app/src/main/java/com/moblin/android/various/model/ModelKick.kt:172:17 Unresolved reference 'kickWantsToBeLoggedIn'.
e: file:///<home>/Desktop/code/moblin-android/app/src/main/java/com/moblin/android/various/model/ModelKick.kt:172:49 Unresolved reference 'kickLoggedIn'.
e: file:///<home>/Desktop/code/moblin-android/app/src/main/java/com/moblin/android/various/model/ModelKick.kt:175:12 Unresolved reference 'kickNotLoggedInCount'.
e: file:///<home>/Desktop/code/moblin-android/app/src/main/java/com/moblin/android/various/model/ModelKick.kt:176:16 Unresolved reference 'kickNotLoggedInCount'.
e: file:///<home>/Desktop/code/moblin-android/app/src/main/java/com/moblin/android/various/model/ModelKick.kt:177:16 Unresolved reference 'kickWantsToBeLoggedIn'.
e: file:///<home>/Desktop/code/moblin-android/app/src/main/java/com/moblin/android/various/model/ModelKick.kt:179:39 Unresolved reference 'ChatPlatform'.
e: file:///<home>/Desktop/code/moblin-android/app/src/main/java/com/moblin/android/various/model/ModelKick.kt:183:28 Argument type mismatch: actual type is 'MutableStateFlow<SettingsStream>', but 'SettingsStream' was expected.
e: file:///<home>/Desktop/code/moblin-android/app/src/main/java/com/moblin/android/various/model/ModelKick.kt:192:28 Argument type mismatch: actual type is 'MutableStateFlow<SettingsStream>', but 'SettingsStream' was expected.
e: file:///<home>/Desktop/code/moblin-android/app/src/main/java/com/moblin/android/various/model/ModelKick.kt:201:28 Argument type mismatch: actual type is 'MutableStateFlow<SettingsStream>', but 'SettingsStream' was expected.
e: file:///<home>/Desktop/code/moblin-android/app/src/main/java/com/moblin/android/various/model/ModelKick.kt:205:28 Argument type mismatch: actual type is 'MutableStateFlow<SettingsStream>', but 'SettingsStream' was expected.
e: file:///<home>/Desktop/code/moblin-android/app/src/main/java/com/moblin/android/various/model/ModelKick.kt:209:28 Argument type mismatch: actual type is 'MutableStateFlow<SettingsStream>', but 'SettingsStream' was expected.
e: file:///<home>/Desktop/code/moblin-android/app/src/main/java/com/moblin/android/various/model/ModelKick.kt:213:28 Argument type mismatch: actual type is 'MutableStateFlow<SettingsStream>', but 'SettingsStream' was expected.
e: file:///<home>/Desktop/code/moblin-android/app/src/main/java/com/moblin/android/various/model/ModelKick.kt:217:28 Argument type mismatch: actual type is 'MutableStateFlow<SettingsStream>', but 'SettingsStream' was expected.
e: file:///<home>/Desktop/code/moblin-android/app/src/main/java/com/moblin/android/various/model/ModelKick.kt:221:28 Argument type mismatch: actual type is 'MutableStateFlow<SettingsStream>', but 'SettingsStream' was expected.
e: file:///<home>/Desktop/code/moblin-android/app/src/main/java/com/moblin/android/various/model/ModelKick.kt:227:32 Argument type mismatch: actual type is 'MutableStateFlow<SettingsStream>', but 'SettingsStream' was expected.
e: file:///<home>/Desktop/code/moblin-android/app/src/main/java/com/moblin/android/various/model/ModelKick.kt:232:28 Argument type mismatch: actual type is 'MutableStateFlow<SettingsStream>', but 'SettingsStream' was expected.
e: file:///<home>/Desktop/code/moblin-android/app/src/main/java/com/moblin/android/various/model/ModelKick.kt:236:28 Argument type mismatch: actual type is 'MutableStateFlow<SettingsStream>', but 'SettingsStream' was expected.
e: file:///<home>/Desktop/code/moblin-android/app/src/main/java/com/moblin/android/various/model/ModelKick.kt:240:28 Argument type mismatch: actual type is 'MutableStateFlow<SettingsStream>', but 'SettingsStream' was expected.
e: file:///<home>/Desktop/code/moblin-android/app/src/main/java/com/moblin/android/various/model/ModelKick.kt:247:28 Argument type mismatch: actual type is 'MutableStateFlow<SettingsStream>', but 'SettingsStream' was expected.
e: file:///<home>/Desktop/code/moblin-android/app/src/main/java/com/moblin/android/various/model/ModelKick.kt:251:28 Argument type mismatch: actual type is 'MutableStateFlow<SettingsStream>', but 'SettingsStream' was expected.
e: file:///<home>/Desktop/code/moblin-android/app/src/main/java/com/moblin/android/various/model/ModelKick.kt:255:28 Argument type mismatch: actual type is 'MutableStateFlow<SettingsStream>', but 'SettingsStream' was expected.
e: file:///<home>/Desktop/code/moblin-android/app/src/main/java/com/moblin/android/various/model/ModelKick.kt:259:28 Argument type mismatch: actual type is 'MutableStateFlow<SettingsStream>', but 'SettingsStream' was expected.
e: file:///<home>/Desktop/code/moblin-android/app/src/main/java/com/moblin/android/various/model/ModelKick.kt:260:28 Unresolved reference 'kickChatroomChannelId'.
e: file:///<home>/Desktop/code/moblin-android/app/src/main/java/com/moblin/android/various/model/ModelKick.kt:273:28 Argument type mismatch: actual type is 'MutableStateFlow<SettingsStream>', but 'SettingsStream' was expected.
e: file:///<home>/Desktop/code/moblin-android/app/src/main/java/com/moblin/android/various/model/ModelKick.kt:283:28 Argument type mismatch: actual type is 'MutableStateFlow<SettingsStream>', but 'SettingsStream' was expected.
e: file:///<home>/Desktop/code/moblin-android/app/src/main/java/com/moblin/android/various/model/ModelKick.kt:294:28 Argument type mismatch: actual type is 'MutableStateFlow<SettingsStream>', but 'SettingsStream' was expected.
e: file:///<home>/Desktop/code/moblin-android/app/src/main/java/com/moblin/android/various/model/ModelKick.kt:303:28 Argument type mismatch: actual type is 'MutableStateFlow<SettingsStream>', but 'SettingsStream' was expected.
e: file:///<home>/Desktop/code/moblin-android/app/src/main/java/com/moblin/android/various/model/ModelKick.kt:349:28 Argument type mismatch: actual type is 'MutableStateFlow<SettingsStream>', but 'SettingsStream' was expected.
e: file:///<home>/Desktop/code/moblin-android/app/src/main/java/com/moblin/android/various/model/ModelKick.kt:375:24 Assignment type mismatch: actual type is 'Model', but 'KickApiDelegate?' was expected.
e: file:///<home>/Desktop/code/moblin-android/app/src/main/java/com/moblin/android/various/model/ModelKick.kt:389:20 Unresolved reference 'ChatPlatform'.
e: file:///<home>/Desktop/code/moblin-android/app/src/main/java/com/moblin/android/various/model/ModelKick.kt:396:20 Argument type mismatch: actual type is 'Pair<List<ChatPostSegment>, Int>', but 'List<ChatPostSegment>' was expected.
e: file:///<home>/Desktop/code/moblin-android/app/src/main/java/com/moblin/android/various/model/ModelKick.kt:397:21 Argument type mismatch: actual type is 'MutableStateFlow<String>', but 'String' was expected.
e: file:///<home>/Desktop/code/moblin-android/app/src/main/java/com/moblin/android/various/model/ModelKick.kt:430:20 Unresolved reference 'ChatPlatform'.
e: file:///<home>/Desktop/code/moblin-android/app/src/main/java/com/moblin/android/various/model/ModelKick.kt:438:21 Argument type mismatch: actual type is 'MutableStateFlow<String>', but 'String' was expected.
e: file:///<home>/Desktop/code/moblin-android/app/src/main/java/com/moblin/android/various/model/ModelKick.kt:460:16 Unresolved reference 'kickToastAlerts'.
e: file:///<home>/Desktop/code/moblin-android/app/src/main/java/com/moblin/android/various/model/ModelKick.kt:463:16 Unresolved reference 'kickChatAlerts'.
e: file:///<home>/Desktop/code/moblin-android/app/src/main/java/com/moblin/android/various/model/ModelKick.kt:470:38 Unresolved reference 'other'.
e: file:///<home>/Desktop/code/moblin-android/app/src/main/java/com/moblin/android/various/model/ModelKick.kt:473:23 Unresolved reference 'Alert'.
e: file:///<home>/Desktop/code/moblin-android/app/src/main/java/com/moblin/android/various/model/ModelKick.kt:475:17 Unresolved reference 'EventCatPrinter'.
e: file:///<home>/Desktop/code/moblin-android/app/src/main/java/com/moblin/android/various/model/ModelKick.kt:480:48 Unresolved reference 'kickSubscription'.
e: file:///<home>/Desktop/code/moblin-android/app/src/main/java/com/moblin/android/various/model/ModelKick.kt:491:16 Unresolved reference 'kickToastAlerts'.
e: file:///<home>/Desktop/code/moblin-android/app/src/main/java/com/moblin/android/various/model/ModelKick.kt:494:16 Unresolved reference 'kickChatAlerts'.
e: file:///<home>/Desktop/code/moblin-android/app/src/main/java/com/moblin/android/various/model/ModelKick.kt:501:38 Unresolved reference 'other'.
e: file:///<home>/Desktop/code/moblin-android/app/src/main/java/com/moblin/android/various/model/ModelKick.kt:504:23 Unresolved reference 'Alert'.
e: file:///<home>/Desktop/code/moblin-android/app/src/main/java/com/moblin/android/various/model/ModelKick.kt:506:17 Unresolved reference 'EventCatPrinter'.
e: file:///<home>/Desktop/code/moblin-android/app/src/main/java/com/moblin/android/various/model/ModelKick.kt:512:41 Unresolved reference 'kickGiftSubscriptions'.
e: file:///<home>/Desktop/code/moblin-android/app/src/main/java/com/moblin/android/various/model/ModelKick.kt:523:16 Unresolved reference 'kickToastAlerts'.
e: file:///<home>/Desktop/code/moblin-android/app/src/main/java/com/moblin/android/various/model/ModelKick.kt:526:16 Unresolved reference 'kickChatAlerts'.
e: file:///<home>/Desktop/code/moblin-android/app/src/main/java/com/moblin/android/various/model/ModelKick.kt:533:38 Unresolved reference 'other'.
e: file:///<home>/Desktop/code/moblin-android/app/src/main/java/com/moblin/android/various/model/ModelKick.kt:536:23 Unresolved reference 'Alert'.
e: file:///<home>/Desktop/code/moblin-android/app/src/main/java/com/moblin/android/various/model/ModelKick.kt:538:17 Unresolved reference 'EventCatPrinter'.
e: file:///<home>/Desktop/code/moblin-android/app/src/main/java/com/moblin/android/various/model/ModelKick.kt:543:48 Unresolved reference 'kickReward'.
e: file:///<home>/Desktop/code/moblin-android/app/src/main/java/com/moblin/android/various/model/ModelKick.kt:550:16 Unresolved reference 'kickToastAlerts'.
e: file:///<home>/Desktop/code/moblin-android/app/src/main/java/com/moblin/android/various/model/ModelKick.kt:553:16 Unresolved reference 'kickChatAlerts'.
e: file:///<home>/Desktop/code/moblin-android/app/src/main/java/com/moblin/android/various/model/ModelKick.kt:560:38 Unresolved reference 'other'.
e: file:///<home>/Desktop/code/moblin-android/app/src/main/java/com/moblin/android/various/model/ModelKick.kt:563:23 Unresolved reference 'Alert'.
e: file:///<home>/Desktop/code/moblin-android/app/src/main/java/com/moblin/android/various/model/ModelKick.kt:565:17 Unresolved reference 'EventCatPrinter'.
e: file:///<home>/Desktop/code/moblin-android/app/src/main/java/com/moblin/android/various/model/ModelKick.kt:570:48 Unresolved reference 'kickHost'.
e: file:///<home>/Desktop/code/moblin-android/app/src/main/java/com/moblin/android/various/model/ModelKick.kt:584:16 Unresolved reference 'kickChatAlerts'.
e: file:///<home>/Desktop/code/moblin-android/app/src/main/java/com/moblin/android/various/model/ModelKick.kt:591:38 Unresolved reference 'other'.
e: file:///<home>/Desktop/code/moblin-android/app/src/main/java/com/moblin/android/various/model/ModelKick.kt:601:16 Unresolved reference 'kickToastAlerts'.
e: file:///<home>/Desktop/code/moblin-android/app/src/main/java/com/moblin/android/various/model/ModelKick.kt:604:16 Unresolved reference 'kickChatAlerts'.
e: file:///<home>/Desktop/code/moblin-android/app/src/main/java/com/moblin/android/various/model/ModelKick.kt:611:38 Unresolved reference 'other'.
e: file:///<home>/Desktop/code/moblin-android/app/src/main/java/com/moblin/android/various/model/ModelKick.kt:614:23 Unresolved reference 'Alert'.
e: file:///<home>/Desktop/code/moblin-android/app/src/main/java/com/moblin/android/various/model/ModelKick.kt:616:17 Unresolved reference 'EventCatPrinter'.
e: file:///<home>/Desktop/code/moblin-android/app/src/main/java/com/moblin/android/various/model/ModelKick.kt:621:48 Unresolved reference 'kickKicks'.
e: file:///<home>/Desktop/code/moblin-android/app/src/main/java/com/moblin/android/various/model/ModelKick.kt:626:17 Unresolved reference 'kickLoggedIn'.
e: file:///<home>/Desktop/code/moblin-android/app/src/main/java/com/moblin/android/various/model/ModelKick.kt:629:12 Unresolved reference 'kickLoggedIn'.
e: file:///<home>/Desktop/code/moblin-android/app/src/main/java/com/moblin/android/various/model/ModelKick.kt:630:39 Unresolved reference 'ChatPlatform'.
e: file:///<home>/Desktop/code/moblin-android/app/src/main/java/com/moblin/android/various/model/ModelLocation.kt:47:20 None of the following candidates is applicable:
fun <T : Any, R : ClosedRange<T>, Iterable<T>> R.contains(element: T?): Boolean
fun <T : Any, R : OpenEndRange<T>, Iterable<T>> R.contains(element: T?): Boolean
e: file:///<home>/Desktop/code/moblin-android/app/src/main/java/com/moblin/android/various/model/ModelLog.kt:32:27 Assignment type mismatch: actual type is 'MutableStateFlow<Boolean>', but 'Boolean' was expected.
e: file:///<home>/Desktop/code/moblin-android/app/src/main/java/com/moblin/android/various/model/ModelLog.kt:36:11 Cannot infer type for this parameter. Specify it explicitly.
e: file:///<home>/Desktop/code/moblin-android/app/src/main/java/com/moblin/android/various/model/ModelLog.kt:36:11 Not enough information to infer type argument for 'T'.
e: file:///<home>/Desktop/code/moblin-android/app/src/main/java/com/moblin/android/various/model/ModelLog.kt:36:11 Assignment type mismatch: actual type is 'List<ERROR CLASS: Cannot infer argument for type parameter T>', but 'ArrayDeque<LogEntry>' was expected.
e: file:///<home>/Desktop/code/moblin-android/app/src/main/java/com/moblin/android/various/model/ModelLog.kt:52:13 Unresolved reference 'clear'.
e: file:///<home>/Desktop/code/moblin-android/app/src/main/java/com/moblin/android/various/model/ModelLog.kt:64:15 Assignment type mismatch: actual type is 'List<LogEntry>', but 'ArrayDeque<LogEntry>' was expected.
e: file:///<home>/Desktop/code/moblin-android/app/src/main/java/com/moblin/android/various/model/ModelLog.kt:70:17 Unresolved reference 'add'.
e: file:///<home>/Desktop/code/moblin-android/app/src/main/java/com/moblin/android/various/model/ModelMoblink.kt:5:42 Unresolved reference 'ThermalState'.
e: file:///<home>/Desktop/code/moblin-android/app/src/main/java/com/moblin/android/various/model/ModelMoblink.kt:16:35 Unresolved reference 'applicationContext'.
e: file:///<home>/Desktop/code/moblin-android/app/src/main/java/com/moblin/android/various/model/ModelMoblink.kt:48:23 Unresolved reference 'applicationContext'.
e: file:///<home>/Desktop/code/moblin-android/app/src/main/java/com/moblin/android/various/model/ModelMoblink.kt:173:19 Unresolved reference 'applicationContext'.
e: file:///<home>/Desktop/code/moblin-android/app/src/main/java/com/moblin/android/various/model/ModelMoblink.kt:254:9 Unresolved reference 'ThermalState'.
e: file:///<home>/Desktop/code/moblin-android/app/src/main/java/com/moblin/android/various/model/ModelMoblink.kt:254:31 Unresolved reference 'ThermalState'.
e: file:///<home>/Desktop/code/moblin-android/app/src/main/java/com/moblin/android/various/model/ModelMoblink.kt:255:9 Unresolved reference 'ThermalState'.
e: file:///<home>/Desktop/code/moblin-android/app/src/main/java/com/moblin/android/various/model/ModelMoblink.kt:256:9 Unresolved reference 'ThermalState'.
e: file:///<home>/Desktop/code/moblin-android/app/src/main/java/com/moblin/android/various/model/ModelObs.kt:100:9 Unresolved reference 'obsSourceName'.
e: file:///<home>/Desktop/code/moblin-android/app/src/main/java/com/moblin/android/various/model/ModelObs.kt:104:16 Unresolved reference 'obsSourceName'.
e: file:///<home>/Desktop/code/moblin-android/app/src/main/java/com/moblin/android/various/model/ModelObs.kt:115:9 Unresolved reference 'obsSourceName'.
e: file:///<home>/Desktop/code/moblin-android/app/src/main/java/com/moblin/android/various/model/ModelObs.kt:119:16 Unresolved reference 'obsSourceName'.
e: file:///<home>/Desktop/code/moblin-android/app/src/main/java/com/moblin/android/various/model/ModelObs.kt:301:61 Unresolved reference 'obsBrbScene'.
e: file:///<home>/Desktop/code/moblin-android/app/src/main/java/com/moblin/android/various/model/ModelObs.kt:305:13 Unresolved reference 'obsBrbSceneVideoSourceBroken'.
e: file:///<home>/Desktop/code/moblin-android/app/src/main/java/com/moblin/android/various/model/ModelObs.kt:310:33 Unresolved reference 'isSrtlaCameraOrMic'.
e: file:///<home>/Desktop/code/moblin-android/app/src/main/java/com/moblin/android/various/model/ModelObs.kt:321:33 Unresolved reference 'isSrtClientCameraOrMic'.
e: file:///<home>/Desktop/code/moblin-android/app/src/main/java/com/moblin/android/various/model/ModelObs.kt:327:33 Unresolved reference 'isRtmpCameraOrMic'.
e: file:///<home>/Desktop/code/moblin-android/app/src/main/java/com/moblin/android/various/model/ModelObs.kt:352:9 Unresolved reference 'obsMainScene'.
e: file:///<home>/Desktop/code/moblin-android/app/src/main/java/com/moblin/android/various/model/ModelObs.kt:355:9 Unresolved reference 'obsBrbScene'.
e: file:///<home>/Desktop/code/moblin-android/app/src/main/java/com/moblin/android/various/model/ModelObs.kt:364:9 Unresolved reference 'streamingDirectlyToObs'.
e: file:///<home>/Desktop/code/moblin-android/app/src/main/java/com/moblin/android/various/model/ModelObs.kt:387:54 Unresolved reference 'obsBrbScene'.
e: file:///<home>/Desktop/code/moblin-android/app/src/main/java/com/moblin/android/various/model/ModelObs.kt:409:46 Unresolved reference 'obsBrbScene'.
e: file:///<home>/Desktop/code/moblin-android/app/src/main/java/com/moblin/android/various/model/ModelObs.kt:412:42 Unresolved reference 'obsMainScene'.
e: file:///<home>/Desktop/code/moblin-android/app/src/main/java/com/moblin/android/various/model/ModelObs.kt:413:24 Unresolved reference 'obsMainScene'.
e: file:///<home>/Desktop/code/moblin-android/app/src/main/java/com/moblin/android/various/model/ModelObs.kt:417:46 Unresolved reference 'obsMainScene'.
e: file:///<home>/Desktop/code/moblin-android/app/src/main/java/com/moblin/android/various/model/ModelObs.kt:420:41 Unresolved reference 'obsBrbScene'.
e: file:///<home>/Desktop/code/moblin-android/app/src/main/java/com/moblin/android/various/model/ModelObs.kt:421:24 Unresolved reference 'obsBrbScene'.
e: file:///<home>/Desktop/code/moblin-android/app/src/main/java/com/moblin/android/various/model/ModelObs.kt:452:9 Unresolved reference 'obsWebSocketUrl'.
e: file:///<home>/Desktop/code/moblin-android/app/src/main/java/com/moblin/android/various/model/ModelObs.kt:457:15 Unresolved reference 'obsWebSocketUrl'.
e: file:///<home>/Desktop/code/moblin-android/app/src/main/java/com/moblin/android/various/model/ModelObs.kt:458:20 Unresolved reference 'obsWebSocketPassword'.
e: file:///<home>/Desktop/code/moblin-android/app/src/main/java/com/moblin/android/various/model/ModelObs.kt:533:21 Unresolved reference 'obsSourceName'.
e: file:///<home>/Desktop/code/moblin-android/app/src/main/java/com/moblin/android/various/model/ModelObs.kt:601:12 Unresolved reference 'obsWebSocketEnabled'.
e: file:///<home>/Desktop/code/moblin-android/app/src/main/java/com/moblin/android/various/model/ModelObs.kt:601:35 Unresolved reference 'obsWebSocketUrl'.
e: file:///<home>/Desktop/code/moblin-android/app/src/main/java/com/moblin/android/various/model/ModelObs.kt:652:51 Unresolved reference 'obsSourceName'.
e: file:///<home>/Desktop/code/moblin-android/app/src/main/java/com/moblin/android/various/model/ModelObs.kt:655:32 Unresolved reference 'obsSourceName'.
e: file:///<home>/Desktop/code/moblin-android/app/src/main/java/com/moblin/android/various/model/ModelPictureInPicture.kt:41:27 Unresolved reference 'value'.
e: file:///<home>/Desktop/code/moblin-android/app/src/main/java/com/moblin/android/various/model/ModelPictureInPicture.kt:42:27 Unresolved reference 'value'.
e: file:///<home>/Desktop/code/moblin-android/app/src/main/java/com/moblin/android/various/model/ModelPictureInPicture.kt:46:23 Unresolved reference 'value'.
e: file:///<home>/Desktop/code/moblin-android/app/src/main/java/com/moblin/android/various/model/ModelPictureInPicture.kt:51:26 Unresolved reference 'value'.
e: file:///<home>/Desktop/code/moblin-android/app/src/main/java/com/moblin/android/various/model/ModelRecording.kt:109:50 Unresolved reference. None of the following candidates is applicable because of a receiver type mismatch:
fun ULong.formatBytes(): String
e: file:///<home>/Desktop/code/moblin-android/app/src/main/java/com/moblin/android/various/model/ModelRecording.kt:134:51 Unresolved reference 'RECORD'.
e: file:///<home>/Desktop/code/moblin-android/app/src/main/java/com/moblin/android/various/model/ModelRecording.kt:139:87 Argument type mismatch: actual type is 'MutableStateFlow<Boolean>', but 'Boolean?' was expected.
e: file:///<home>/Desktop/code/moblin-android/app/src/main/java/com/moblin/android/various/model/ModelRemoteControl.kt:127:33 Cannot infer type for this parameter. Specify it explicitly.
e: file:///<home>/Desktop/code/moblin-android/app/src/main/java/com/moblin/android/various/model/ModelRemoteControl.kt:127:33 Not enough information to infer type argument for 'T'.
e: file:///<home>/Desktop/code/moblin-android/app/src/main/java/com/moblin/android/various/model/ModelRemoteControl.kt:127:33 Assignment type mismatch: actual type is 'MutableList<ERROR CLASS: Cannot infer argument for type parameter T>', but 'ArrayDeque<LogEntry>' was expected.
e: file:///<home>/Desktop/code/moblin-android/app/src/main/java/com/moblin/android/various/model/ModelRemoteControl.kt:145:21 Argument type mismatch: actual type is 'URI', but 'String' was expected.
e: file:///<home>/Desktop/code/moblin-android/app/src/main/java/com/moblin/android/various/model/ModelRemoteControl.kt:147:20 Argument type mismatch: actual type is 'Model', but 'RemoteControlStreamerDelegate' was expected.
e: file:///<home>/Desktop/code/moblin-android/app/src/main/java/com/moblin/android/various/model/ModelRemoteControl.kt:154:30 Unresolved reference 'twitchChannelName'.
e: file:///<home>/Desktop/code/moblin-android/app/src/main/java/com/moblin/android/various/model/ModelRemoteControl.kt:155:28 Unresolved reference 'twitchChannelId'.
e: file:///<home>/Desktop/code/moblin-android/app/src/main/java/com/moblin/android/various/model/ModelRemoteControl.kt:156:30 Unresolved reference 'twitchAccessToken'.
e: file:///<home>/Desktop/code/moblin-android/app/src/main/java/com/moblin/android/various/model/ModelRemoteControl.kt:186:9 Operator '!=' cannot be applied to 'String' and 'MutableStateFlow<String>'.
e: file:///<home>/Desktop/code/moblin-android/app/src/main/java/com/moblin/android/various/model/ModelRemoteControl.kt:187:24 'val' cannot be reassigned.
e: file:///<home>/Desktop/code/moblin-android/app/src/main/java/com/moblin/android/various/model/ModelRemoteControl.kt:187:46 Assignment type mismatch: actual type is 'String', but 'MutableStateFlow<String>' was expected.
e: file:///<home>/Desktop/code/moblin-android/app/src/main/java/com/moblin/android/various/model/ModelRemoteControl.kt:189:9 Operator '!=' cannot be applied to 'Boolean' and 'MutableStateFlow<Boolean>'.
e: file:///<home>/Desktop/code/moblin-android/app/src/main/java/com/moblin/android/various/model/ModelRemoteControl.kt:190:24 'val' cannot be reassigned.
e: file:///<home>/Desktop/code/moblin-android/app/src/main/java/com/moblin/android/various/model/ModelRemoteControl.kt:190:42 Assignment type mismatch: actual type is 'Boolean', but 'MutableStateFlow<Boolean>' was expected.
e: file:///<home>/Desktop/code/moblin-android/app/src/main/java/com/moblin/android/various/model/ModelRemoteControl.kt:216:20 Argument type mismatch: actual type is 'Model', but 'RemoteControlAssistantDelegate' was expected.
e: file:///<home>/Desktop/code/moblin-android/app/src/main/java/com/moblin/android/various/model/ModelRemoteControl.kt:226:11 Condition type mismatch: inferred type is 'MutableStateFlow<Boolean>' but 'Boolean' was expected.
e: file:///<home>/Desktop/code/moblin-android/app/src/main/java/com/moblin/android/various/model/ModelRemoteControl.kt:423:26 Cannot access 'constructor(baseUrl: String, bridgeId: String, assistantUrl: String, controlUrl: String): RemoteControlRelay': it is private in 'com/moblin/android/remotecontrol/RemoteControlRelay'.
e: file:///<home>/Desktop/code/moblin-android/app/src/main/java/com/moblin/android/various/model/ModelRemoteControl.kt:472:33 None of the following candidates is applicable:
fun times(other: Int): Int
fun times(other: Byte): Int
fun times(other: Short): Int
fun times(other: Long): Long
fun times(other: Float): Float
fun times(other: Double): Double
e: file:///<home>/Desktop/code/moblin-android/app/src/main/java/com/moblin/android/various/model/ModelRemoteControl.kt:474:9 Incompatible types 'MutableStateFlow<ERROR CLASS: Cannot infer argument for type parameter T>' and 'Int'.
e: file:///<home>/Desktop/code/moblin-android/app/src/main/java/com/moblin/android/various/model/ModelRemoteControl.kt:475:9 Incompatible types 'MutableStateFlow<ERROR CLASS: Cannot infer argument for type parameter T>' and 'Int'.
e: file:///<home>/Desktop/code/moblin-android/app/src/main/java/com/moblin/android/various/model/ModelRemoteControl.kt:475:94 Unresolved reference 'white'.
e: file:///<home>/Desktop/code/moblin-android/app/src/main/java/com/moblin/android/various/model/ModelRemoteControl.kt:476:9 Incompatible types 'MutableStateFlow<ERROR CLASS: Cannot infer argument for type parameter T>' and 'Int'.
e: file:///<home>/Desktop/code/moblin-android/app/src/main/java/com/moblin/android/various/model/ModelRemoteControl.kt:476:97 Unresolved reference 'yellow'.
e: file:///<home>/Desktop/code/moblin-android/app/src/main/java/com/moblin/android/various/model/ModelRemoteControl.kt:477:65 Unresolved reference 'red'.
e: file:///<home>/Desktop/code/moblin-android/app/src/main/java/com/moblin/android/various/model/ModelRemoteControl.kt:480:22 Assignment type mismatch: actual type is 'MutableStateFlow<Boolean>', but 'Boolean?' was expected.
e: file:///<home>/Desktop/code/moblin-android/app/src/main/java/com/moblin/android/various/model/ModelRemoteControl.kt:481:27 Assignment type mismatch: actual type is 'MutableStateFlow<Boolean>', but 'Boolean?' was expected.
e: file:///<home>/Desktop/code/moblin-android/app/src/main/java/com/moblin/android/various/model/ModelRemoteControl.kt:482:23 Assignment type mismatch: actual type is 'MutableStateFlow<Boolean>', but 'Boolean?' was expected.
e: file:///<home>/Desktop/code/moblin-android/app/src/main/java/com/moblin/android/various/model/ModelRemoteControl.kt:489:60 Argument type mismatch: actual type is 'MutableStateFlow<String>', but 'String' was expected.
e: file:///<home>/Desktop/code/moblin-android/app/src/main/java/com/moblin/android/various/model/ModelRemoteControl.kt:491:56 Argument type mismatch: actual type is 'MutableStateFlow<String>', but 'String' was expected.
e: file:///<home>/Desktop/code/moblin-android/app/src/main/java/com/moblin/android/various/model/ModelRemoteControl.kt:492:65 Unresolved reference 'name'.
e: file:///<home>/Desktop/code/moblin-android/app/src/main/java/com/moblin/android/various/model/ModelRemoteControl.kt:493:9 Condition type mismatch: inferred type is 'MutableStateFlow<Boolean>' but 'Boolean' was expected.
e: file:///<home>/Desktop/code/moblin-android/app/src/main/java/com/moblin/android/various/model/ModelRemoteControl.kt:497:57 Argument type mismatch: actual type is 'MutableStateFlow<String>', but 'String' was expected.
e: file:///<home>/Desktop/code/moblin-android/app/src/main/java/com/moblin/android/various/model/ModelRemoteControl.kt:500:60 Argument type mismatch: actual type is 'MutableStateFlow<String>', but 'String' was expected.
e: file:///<home>/Desktop/code/moblin-android/app/src/main/java/com/moblin/android/various/model/ModelRemoteControl.kt:503:58 Argument type mismatch: actual type is 'MutableStateFlow<String>', but 'String' was expected.
e: file:///<home>/Desktop/code/moblin-android/app/src/main/java/com/moblin/android/various/model/ModelRemoteControl.kt:505:34 Condition type mismatch: inferred type is 'MutableStateFlow<Boolean>' but 'Boolean' was expected.
e: file:///<home>/Desktop/code/moblin-android/app/src/main/java/com/moblin/android/various/model/ModelRemoteControl.kt:513:42 Argument type mismatch: actual type is 'MutableStateFlow<Float>', but 'Float' was expected.
e: file:///<home>/Desktop/code/moblin-android/app/src/main/java/com/moblin/android/various/model/ModelRemoteControl.kt:513:69 Argument type mismatch: actual type is 'MutableStateFlow<Boolean>', but 'Boolean' was expected.
e: file:///<home>/Desktop/code/moblin-android/app/src/main/java/com/moblin/android/various/model/ModelRemoteControl.kt:514:45 Argument type mismatch: actual type is 'MutableStateFlow<Int>', but 'Int' was expected.
e: file:///<home>/Desktop/code/moblin-android/app/src/main/java/com/moblin/android/various/model/ModelRemoteControl.kt:517:60 Unresolved reference 'unknown'.
e: file:///<home>/Desktop/code/moblin-android/app/src/main/java/com/moblin/android/various/model/ModelRemoteControl.kt:518:33 Argument type mismatch: actual type is 'MutableStateFlow<Int>', but 'Int' was expected.
e: file:///<home>/Desktop/code/moblin-android/app/src/main/java/com/moblin/android/various/model/ModelRemoteControl.kt:520:9 Condition type mismatch: inferred type is 'MutableStateFlow<Boolean>' but 'Boolean' was expected.
e: file:///<home>/Desktop/code/moblin-android/app/src/main/java/com/moblin/android/various/model/ModelRemoteControl.kt:521:81 Unresolved reference 'muted'.
e: file:///<home>/Desktop/code/moblin-android/app/src/main/java/com/moblin/android/various/model/ModelRemoteControl.kt:523:81 Unresolved reference 'value'.
e: file:///<home>/Desktop/code/moblin-android/app/src/main/java/com/moblin/android/various/model/ModelRemoteControl.kt:526:65 Argument type mismatch: actual type is 'MutableStateFlow<String>', but 'String' was expected.
e: file:///<home>/Desktop/code/moblin-android/app/src/main/java/com/moblin/android/various/model/ModelRemoteControl.kt:529:68 Argument type mismatch: actual type is 'MutableStateFlow<String>', but 'String' was expected.
e: file:///<home>/Desktop/code/moblin-android/app/src/main/java/com/moblin/android/various/model/ModelRemoteControl.kt:532:69 Argument type mismatch: actual type is 'MutableStateFlow<String>', but 'String' was expected.
e: file:///<home>/Desktop/code/moblin-android/app/src/main/java/com/moblin/android/various/model/ModelRemoteControl.kt:534:9 Condition type mismatch: inferred type is 'MutableStateFlow<Boolean>' but 'Boolean' was expected.
e: file:///<home>/Desktop/code/moblin-android/app/src/main/java/com/moblin/android/various/model/ModelRemoteControl.kt:535:62 Argument type mismatch: actual type is 'MutableStateFlow<String>', but 'String' was expected.
e: file:///<home>/Desktop/code/moblin-android/app/src/main/java/com/moblin/android/various/model/ModelRemoteControl.kt:537:9 Condition type mismatch: inferred type is 'MutableStateFlow<Boolean>' but 'Boolean' was expected.
e: file:///<home>/Desktop/code/moblin-android/app/src/main/java/com/moblin/android/various/model/ModelRemoteControl.kt:538:61 Argument type mismatch: actual type is 'MutableStateFlow<String>', but 'String' was expected.
e: file:///<home>/Desktop/code/moblin-android/app/src/main/java/com/moblin/android/various/model/ModelRemoteControl.kt:541:63 Argument type mismatch: actual type is 'MutableStateFlow<String>', but 'String' was expected.
e: file:///<home>/Desktop/code/moblin-android/app/src/main/java/com/moblin/android/various/model/ModelRemoteControl.kt:544:60 Argument type mismatch: actual type is 'MutableStateFlow<String>', but 'String' was expected.
e: file:///<home>/Desktop/code/moblin-android/app/src/main/java/com/moblin/android/various/model/ModelRemoteControl.kt:547:64 Argument type mismatch: actual type is 'MutableStateFlow<String>', but 'String' was expected.
e: file:///<home>/Desktop/code/moblin-android/app/src/main/java/com/moblin/android/various/model/ModelRemoteControl.kt:549:9 Condition type mismatch: inferred type is 'MutableStateFlow<Boolean>' but 'Boolean' was expected.
e: file:///<home>/Desktop/code/moblin-android/app/src/main/java/com/moblin/android/various/model/ModelRemoteControl.kt:552:16 Unresolved reference 'replay'.
e: file:///<home>/Desktop/code/moblin-android/app/src/main/java/com/moblin/android/various/model/ModelRemoteControl.kt:556:69 Argument type mismatch: actual type is 'MutableStateFlow<String>', but 'String' was expected.
e: file:///<home>/Desktop/code/moblin-android/app/src/main/java/com/moblin/android/various/model/ModelRemoteControl.kt:559:62 Argument type mismatch: actual type is 'StateFlow<String>', but 'String' was expected.
e: file:///<home>/Desktop/code/moblin-android/app/src/main/java/com/moblin/android/various/model/ModelRemoteControl.kt:561:41 Unresolved reference 'isNotEmpty'.
e: file:///<home>/Desktop/code/moblin-android/app/src/main/java/com/moblin/android/various/model/ModelRemoteControl.kt:562:65 Argument type mismatch: actual type is 'MutableStateFlow<String>', but 'String' was expected.
e: file:///<home>/Desktop/code/moblin-android/app/src/main/java/com/moblin/android/various/model/ModelRemoteControl.kt:584:54 Unresolved reference 'currentWeather'.
e: file:///<home>/Desktop/code/moblin-android/app/src/main/java/com/moblin/android/various/model/ModelRemoteControl.kt:606:34 Unresolved reference 'country'.
e: file:///<home>/Desktop/code/moblin-android/app/src/main/java/com/moblin/android/various/model/ModelRemoteControl.kt:607:62 Unresolved reference 'isoCountryCode'.
e: file:///<home>/Desktop/code/moblin-android/app/src/main/java/com/moblin/android/various/model/ModelRemoteControl.kt:608:32 Unresolved reference 'administrativeArea'.
e: file:///<home>/Desktop/code/moblin-android/app/src/main/java/com/moblin/android/various/model/ModelRemoteControl.kt:609:31 Unresolved reference 'subAdministrativeArea'.
e: file:///<home>/Desktop/code/moblin-android/app/src/main/java/com/moblin/android/various/model/ModelRemoteControl.kt:637:34 Unresolved reference 'compareTo'.
e: file:///<home>/Desktop/code/moblin-android/app/src/main/java/com/moblin/android/various/model/ModelRemoteControl.kt:638:37 Argument type mismatch: actual type is 'MutableStateFlow<Int>', but 'Int' was expected.
e: file:///<home>/Desktop/code/moblin-android/app/src/main/java/com/moblin/android/various/model/ModelRemoteControl.kt:640:72 Argument type mismatch: actual type is 'MutableStateFlow<UUID?>', but 'UUID?' was expected.
e: file:///<home>/Desktop/code/moblin-android/app/src/main/java/com/moblin/android/various/model/ModelRemoteControl.kt:641:29 Unresolved reference 'id'.
e: file:///<home>/Desktop/code/moblin-android/app/src/main/java/com/moblin/android/various/model/ModelRemoteControl.kt:642:61 Unresolved reference 'bitrate'.
e: file:///<home>/Desktop/code/moblin-android/app/src/main/java/com/moblin/android/various/model/ModelRemoteControl.kt:647:9 Unresolved reference 'CameraPosition'.
e: file:///<home>/Desktop/code/moblin-android/app/src/main/java/com/moblin/android/various/model/ModelRemoteControl.kt:648:55 Unresolved reference 'map'.
e: file:///<home>/Desktop/code/moblin-android/app/src/main/java/com/moblin/android/various/model/ModelRemoteControl.kt:649:46 Unresolved reference 'it'.
e: file:///<home>/Desktop/code/moblin-android/app/src/main/java/com/moblin/android/various/model/ModelRemoteControl.kt:649:60 Unresolved reference 'it'.
e: file:///<home>/Desktop/code/moblin-android/app/src/main/java/com/moblin/android/various/model/ModelRemoteControl.kt:651:32 Assignment type mismatch: actual type is 'MutableStateFlow<UUID!>', but 'UUID?' was expected.
e: file:///<home>/Desktop/code/moblin-android/app/src/main/java/com/moblin/android/various/model/ModelRemoteControl.kt:653:9 Unresolved reference 'CameraPosition'.
e: file:///<home>/Desktop/code/moblin-android/app/src/main/java/com/moblin/android/various/model/ModelRemoteControl.kt:654:54 Unresolved reference 'map'.
e: file:///<home>/Desktop/code/moblin-android/app/src/main/java/com/moblin/android/various/model/ModelRemoteControl.kt:655:46 Unresolved reference 'it'.
e: file:///<home>/Desktop/code/moblin-android/app/src/main/java/com/moblin/android/various/model/ModelRemoteControl.kt:655:60 Unresolved reference 'it'.
e: file:///<home>/Desktop/code/moblin-android/app/src/main/java/com/moblin/android/various/model/ModelRemoteControl.kt:657:32 Assignment type mismatch: actual type is 'MutableStateFlow<UUID!>', but 'UUID?' was expected.
e: file:///<home>/Desktop/code/moblin-android/app/src/main/java/com/moblin/android/various/model/ModelRemoteControl.kt:663:18 Assignment type mismatch: actual type is 'MutableStateFlow<Float>', but 'Float?' was expected.
e: file:///<home>/Desktop/code/moblin-android/app/src/main/java/com/moblin/android/various/model/ModelRemoteControl.kt:664:26 Assignment type mismatch: actual type is 'MutableStateFlow<Boolean>', but 'Boolean?' was expected.
e: file:///<home>/Desktop/code/moblin-android/app/src/main/java/com/moblin/android/various/model/ModelRemoteControl.kt:665:23 Assignment type mismatch: actual type is 'MutableStateFlow<Boolean>', but 'Boolean?' was expected.
e: file:///<home>/Desktop/code/moblin-android/app/src/main/java/com/moblin/android/various/model/ModelRemoteControl.kt:666:23 Assignment type mismatch: actual type is 'MutableStateFlow<Boolean>', but 'Boolean?' was expected.
e: file:///<home>/Desktop/code/moblin-android/app/src/main/java/com/moblin/android/various/model/ModelRemoteControl.kt:667:19 Assignment type mismatch: actual type is 'MutableStateFlow<Boolean>', but 'Boolean?' was expected.
e: file:///<home>/Desktop/code/moblin-android/app/src/main/java/com/moblin/android/various/model/ModelRemoteControl.kt:668:25 Assignment type mismatch: actual type is 'MutableStateFlow<Boolean>', but 'Boolean?' was expected.
e: file:///<home>/Desktop/code/moblin-android/app/src/main/java/com/moblin/android/various/model/ModelRemoteControl.kt:669:27 Assignment type mismatch: actual type is 'MutableStateFlow<Boolean>', but 'Boolean?' was expected.
e: file:///<home>/Desktop/code/moblin-android/app/src/main/java/com/moblin/android/various/model/ModelRemoteControl.kt:670:21 Assignment type mismatch: actual type is 'MutableStateFlow<Boolean>', but 'Boolean?' was expected.
e: file:///<home>/Desktop/code/moblin-android/app/src/main/java/com/moblin/android/various/model/ModelRemoteControl.kt:674:24 Unresolved reference 'put'.
e: file:///<home>/Desktop/code/moblin-android/app/src/main/java/com/moblin/android/various/model/ModelRemoteControl.kt:704:52 Argument type mismatch: actual type is 'Model', but 'RemoteControlWebDelegate' was expected.
e: file:///<home>/Desktop/code/moblin-android/app/src/main/java/com/moblin/android/various/model/ModelRemoteControl.kt:709:5 'when' expression must be exhaustive. Add the 'Pixellate', 'Movie', 'GrayScale', 'Sepia', 'Triple', 'Twin', 'FourThree', ... branches or an 'else' branch.
e: file:///<home>/Desktop/code/moblin-android/app/src/main/java/com/moblin/android/various/model/ModelRemoteControl.kt:710:29 Unresolved reference 'pixellate'.
e: file:///<home>/Desktop/code/moblin-android/app/src/main/java/com/moblin/android/various/model/ModelRemoteControl.kt:711:29 Unresolved reference 'movie'.
e: file:///<home>/Desktop/code/moblin-android/app/src/main/java/com/moblin/android/various/model/ModelRemoteControl.kt:711:66 Unresolved reference 'SettingsQuickButtonType'.
e: file:///<home>/Desktop/code/moblin-android/app/src/main/java/com/moblin/android/various/model/ModelRemoteControl.kt:712:29 Unresolved reference 'grayScale'.
e: file:///<home>/Desktop/code/moblin-android/app/src/main/java/com/moblin/android/various/model/ModelRemoteControl.kt:712:70 Unresolved reference 'SettingsQuickButtonType'.
e: file:///<home>/Desktop/code/moblin-android/app/src/main/java/com/moblin/android/various/model/ModelRemoteControl.kt:713:29 Unresolved reference 'sepia'.
e: file:///<home>/Desktop/code/moblin-android/app/src/main/java/com/moblin/android/various/model/ModelRemoteControl.kt:713:66 Unresolved reference 'SettingsQuickButtonType'.
e: file:///<home>/Desktop/code/moblin-android/app/src/main/java/com/moblin/android/various/model/ModelRemoteControl.kt:714:29 Unresolved reference 'triple'.
e: file:///<home>/Desktop/code/moblin-android/app/src/main/java/com/moblin/android/various/model/ModelRemoteControl.kt:714:67 Unresolved reference 'SettingsQuickButtonType'.
e: file:///<home>/Desktop/code/moblin-android/app/src/main/java/com/moblin/android/various/model/ModelRemoteControl.kt:715:29 Unresolved reference 'twin'.
e: file:///<home>/Desktop/code/moblin-android/app/src/main/java/com/moblin/android/various/model/ModelRemoteControl.kt:715:65 Unresolved reference 'SettingsQuickButtonType'.
e: file:///<home>/Desktop/code/moblin-android/app/src/main/java/com/moblin/android/various/model/ModelRemoteControl.kt:716:29 Unresolved reference 'fourThree'.
e: file:///<home>/Desktop/code/moblin-android/app/src/main/java/com/moblin/android/various/model/ModelRemoteControl.kt:716:70 Unresolved reference 'SettingsQuickButtonType'.
e: file:///<home>/Desktop/code/moblin-android/app/src/main/java/com/moblin/android/various/model/ModelRemoteControl.kt:717:29 Unresolved reference 'crt'.
e: file:///<home>/Desktop/code/moblin-android/app/src/main/java/com/moblin/android/various/model/ModelRemoteControl.kt:717:64 Unresolved reference 'SettingsQuickButtonType'.
e: file:///<home>/Desktop/code/moblin-android/app/src/main/java/com/moblin/android/various/model/ModelRemoteControl.kt:718:29 Unresolved reference 'pinch'.
e: file:///<home>/Desktop/code/moblin-android/app/src/main/java/com/moblin/android/various/model/ModelRemoteControl.kt:719:29 Unresolved reference 'whirlpool'.
e: file:///<home>/Desktop/code/moblin-android/app/src/main/java/com/moblin/android/various/model/ModelRemoteControl.kt:720:29 Unresolved reference 'poll'.
e: file:///<home>/Desktop/code/moblin-android/app/src/main/java/com/moblin/android/various/model/ModelRemoteControl.kt:721:29 Unresolved reference 'blurFaces'.
e: file:///<home>/Desktop/code/moblin-android/app/src/main/java/com/moblin/android/various/model/ModelRemoteControl.kt:722:29 Unresolved reference 'privacy'.
e: file:///<home>/Desktop/code/moblin-android/app/src/main/java/com/moblin/android/various/model/ModelRemoteControl.kt:723:29 Unresolved reference 'beauty'.
e: file:///<home>/Desktop/code/moblin-android/app/src/main/java/com/moblin/android/various/model/ModelRemoteControl.kt:724:29 Unresolved reference 'moblinInMouth'.
e: file:///<home>/Desktop/code/moblin-android/app/src/main/java/com/moblin/android/various/model/ModelRemoteControl.kt:725:29 Unresolved reference 'cameraMan'.
e: file:///<home>/Desktop/code/moblin-android/app/src/main/java/com/moblin/android/various/model/ModelRemoteControl.kt:743:35 Unresolved reference 'map'.
e: file:///<home>/Desktop/code/moblin-android/app/src/main/java/com/moblin/android/various/model/ModelRemoteControl.kt:744:39 Unresolved reference 'it'.
e: file:///<home>/Desktop/code/moblin-android/app/src/main/java/com/moblin/android/various/model/ModelRemoteControl.kt:744:53 Unresolved reference 'it'.
e: file:///<home>/Desktop/code/moblin-android/app/src/main/java/com/moblin/android/various/model/ModelRemoteControl.kt:747:66 Argument type mismatch: actual type is 'Int', but 'UInt' was expected.
e: file:///<home>/Desktop/code/moblin-android/app/src/main/java/com/moblin/android/various/model/ModelRemoteControl.kt:749:39 Unresolved reference 'srt'.
e: file:///<home>/Desktop/code/moblin-android/app/src/main/java/com/moblin/android/various/model/ModelRemoteControl.kt:751:18 Unresolved reference 'it'.
e: file:///<home>/Desktop/code/moblin-android/app/src/main/java/com/moblin/android/various/model/ModelRemoteControl.kt:752:20 Unresolved reference 'it'.
e: file:///<home>/Desktop/code/moblin-android/app/src/main/java/com/moblin/android/various/model/ModelRemoteControl.kt:753:24 Unresolved reference 'it'.
e: file:///<home>/Desktop/code/moblin-android/app/src/main/java/com/moblin/android/various/model/ModelRemoteControl.kt:754:23 Unresolved reference 'it'.
e: file:///<home>/Desktop/code/moblin-android/app/src/main/java/com/moblin/android/various/model/ModelRemoteControl.kt:757:46 Unresolved reference 'srt'.
e: file:///<home>/Desktop/code/moblin-android/app/src/main/java/com/moblin/android/various/model/ModelRemoteControl.kt:817:27 Condition type mismatch: inferred type is 'MutableStateFlow<Boolean>' but 'Boolean' was expected.
e: file:///<home>/Desktop/code/moblin-android/app/src/main/java/com/moblin/android/various/model/ModelRemoteControl.kt:817:37 Condition type mismatch: inferred type is 'MutableStateFlow<Boolean>' but 'Boolean' was expected.
e: file:///<home>/Desktop/code/moblin-android/app/src/main/java/com/moblin/android/various/model/ModelRemoteControl.kt:842:26 Argument type mismatch: actual type is 'Int', but 'UInt' was expected.
e: file:///<home>/Desktop/code/moblin-android/app/src/main/java/com/moblin/android/various/model/ModelRemoteControl.kt:870:20 'val' cannot be reassigned.
e: file:///<home>/Desktop/code/moblin-android/app/src/main/java/com/moblin/android/various/model/ModelRemoteControl.kt:870:35 Assignment type mismatch: actual type is 'Boolean', but 'MutableStateFlow<Boolean>' was expected.
e: file:///<home>/Desktop/code/moblin-android/app/src/main/java/com/moblin/android/various/model/ModelRemoteControl.kt:891:19 'val' cannot be reassigned.
e: file:///<home>/Desktop/code/moblin-android/app/src/main/java/com/moblin/android/various/model/ModelRemoteControl.kt:891:31 Assignment type mismatch: actual type is 'Boolean', but 'MutableStateFlow<Boolean>' was expected.
e: file:///<home>/Desktop/code/moblin-android/app/src/main/java/com/moblin/android/various/model/ModelRemoteControl.kt:893:27 Unresolved reference 'SettingsQuickButtonType'.
e: file:///<home>/Desktop/code/moblin-android/app/src/main/java/com/moblin/android/various/model/ModelRemoteControl.kt:901:12 Unresolved reference 'srt'.
e: file:///<home>/Desktop/code/moblin-android/app/src/main/java/com/moblin/android/various/model/ModelRemoteControl.kt:906:24 Unresolved reference 'srt'.
e: file:///<home>/Desktop/code/moblin-android/app/src/main/java/com/moblin/android/various/model/ModelRemoteControl.kt:906:74 Unresolved reference 'it'.
e: file:///<home>/Desktop/code/moblin-android/app/src/main/java/com/moblin/android/various/model/ModelRemoteControl.kt:908:15 Unresolved reference 'priority'.
e: file:///<home>/Desktop/code/moblin-android/app/src/main/java/com/moblin/android/various/model/ModelRemoteControl.kt:909:15 Unresolved reference 'enabled'.
e: file:///<home>/Desktop/code/moblin-android/app/src/main/java/com/moblin/android/various/model/ModelRemoteControl.kt:972:21 Argument type mismatch: actual type is 'MutableStateFlow<String>', but 'String' was expected.
e: file:///<home>/Desktop/code/moblin-android/app/src/main/java/com/moblin/android/various/model/ModelRemoteControl.kt:1160:9 Condition type mismatch: inferred type is 'MutableStateFlow<Boolean>' but 'Boolean' was expected.
e: file:///<home>/Desktop/code/moblin-android/app/src/main/java/com/moblin/android/various/model/ModelRemoteControl.kt:1160:19 Condition type mismatch: inferred type is 'MutableStateFlow<Boolean>' but 'Boolean' was expected.
e: file:///<home>/Desktop/code/moblin-android/app/src/main/java/com/moblin/android/various/model/ModelRemoteControl.kt:1164:28 No value passed for parameter 'context'.
e: file:///<home>/Desktop/code/moblin-android/app/src/main/java/com/moblin/android/various/model/ModelRemoteControl.kt:1251:58 Unresolved reference 'put'.
e: file:///<home>/Desktop/code/moblin-android/app/src/main/java/com/moblin/android/various/model/ModelRemoteControl.kt:1252:13 'when' expression must be exhaustive. Add the 'Pixellate', 'Movie', 'GrayScale', 'Sepia', 'Triple', 'Twin', 'FourThree', ... branches or an 'else' branch.
e: file:///<home>/Desktop/code/moblin-android/app/src/main/java/com/moblin/android/various/model/ModelRemoteControl.kt:1253:37 Unresolved reference 'pixellate'.
e: file:///<home>/Desktop/code/moblin-android/app/src/main/java/com/moblin/android/various/model/ModelRemoteControl.kt:1254:37 Unresolved reference 'movie'.
e: file:///<home>/Desktop/code/moblin-android/app/src/main/java/com/moblin/android/various/model/ModelRemoteControl.kt:1255:37 Unresolved reference 'grayScale'.
e: file:///<home>/Desktop/code/moblin-android/app/src/main/java/com/moblin/android/various/model/ModelRemoteControl.kt:1256:37 Unresolved reference 'sepia'.
e: file:///<home>/Desktop/code/moblin-android/app/src/main/java/com/moblin/android/various/model/ModelRemoteControl.kt:1257:37 Unresolved reference 'triple'.
e: file:///<home>/Desktop/code/moblin-android/app/src/main/java/com/moblin/android/various/model/ModelRemoteControl.kt:1258:37 Unresolved reference 'twin'.
e: file:///<home>/Desktop/code/moblin-android/app/src/main/java/com/moblin/android/various/model/ModelRemoteControl.kt:1259:37 Unresolved reference 'fourThree'.
e: file:///<home>/Desktop/code/moblin-android/app/src/main/java/com/moblin/android/various/model/ModelRemoteControl.kt:1260:37 Unresolved reference 'crt'.
e: file:///<home>/Desktop/code/moblin-android/app/src/main/java/com/moblin/android/various/model/ModelRemoteControl.kt:1261:37 Unresolved reference 'pinch'.
e: file:///<home>/Desktop/code/moblin-android/app/src/main/java/com/moblin/android/various/model/ModelRemoteControl.kt:1262:37 Unresolved reference 'whirlpool'.
e: file:///<home>/Desktop/code/moblin-android/app/src/main/java/com/moblin/android/various/model/ModelRemoteControl.kt:1263:37 Unresolved reference 'poll'.
e: file:///<home>/Desktop/code/moblin-android/app/src/main/java/com/moblin/android/various/model/ModelRemoteControl.kt:1264:37 Unresolved reference 'blurFaces'.
e: file:///<home>/Desktop/code/moblin-android/app/src/main/java/com/moblin/android/various/model/ModelRemoteControl.kt:1265:37 Unresolved reference 'privacy'.
e: file:///<home>/Desktop/code/moblin-android/app/src/main/java/com/moblin/android/various/model/ModelRemoteControl.kt:1266:37 Unresolved reference 'beauty'.
e: file:///<home>/Desktop/code/moblin-android/app/src/main/java/com/moblin/android/various/model/ModelRemoteControl.kt:1267:37 Unresolved reference 'moblinInMouth'.
e: file:///<home>/Desktop/code/moblin-android/app/src/main/java/com/moblin/android/various/model/ModelRemoteControl.kt:1268:37 Unresolved reference 'cameraMan'.
e: file:///<home>/Desktop/code/moblin-android/app/src/main/java/com/moblin/android/various/model/ModelRemoteControl.kt:1457:54 Unresolved reference. None of the following candidates is applicable because of a receiver type mismatch:
fun ULong.formatBytes(): String
e: file:///<home>/Desktop/code/moblin-android/app/src/main/java/com/moblin/android/various/model/ModelScene.kt:9:41 Unresolved reference 'remoteControlStateChanged'.
e: file:///<home>/Desktop/code/moblin-android/app/src/main/java/com/moblin/android/various/model/ModelScene.kt:10:41 Unresolved reference 'remoteControlAssistantSetRemoteSceneSettings'.
e: file:///<home>/Desktop/code/moblin-android/app/src/main/java/com/moblin/android/various/model/ModelScene.kt:11:41 Unresolved reference 'remoteControlAssistantSetRemoteSceneDataLocation'.
e: file:///<home>/Desktop/code/moblin-android/app/src/main/java/com/moblin/android/various/model/ModelScene.kt:12:41 Unresolved reference 'remoteControlAssistantSetRemoteSceneDataVariables'.
e: file:///<home>/Desktop/code/moblin-android/app/src/main/java/com/moblin/android/various/model/ModelScene.kt:15:35 Unresolved reference 'createVariables'.
e: file:///<home>/Desktop/code/moblin-android/app/src/main/java/com/moblin/android/various/model/ModelScene.kt:46:40 Unresolved reference 'BrowserEffect'.
e: file:///<home>/Desktop/code/moblin-android/app/src/main/java/com/moblin/android/various/model/ModelScene.kt:72:40 Unresolved reference 'VideoEffect'.
e: file:///<home>/Desktop/code/moblin-android/app/src/main/java/com/moblin/android/various/model/ModelScene.kt:74:40 Unresolved reference 'VTuberEffect'.
e: file:///<home>/Desktop/code/moblin-android/app/src/main/java/com/moblin/android/various/model/ModelScene.kt:102:16 Cannot infer type for this parameter. Specify it explicitly.
e: file:///<home>/Desktop/code/moblin-android/app/src/main/java/com/moblin/android/various/model/ModelScene.kt:102:52 Unresolved reference 'TEXT'.
e: file:///<home>/Desktop/code/moblin-android/app/src/main/java/com/moblin/android/various/model/ModelScene.kt:107:41 Unresolved reference 'TEXT'.
e: file:///<home>/Desktop/code/moblin-android/app/src/main/java/com/moblin/android/various/model/ModelScene.kt:133:22 Cannot infer type for this parameter. Specify it explicitly.
e: file:///<home>/Desktop/code/moblin-android/app/src/main/java/com/moblin/android/various/model/ModelScene.kt:133:22 Unresolved reference. None of the following candidates is applicable because of a receiver type mismatch:
fun <T, R> T.let(block: (T) -> R): R
    [R|Contract description]
     <
        CallsInPlace(block, EXACTLY_ONCE)
    >
e: file:///<home>/Desktop/code/moblin-android/app/src/main/java/com/moblin/android/various/model/ModelScene.kt:133:26 Cannot infer type for this parameter. Specify it explicitly.
e: file:///<home>/Desktop/code/moblin-android/app/src/main/java/com/moblin/android/various/model/ModelScene.kt:149:38 Unresolved reference 'VTuberEffect'.
e: file:///<home>/Desktop/code/moblin-android/app/src/main/java/com/moblin/android/various/model/ModelScene.kt:222:59 Unresolved reference 'VideoEffect'.
e: file:///<home>/Desktop/code/moblin-android/app/src/main/java/com/moblin/android/various/model/ModelScene.kt:240:36 Unresolved reference 'effects'.
e: file:///<home>/Desktop/code/moblin-android/app/src/main/java/com/moblin/android/various/model/ModelScene.kt:243:12 Cannot infer type for this parameter. Specify it explicitly.
e: file:///<home>/Desktop/code/moblin-android/app/src/main/java/com/moblin/android/various/model/ModelScene.kt:243:24 Unresolved reference 'effects'.
e: file:///<home>/Desktop/code/moblin-android/app/src/main/java/com/moblin/android/various/model/ModelScene.kt:253:23 'val' cannot be reassigned.
e: file:///<home>/Desktop/code/moblin-android/app/src/main/java/com/moblin/android/various/model/ModelScene.kt:253:36 Assignment type mismatch: actual type is 'Int', but 'MutableStateFlow<Int>' was expected.
e: file:///<home>/Desktop/code/moblin-android/app/src/main/java/com/moblin/android/various/model/ModelScene.kt:257:21 Argument type mismatch: actual type is 'android.util.Size', but 'androidx.compose.ui.geometry.Size' was expected.
e: file:///<home>/Desktop/code/moblin-android/app/src/main/java/com/moblin/android/various/model/ModelScene.kt:259:17 Argument type mismatch: actual type is 'MutableStateFlow<List<ERROR CLASS: Symbol not found for DrawOnStreamLine>>', but 'List<DrawOnStreamLine>' was expected.
e: file:///<home>/Desktop/code/moblin-android/app/src/main/java/com/moblin/android/various/model/ModelScene.kt:260:18 Condition type mismatch: inferred type is 'MutableStateFlow<Boolean>' but 'Boolean' was expected.
e: file:///<home>/Desktop/code/moblin-android/app/src/main/java/com/moblin/android/various/model/ModelScene.kt:279:31 Unresolved reference 'plusAssign'.
e: file:///<home>/Desktop/code/moblin-android/app/src/main/java/com/moblin/android/various/model/ModelScene.kt:280:58 Unresolved reference 'NONE'.
e: file:///<home>/Desktop/code/moblin-android/app/src/main/java/com/moblin/android/various/model/ModelScene.kt:281:58 Unresolved reference 'SCENE_SETTINGS'.
e: file:///<home>/Desktop/code/moblin-android/app/src/main/java/com/moblin/android/various/model/ModelScene.kt:295:19 'val' cannot be reassigned.
e: file:///<home>/Desktop/code/moblin-android/app/src/main/java/com/moblin/android/various/model/ModelScene.kt:295:32 Assignment type mismatch: actual type is 'Int', but 'MutableStateFlow<Int>' was expected.
e: file:///<home>/Desktop/code/moblin-android/app/src/main/java/com/moblin/android/various/model/ModelScene.kt:320:23 Unresolved reference 'stop'.
e: file:///<home>/Desktop/code/moblin-android/app/src/main/java/com/moblin/android/various/model/ModelScene.kt:356:19 'val' cannot be reassigned.
e: file:///<home>/Desktop/code/moblin-android/app/src/main/java/com/moblin/android/various/model/ModelScene.kt:356:43 Assignment type mismatch: actual type is 'Boolean', but 'MutableStateFlow<Boolean>' was expected.
e: file:///<home>/Desktop/code/moblin-android/app/src/main/java/com/moblin/android/various/model/ModelScene.kt:358:5 'when' expression must be exhaustive. Add the 'back', 'front', 'rtmp' branches or an 'else' branch.
e: file:///<home>/Desktop/code/moblin-android/app/src/main/java/com/moblin/android/various/model/ModelScene.kt:359:37 Unresolved reference 'BACK'.
e: file:///<home>/Desktop/code/moblin-android/app/src/main/java/com/moblin/android/various/model/ModelScene.kt:360:80 Unresolved reference 'BACK'.
e: file:///<home>/Desktop/code/moblin-android/app/src/main/java/com/moblin/android/various/model/ModelScene.kt:361:37 Unresolved reference 'FRONT'.
e: file:///<home>/Desktop/code/moblin-android/app/src/main/java/com/moblin/android/various/model/ModelScene.kt:362:80 Unresolved reference 'FRONT'.
e: file:///<home>/Desktop/code/moblin-android/app/src/main/java/com/moblin/android/various/model/ModelScene.kt:363:27 'val' cannot be reassigned.
e: file:///<home>/Desktop/code/moblin-android/app/src/main/java/com/moblin/android/various/model/ModelScene.kt:363:51 Assignment type mismatch: actual type is 'Boolean', but 'MutableStateFlow<Boolean>' was expected.
e: file:///<home>/Desktop/code/moblin-android/app/src/main/java/com/moblin/android/various/model/ModelScene.kt:365:37 Unresolved reference 'RTMP'.
e: file:///<home>/Desktop/code/moblin-android/app/src/main/java/com/moblin/android/various/model/ModelScene.kt:367:37 Unresolved reference 'SRTLA'.
e: file:///<home>/Desktop/code/moblin-android/app/src/main/java/com/moblin/android/various/model/ModelScene.kt:369:37 Unresolved reference 'SRT_CLIENT'.
e: file:///<home>/Desktop/code/moblin-android/app/src/main/java/com/moblin/android/various/model/ModelScene.kt:371:37 Unresolved reference 'RIST'.
e: file:///<home>/Desktop/code/moblin-android/app/src/main/java/com/moblin/android/various/model/ModelScene.kt:373:37 Unresolved reference 'RTSP'.
e: file:///<home>/Desktop/code/moblin-android/app/src/main/java/com/moblin/android/various/model/ModelScene.kt:375:37 Unresolved reference 'WHIP'.
e: file:///<home>/Desktop/code/moblin-android/app/src/main/java/com/moblin/android/various/model/ModelScene.kt:377:37 Unresolved reference 'WHEP'.
e: file:///<home>/Desktop/code/moblin-android/app/src/main/java/com/moblin/android/various/model/ModelScene.kt:379:37 Unresolved reference 'MEDIA_PLAYER'.
e: file:///<home>/Desktop/code/moblin-android/app/src/main/java/com/moblin/android/various/model/ModelScene.kt:383:37 Unresolved reference 'EXTERNAL'.
e: file:///<home>/Desktop/code/moblin-android/app/src/main/java/com/moblin/android/various/model/ModelScene.kt:385:37 Unresolved reference 'SCREEN_CAPTURE'.
e: file:///<home>/Desktop/code/moblin-android/app/src/main/java/com/moblin/android/various/model/ModelScene.kt:387:37 Unresolved reference 'BACK_TRIPLE_LOW_ENERGY'.
e: file:///<home>/Desktop/code/moblin-android/app/src/main/java/com/moblin/android/various/model/ModelScene.kt:389:37 Unresolved reference 'BACK_DUAL_LOW_ENERGY'.
e: file:///<home>/Desktop/code/moblin-android/app/src/main/java/com/moblin/android/various/model/ModelScene.kt:391:37 Unresolved reference 'BACK_WIDE_DUAL_LOW_ENERGY'.
e: file:///<home>/Desktop/code/moblin-android/app/src/main/java/com/moblin/android/various/model/ModelScene.kt:393:37 Unresolved reference 'NONE'.
e: file:///<home>/Desktop/code/moblin-android/app/src/main/java/com/moblin/android/various/model/ModelScene.kt:421:61 Unresolved reference 'TEXT'.
e: file:///<home>/Desktop/code/moblin-android/app/src/main/java/com/moblin/android/various/model/ModelScene.kt:494:19 Unresolved reference 'add'.
e: file:///<home>/Desktop/code/moblin-android/app/src/main/java/com/moblin/android/various/model/ModelScene.kt:534:47 Unresolved reference 'TEXT'.
e: file:///<home>/Desktop/code/moblin-android/app/src/main/java/com/moblin/android/various/model/ModelScene.kt:547:16 Unresolved reference 'forceOverlayUpdate'.
e: file:///<home>/Desktop/code/moblin-android/app/src/main/java/com/moblin/android/various/model/ModelScene.kt:573:45 Argument type mismatch: actual type is 'Location', but 'MapLocation' was expected.
e: file:///<home>/Desktop/code/moblin-android/app/src/main/java/com/moblin/android/various/model/ModelScene.kt:579:37 Unresolved reference 'RTMP'.
e: file:///<home>/Desktop/code/moblin-android/app/src/main/java/com/moblin/android/various/model/ModelScene.kt:581:37 Unresolved reference 'SRTLA'.
e: file:///<home>/Desktop/code/moblin-android/app/src/main/java/com/moblin/android/various/model/ModelScene.kt:583:37 Unresolved reference 'SRT_CLIENT'.
e: file:///<home>/Desktop/code/moblin-android/app/src/main/java/com/moblin/android/various/model/ModelScene.kt:585:37 Unresolved reference 'RIST'.
e: file:///<home>/Desktop/code/moblin-android/app/src/main/java/com/moblin/android/various/model/ModelScene.kt:587:37 Unresolved reference 'RTSP'.
e: file:///<home>/Desktop/code/moblin-android/app/src/main/java/com/moblin/android/various/model/ModelScene.kt:589:37 Unresolved reference 'WHIP'.
e: file:///<home>/Desktop/code/moblin-android/app/src/main/java/com/moblin/android/various/model/ModelScene.kt:591:37 Unresolved reference 'WHEP'.
e: file:///<home>/Desktop/code/moblin-android/app/src/main/java/com/moblin/android/various/model/ModelScene.kt:593:37 Unresolved reference 'EXTERNAL'.
e: file:///<home>/Desktop/code/moblin-android/app/src/main/java/com/moblin/android/various/model/ModelScene.kt:613:56 Argument type mismatch: actual type is 'CameraInfo', but 'CaptureDevice' was expected.
e: file:///<home>/Desktop/code/moblin-android/app/src/main/java/com/moblin/android/various/model/ModelScene.kt:636:48 Argument type mismatch: actual type is 'CameraInfo', but 'CaptureDevice' was expected.
e: file:///<home>/Desktop/code/moblin-android/app/src/main/java/com/moblin/android/various/model/ModelScene.kt:659:26 Argument type mismatch: actual type is 'MutableStateFlow<Boolean>', but 'Boolean' was expected.
e: file:///<home>/Desktop/code/moblin-android/app/src/main/java/com/moblin/android/various/model/ModelScene.kt:660:17 Argument type mismatch: actual type is 'MutableStateFlow<Double>', but 'Double' was expected.
e: file:///<home>/Desktop/code/moblin-android/app/src/main/java/com/moblin/android/various/model/ModelScene.kt:661:22 Argument type mismatch: actual type is 'MutableStateFlow<Boolean>', but 'Boolean' was expected.
e: file:///<home>/Desktop/code/moblin-android/app/src/main/java/com/moblin/android/various/model/ModelScene.kt:669:46 Unresolved reference 'fps'.
e: file:///<home>/Desktop/code/moblin-android/app/src/main/java/com/moblin/android/various/model/ModelScene.kt:685:73 Unresolved reference 'FACE'.
e: file:///<home>/Desktop/code/moblin-android/app/src/main/java/com/moblin/android/various/model/ModelScene.kt:705:73 Unresolved reference 'FACE'.
e: file:///<home>/Desktop/code/moblin-android/app/src/main/java/com/moblin/android/various/model/ModelScene.kt:721:74 Unresolved reference 'VideoEffect'.
e: file:///<home>/Desktop/code/moblin-android/app/src/main/java/com/moblin/android/various/model/ModelScene.kt:722:33 Unresolved reference 'VideoEffect'.
e: file:///<home>/Desktop/code/moblin-android/app/src/main/java/com/moblin/android/various/model/ModelScene.kt:727:52 Unresolved reference 'portrait'.
e: file:///<home>/Desktop/code/moblin-android/app/src/main/java/com/moblin/android/various/model/ModelScene.kt:734:9 Operator '!=' cannot be applied to 'String' and 'MutableStateFlow<String>'.
e: file:///<home>/Desktop/code/moblin-android/app/src/main/java/com/moblin/android/various/model/ModelScene.kt:735:24 'val' cannot be reassigned.
e: file:///<home>/Desktop/code/moblin-android/app/src/main/java/com/moblin/android/various/model/ModelScene.kt:735:45 Assignment type mismatch: actual type is 'String', but 'MutableStateFlow<String>' was expected.
e: file:///<home>/Desktop/code/moblin-android/app/src/main/java/com/moblin/android/various/model/ModelScene.kt:740:49 Unresolved reference 'CAMERA_MAN'.
e: file:///<home>/Desktop/code/moblin-android/app/src/main/java/com/moblin/android/various/model/ModelScene.kt:743:49 Unresolved reference 'WHIRLPOOL'.
e: file:///<home>/Desktop/code/moblin-android/app/src/main/java/com/moblin/android/various/model/ModelScene.kt:746:49 Unresolved reference 'PINCH'.
e: file:///<home>/Desktop/code/moblin-android/app/src/main/java/com/moblin/android/various/model/ModelScene.kt:749:49 Unresolved reference 'MOVIE'.
e: file:///<home>/Desktop/code/moblin-android/app/src/main/java/com/moblin/android/various/model/ModelScene.kt:752:49 Unresolved reference 'FOUR_THREE'.
e: file:///<home>/Desktop/code/moblin-android/app/src/main/java/com/moblin/android/various/model/ModelScene.kt:755:49 Unresolved reference 'GRAY_SCALE'.
e: file:///<home>/Desktop/code/moblin-android/app/src/main/java/com/moblin/android/various/model/ModelScene.kt:758:49 Unresolved reference 'SEPIA'.
e: file:///<home>/Desktop/code/moblin-android/app/src/main/java/com/moblin/android/various/model/ModelScene.kt:761:49 Unresolved reference 'TRIPLE'.
e: file:///<home>/Desktop/code/moblin-android/app/src/main/java/com/moblin/android/various/model/ModelScene.kt:764:49 Unresolved reference 'TWIN'.
e: file:///<home>/Desktop/code/moblin-android/app/src/main/java/com/moblin/android/various/model/ModelScene.kt:767:49 Unresolved reference 'PIXELLATE'.
e: file:///<home>/Desktop/code/moblin-android/app/src/main/java/com/moblin/android/various/model/ModelScene.kt:774:49 Unresolved reference 'CRT'.
e: file:///<home>/Desktop/code/moblin-android/app/src/main/java/com/moblin/android/various/model/ModelScene.kt:780:59 Unresolved reference 'VideoEffect'.
e: file:///<home>/Desktop/code/moblin-android/app/src/main/java/com/moblin/android/various/model/ModelScene.kt:781:33 Unresolved reference 'VideoEffect'.
e: file:///<home>/Desktop/code/moblin-android/app/src/main/java/com/moblin/android/various/model/ModelScene.kt:782:49 Unresolved reference 'POLL'.
e: file:///<home>/Desktop/code/moblin-android/app/src/main/java/com/moblin/android/various/model/ModelScene.kt:792:47 Unresolved reference 'BrowserEffect'.
e: file:///<home>/Desktop/code/moblin-android/app/src/main/java/com/moblin/android/various/model/ModelScene.kt:802:16 Unresolved reference 'setProxyServer'.
e: file:///<home>/Desktop/code/moblin-android/app/src/main/java/com/moblin/android/various/model/ModelScene.kt:825:5 'val' cannot be reassigned.
e: file:///<home>/Desktop/code/moblin-android/app/src/main/java/com/moblin/android/various/model/ModelScene.kt:825:16 Assignment type mismatch: actual type is 'List<Browser>', but 'MutableStateFlow<List<Browser>>' was expected.
e: file:///<home>/Desktop/code/moblin-android/app/src/main/java/com/moblin/android/various/model/ModelScene.kt:825:31 Cannot infer type for this parameter. Specify it explicitly.
e: file:///<home>/Desktop/code/moblin-android/app/src/main/java/com/moblin/android/various/model/ModelScene.kt:825:31 Unresolved reference. None of the following candidates is applicable because of a receiver type mismatch:
fun <K, V, R> Map<out K, V>.map(transform: (Map.Entry<K, V>) -> R): List<R>
e: file:///<home>/Desktop/code/moblin-android/app/src/main/java/com/moblin/android/various/model/ModelScene.kt:825:38 Inapplicable candidate(s): fun <K, V> Map.Entry<K, V>.component1(): K
e: file:///<home>/Desktop/code/moblin-android/app/src/main/java/com/moblin/android/various/model/ModelScene.kt:825:48 Inapplicable candidate(s): fun <K, V> Map.Entry<K, V>.component2(): V
e: file:///<home>/Desktop/code/moblin-android/app/src/main/java/com/moblin/android/various/model/ModelScene.kt:827:24 Argument type mismatch: actual type is 'String', but 'String' was expected.
e: file:///<home>/Desktop/code/moblin-android/app/src/main/java/com/moblin/android/various/model/ModelScene.kt:838:47 Unresolved reference 'IMAGE'.
e: file:///<home>/Desktop/code/moblin-android/app/src/main/java/com/moblin/android/various/model/ModelScene.kt:842:26 Assignment type mismatch: actual type is 'List<VideoEffect>', but 'MutableList<VideoEffect>' was expected.
e: file:///<home>/Desktop/code/moblin-android/app/src/main/java/com/moblin/android/various/model/ModelScene.kt:855:22 Argument type mismatch: actual type is 'FontFamily', but 'SettingsFontDesign' was expected.
e: file:///<home>/Desktop/code/moblin-android/app/src/main/java/com/moblin/android/various/model/ModelScene.kt:856:22 Argument type mismatch: actual type is 'FontWeight', but 'SettingsFontWeight' was expected.
e: file:///<home>/Desktop/code/moblin-android/app/src/main/java/com/moblin/android/various/model/ModelScene.kt:858:31 Argument type mismatch: actual type is 'Alignment.Horizontal', but 'SettingsHorizontalAlignment' was expected.
e: file:///<home>/Desktop/code/moblin-android/app/src/main/java/com/moblin/android/various/model/ModelScene.kt:862:25 Argument type mismatch: actual type is 'List<Instant!>', but 'MutableList<Long>' was expected.
e: file:///<home>/Desktop/code/moblin-android/app/src/main/java/com/moblin/android/various/model/ModelScene.kt:865:23 Argument type mismatch: actual type is 'List<SettingsWidgetTextStopwatch>', but 'MutableList<SettingsWidgetTextStopwatch>' was expected.
e: file:///<home>/Desktop/code/moblin-android/app/src/main/java/com/moblin/android/various/model/ModelScene.kt:866:22 Argument type mismatch: actual type is 'List<Boolean>', but 'MutableList<Boolean>' was expected.
e: file:///<home>/Desktop/code/moblin-android/app/src/main/java/com/moblin/android/various/model/ModelScene.kt:867:19 Argument type mismatch: actual type is 'List<Int>', but 'MutableList<Int>' was expected.
e: file:///<home>/Desktop/code/moblin-android/app/src/main/java/com/moblin/android/various/model/ModelScene.kt:868:20 Argument type mismatch: actual type is 'List<List<Double>>', but 'MutableList<MutableList<Double>>' was expected.
e: file:///<home>/Desktop/code/moblin-android/app/src/main/java/com/moblin/android/various/model/ModelScene.kt:875:47 Unresolved reference 'TEXT'.
e: file:///<home>/Desktop/code/moblin-android/app/src/main/java/com/moblin/android/various/model/ModelScene.kt:878:9 Cannot infer type for this parameter. Specify it explicitly.
e: file:///<home>/Desktop/code/moblin-android/app/src/main/java/com/moblin/android/various/model/ModelScene.kt:878:9 Unresolved reference. None of the following candidates is applicable because of a receiver type mismatch:
fun <K, V> MutableMap<K, V>.set(key: K, value: V): Unit
e: file:///<home>/Desktop/code/moblin-android/app/src/main/java/com/moblin/android/various/model/ModelScene.kt:884:16 Unresolved reference 'stop'.
e: file:///<home>/Desktop/code/moblin-android/app/src/main/java/com/moblin/android/various/model/ModelScene.kt:888:47 Unresolved reference 'BROWSER'.
e: file:///<home>/Desktop/code/moblin-android/app/src/main/java/com/moblin/android/various/model/ModelScene.kt:892:22 Unresolved reference 'BrowserEffect'.
e: file:///<home>/Desktop/code/moblin-android/app/src/main/java/com/moblin/android/various/model/ModelScene.kt:900:9 Cannot infer type for this parameter. Specify it explicitly.
e: file:///<home>/Desktop/code/moblin-android/app/src/main/java/com/moblin/android/various/model/ModelScene.kt:900:9 Unresolved reference. None of the following candidates is applicable because of a receiver type mismatch:
fun <K, V> MutableMap<K, V>.set(key: K, value: V): Unit
e: file:///<home>/Desktop/code/moblin-android/app/src/main/java/com/moblin/android/various/model/ModelScene.kt:907:47 Unresolved reference 'MAP'.
e: file:///<home>/Desktop/code/moblin-android/app/src/main/java/com/moblin/android/various/model/ModelScene.kt:911:26 Assignment type mismatch: actual type is 'List<VideoEffect>', but 'MutableList<VideoEffect>' was expected.
e: file:///<home>/Desktop/code/moblin-android/app/src/main/java/com/moblin/android/various/model/ModelScene.kt:919:47 Unresolved reference 'QR_CODE'.
e: file:///<home>/Desktop/code/moblin-android/app/src/main/java/com/moblin/android/various/model/ModelScene.kt:923:26 Assignment type mismatch: actual type is 'List<VideoEffect>', but 'MutableList<VideoEffect>' was expected.
e: file:///<home>/Desktop/code/moblin-android/app/src/main/java/com/moblin/android/various/model/ModelScene.kt:931:47 Unresolved reference 'VIDEO_SOURCE'.
e: file:///<home>/Desktop/code/moblin-android/app/src/main/java/com/moblin/android/various/model/ModelScene.kt:935:26 Assignment type mismatch: actual type is 'List<VideoEffect>', but 'MutableList<VideoEffect>' was expected.
e: file:///<home>/Desktop/code/moblin-android/app/src/main/java/com/moblin/android/various/model/ModelScene.kt:943:47 Unresolved reference 'SCOREBOARD'.
e: file:///<home>/Desktop/code/moblin-android/app/src/main/java/com/moblin/android/various/model/ModelScene.kt:946:9 Cannot infer type for this parameter. Specify it explicitly.
e: file:///<home>/Desktop/code/moblin-android/app/src/main/java/com/moblin/android/various/model/ModelScene.kt:946:9 Unresolved reference. None of the following candidates is applicable because of a receiver type mismatch:
fun <K, V> MutableMap<K, V>.set(key: K, value: V): Unit
e: file:///<home>/Desktop/code/moblin-android/app/src/main/java/com/moblin/android/various/model/ModelScene.kt:953:47 Unresolved reference 'ALERTS'.
e: file:///<home>/Desktop/code/moblin-android/app/src/main/java/com/moblin/android/various/model/ModelScene.kt:969:47 Unresolved reference 'V_TUBER'.
e: file:///<home>/Desktop/code/moblin-android/app/src/main/java/com/moblin/android/various/model/ModelScene.kt:973:9 'when' expression must be exhaustive. Add the 'vrm', 'live2D' branches or an 'else' branch.
e: file:///<home>/Desktop/code/moblin-android/app/src/main/java/com/moblin/android/various/model/ModelScene.kt:974:38 Unresolved reference 'VRM'.
e: file:///<home>/Desktop/code/moblin-android/app/src/main/java/com/moblin/android/various/model/ModelScene.kt:974:45 Cannot infer type for this parameter. Specify it explicitly.
e: file:///<home>/Desktop/code/moblin-android/app/src/main/java/com/moblin/android/various/model/ModelScene.kt:974:45 Unresolved reference. None of the following candidates is applicable because of a receiver type mismatch:
fun <K, V> MutableMap<K, V>.set(key: K, value: V): Unit
e: file:///<home>/Desktop/code/moblin-android/app/src/main/java/com/moblin/android/various/model/ModelScene.kt:975:23 Argument type mismatch: actual type is 'File', but 'String' was expected.
e: file:///<home>/Desktop/code/moblin-android/app/src/main/java/com/moblin/android/various/model/ModelScene.kt:979:38 Unresolved reference 'LIVE2D'.
e: file:///<home>/Desktop/code/moblin-android/app/src/main/java/com/moblin/android/various/model/ModelScene.kt:980:17 Cannot infer type for this parameter. Specify it explicitly.
e: file:///<home>/Desktop/code/moblin-android/app/src/main/java/com/moblin/android/various/model/ModelScene.kt:980:17 Unresolved reference. None of the following candidates is applicable because of a receiver type mismatch:
fun <K, V> MutableMap<K, V>.set(key: K, value: V): Unit
e: file:///<home>/Desktop/code/moblin-android/app/src/main/java/com/moblin/android/various/model/ModelScene.kt:988:47 Unresolved reference 'PNG_TUBER'.
e: file:///<home>/Desktop/code/moblin-android/app/src/main/java/com/moblin/android/various/model/ModelScene.kt:992:13 No parameter with name 'model' found.
e: file:///<home>/Desktop/code/moblin-android/app/src/main/java/com/moblin/android/various/model/ModelScene.kt:992:37 Unresolved reference 'makePath'.
e: file:///<home>/Desktop/code/moblin-android/app/src/main/java/com/moblin/android/various/model/ModelScene.kt:993:13 No value passed for parameter 'modelPath'.
e: file:///<home>/Desktop/code/moblin-android/app/src/main/java/com/moblin/android/various/model/ModelScene.kt:1001:47 Unresolved reference 'SNAPSHOT'.
e: file:///<home>/Desktop/code/moblin-android/app/src/main/java/com/moblin/android/various/model/ModelScene.kt:1005:26 Assignment type mismatch: actual type is 'List<VideoEffect>', but 'MutableList<VideoEffect>' was expected.
e: file:///<home>/Desktop/code/moblin-android/app/src/main/java/com/moblin/android/various/model/ModelScene.kt:1013:47 Unresolved reference 'CHAT'.
e: file:///<home>/Desktop/code/moblin-android/app/src/main/java/com/moblin/android/various/model/ModelScene.kt:1025:47 Unresolved reference 'CHAT_EMOTE_COMBO'.
e: file:///<home>/Desktop/code/moblin-android/app/src/main/java/com/moblin/android/various/model/ModelScene.kt:1028:56 Argument type mismatch: actual type is 'android.util.Size', but 'androidx.compose.ui.geometry.Size' was expected.
e: file:///<home>/Desktop/code/moblin-android/app/src/main/java/com/moblin/android/various/model/ModelScene.kt:1037:47 Unresolved reference 'SLIDESHOW'.
e: file:///<home>/Desktop/code/moblin-android/app/src/main/java/com/moblin/android/various/model/ModelScene.kt:1044:25 Unresolved reference 'VideoEffect'.
e: file:///<home>/Desktop/code/moblin-android/app/src/main/java/com/moblin/android/various/model/ModelScene.kt:1046:36 Unresolved reference 'TEXT'.
e: file:///<home>/Desktop/code/moblin-android/app/src/main/java/com/moblin/android/various/model/ModelScene.kt:1047:36 Unresolved reference 'IMAGE'.
e: file:///<home>/Desktop/code/moblin-android/app/src/main/java/com/moblin/android/various/model/ModelScene.kt:1065:47 Unresolved reference 'WHEEL_OF_LUCK'.
e: file:///<home>/Desktop/code/moblin-android/app/src/main/java/com/moblin/android/various/model/ModelScene.kt:1068:72 Argument type mismatch: actual type is 'android.util.Size', but 'androidx.compose.ui.geometry.Size' was expected.
e: file:///<home>/Desktop/code/moblin-android/app/src/main/java/com/moblin/android/various/model/ModelScene.kt:1075:47 Unresolved reference 'BINGO_CARD'.
e: file:///<home>/Desktop/code/moblin-android/app/src/main/java/com/moblin/android/various/model/ModelScene.kt:1078:68 Argument type mismatch: actual type is 'android.util.Size', but 'androidx.compose.ui.geometry.Size' was expected.
e: file:///<home>/Desktop/code/moblin-android/app/src/main/java/com/moblin/android/various/model/ModelScene.kt:1085:47 Unresolved reference 'POMODORO_TIMER'.
e: file:///<home>/Desktop/code/moblin-android/app/src/main/java/com/moblin/android/various/model/ModelScene.kt:1088:76 Argument type mismatch: actual type is 'android.util.Size', but 'androidx.compose.ui.geometry.Size' was expected.
e: file:///<home>/Desktop/code/moblin-android/app/src/main/java/com/moblin/android/various/model/ModelScene.kt:1100:5 'when' expression must be exhaustive. Add the 'focus', 'shortBreak' branches or an 'else' branch.
e: file:///<home>/Desktop/code/moblin-android/app/src/main/java/com/moblin/android/various/model/ModelScene.kt:1101:23 Unresolved reference 'FOCUS'.
e: file:///<home>/Desktop/code/moblin-android/app/src/main/java/com/moblin/android/various/model/ModelScene.kt:1107:23 Unresolved reference 'SHORT_BREAK'.
e: file:///<home>/Desktop/code/moblin-android/app/src/main/java/com/moblin/android/various/model/ModelScene.kt:1123:12 Return type mismatch: expected 'Boolean', actual 'Any'.
e: file:///<home>/Desktop/code/moblin-android/app/src/main/java/com/moblin/android/various/model/ModelScene.kt:1138:47 Only safe (?.) or non-null asserted (!!.) calls are allowed on a nullable receiver of type 'SettingsVideoSource?'.
e: file:///<home>/Desktop/code/moblin-android/app/src/main/java/com/moblin/android/various/model/ModelScene.kt:1138:94 Unresolved reference 'MEDIA_PLAYER'.
e: file:///<home>/Desktop/code/moblin-android/app/src/main/java/com/moblin/android/various/model/ModelScene.kt:1139:9 Operator '!=' cannot be applied to 'Boolean' and 'MutableStateFlow<Boolean>'.
e: file:///<home>/Desktop/code/moblin-android/app/src/main/java/com/moblin/android/various/model/ModelScene.kt:1140:23 'val' cannot be reassigned.
e: file:///<home>/Desktop/code/moblin-android/app/src/main/java/com/moblin/android/various/model/ModelScene.kt:1140:49 Assignment type mismatch: actual type is 'Boolean', but 'MutableStateFlow<Boolean>' was expected.
e: file:///<home>/Desktop/code/moblin-android/app/src/main/java/com/moblin/android/various/model/ModelScene.kt:1148:16 Unresolved reference 'stop'.
e: file:///<home>/Desktop/code/moblin-android/app/src/main/java/com/moblin/android/various/model/ModelScene.kt:1157:33 Unresolved reference 'VideoEffect'.
e: file:///<home>/Desktop/code/moblin-android/app/src/main/java/com/moblin/android/various/model/ModelScene.kt:1158:62 Unresolved reference 'SettingsColorSpace'.
e: file:///<home>/Desktop/code/moblin-android/app/src/main/java/com/moblin/android/various/model/ModelScene.kt:1179:32 Unresolved reference 'add'.
e: file:///<home>/Desktop/code/moblin-android/app/src/main/java/com/moblin/android/various/model/ModelScene.kt:1182:28 Unresolved reference 'isNotEmpty'.
e: file:///<home>/Desktop/code/moblin-android/app/src/main/java/com/moblin/android/various/model/ModelScene.kt:1193:20 Unresolved reference 'setSceneWidget'.
e: file:///<home>/Desktop/code/moblin-android/app/src/main/java/com/moblin/android/various/model/ModelScene.kt:1193:63 Cannot infer type for this parameter. Specify it explicitly.
e: file:///<home>/Desktop/code/moblin-android/app/src/main/java/com/moblin/android/various/model/ModelScene.kt:1206:11 Not enough information to infer type argument for 'V'.
e: file:///<home>/Desktop/code/moblin-android/app/src/main/java/com/moblin/android/various/model/ModelScene.kt:1206:36 Cannot infer type for this parameter. Specify it explicitly.
e: file:///<home>/Desktop/code/moblin-android/app/src/main/java/com/moblin/android/various/model/ModelScene.kt:1206:36 Destructuring of type 'MutableMap.MutableEntry<UUID, ERROR CLASS: Cannot infer argument for type parameter V>' requires operator function 'component2()'.
e: file:///<home>/Desktop/code/moblin-android/app/src/main/java/com/moblin/android/various/model/ModelScene.kt:1206:36 For-loop range must have an 'iterator()' method.
e: file:///<home>/Desktop/code/moblin-android/app/src/main/java/com/moblin/android/various/model/ModelScene.kt:1219:28 Unresolved reference 'isNotEmpty'.
e: file:///<home>/Desktop/code/moblin-android/app/src/main/java/com/moblin/android/various/model/ModelScene.kt:1221:25 Argument type mismatch: actual type is 'android.util.Size', but 'androidx.compose.ui.geometry.Size' was expected.
e: file:///<home>/Desktop/code/moblin-android/app/src/main/java/com/moblin/android/various/model/ModelScene.kt:1223:21 Argument type mismatch: actual type is 'MutableStateFlow<List<ERROR CLASS: Symbol not found for DrawOnStreamLine>>', but 'List<DrawOnStreamLine>' was expected.
e: file:///<home>/Desktop/code/moblin-android/app/src/main/java/com/moblin/android/various/model/ModelScene.kt:1224:22 Condition type mismatch: inferred type is 'MutableStateFlow<Boolean>' but 'Boolean' was expected.
e: file:///<home>/Desktop/code/moblin-android/app/src/main/java/com/moblin/android/various/model/ModelScene.kt:1231:26 Unresolved reference 'VideoEffect'.
e: file:///<home>/Desktop/code/moblin-android/app/src/main/java/com/moblin/android/various/model/ModelScene.kt:1244:9 'when' expression must be exhaustive. Add the 'text', 'browser', 'videoSource', 'image', 'alerts', 'map', 'snapshot', ... branches or an 'else' branch.
e: file:///<home>/Desktop/code/moblin-android/app/src/main/java/com/moblin/android/various/model/ModelScene.kt:1245:32 Unresolved reference 'IMAGE'.
e: file:///<home>/Desktop/code/moblin-android/app/src/main/java/com/moblin/android/various/model/ModelScene.kt:1246:32 Unresolved reference 'TEXT'.
e: file:///<home>/Desktop/code/moblin-android/app/src/main/java/com/moblin/android/various/model/ModelScene.kt:1247:32 Unresolved reference 'BROWSER'.
e: file:///<home>/Desktop/code/moblin-android/app/src/main/java/com/moblin/android/various/model/ModelScene.kt:1254:32 Unresolved reference 'CROP'.
e: file:///<home>/Desktop/code/moblin-android/app/src/main/java/com/moblin/android/various/model/ModelScene.kt:1255:32 Unresolved reference 'MAP'.
e: file:///<home>/Desktop/code/moblin-android/app/src/main/java/com/moblin/android/various/model/ModelScene.kt:1256:32 Unresolved reference 'SCENE'.
e: file:///<home>/Desktop/code/moblin-android/app/src/main/java/com/moblin/android/various/model/ModelScene.kt:1257:32 Unresolved reference 'SLIDESHOW'.
e: file:///<home>/Desktop/code/moblin-android/app/src/main/java/com/moblin/android/various/model/ModelScene.kt:1258:32 Unresolved reference 'QR_CODE'.
e: file:///<home>/Desktop/code/moblin-android/app/src/main/java/com/moblin/android/various/model/ModelScene.kt:1259:32 Unresolved reference 'ALERTS'.
e: file:///<home>/Desktop/code/moblin-android/app/src/main/java/com/moblin/android/various/model/ModelScene.kt:1260:32 Unresolved reference 'VIDEO_SOURCE'.
e: file:///<home>/Desktop/code/moblin-android/app/src/main/java/com/moblin/android/various/model/ModelScene.kt:1261:32 Unresolved reference 'SCOREBOARD'.
e: file:///<home>/Desktop/code/moblin-android/app/src/main/java/com/moblin/android/various/model/ModelScene.kt:1262:32 Unresolved reference 'V_TUBER'.
e: file:///<home>/Desktop/code/moblin-android/app/src/main/java/com/moblin/android/various/model/ModelScene.kt:1263:32 Unresolved reference 'PNG_TUBER'.
e: file:///<home>/Desktop/code/moblin-android/app/src/main/java/com/moblin/android/various/model/ModelScene.kt:1264:32 Unresolved reference 'SNAPSHOT'.
e: file:///<home>/Desktop/code/moblin-android/app/src/main/java/com/moblin/android/various/model/ModelScene.kt:1265:32 Unresolved reference 'CHAT'.
e: file:///<home>/Desktop/code/moblin-android/app/src/main/java/com/moblin/android/various/model/ModelScene.kt:1266:32 Unresolved reference 'CHAT_EMOTE_COMBO'.
e: file:///<home>/Desktop/code/moblin-android/app/src/main/java/com/moblin/android/various/model/ModelScene.kt:1268:32 Unresolved reference 'WHEEL_OF_LUCK'.
e: file:///<home>/Desktop/code/moblin-android/app/src/main/java/com/moblin/android/various/model/ModelScene.kt:1269:32 Unresolved reference 'BINGO_CARD'.
e: file:///<home>/Desktop/code/moblin-android/app/src/main/java/com/moblin/android/various/model/ModelScene.kt:1270:32 Unresolved reference 'POMODORO_TIMER'.
e: file:///<home>/Desktop/code/moblin-android/app/src/main/java/com/moblin/android/various/model/ModelScene.kt:1278:26 Unresolved reference 'VideoEffect'.
e: file:///<home>/Desktop/code/moblin-android/app/src/main/java/com/moblin/android/various/model/ModelScene.kt:1291:26 Unresolved reference 'VideoEffect'.
e: file:///<home>/Desktop/code/moblin-android/app/src/main/java/com/moblin/android/various/model/ModelScene.kt:1298:12 Unresolved reference 'setSceneWidget'.
e: file:///<home>/Desktop/code/moblin-android/app/src/main/java/com/moblin/android/various/model/ModelScene.kt:1309:26 Unresolved reference 'VideoEffect'.
e: file:///<home>/Desktop/code/moblin-android/app/src/main/java/com/moblin/android/various/model/ModelScene.kt:1316:12 Unresolved reference 'setSceneWidget'.
e: file:///<home>/Desktop/code/moblin-android/app/src/main/java/com/moblin/android/various/model/ModelScene.kt:1329:26 Unresolved reference 'VideoEffect'.
e: file:///<home>/Desktop/code/moblin-android/app/src/main/java/com/moblin/android/various/model/ModelScene.kt:1341:12 Unresolved reference 'setSceneWidget'.
e: file:///<home>/Desktop/code/moblin-android/app/src/main/java/com/moblin/android/various/model/ModelScene.kt:1351:26 Unresolved reference 'VideoEffect'.
e: file:///<home>/Desktop/code/moblin-android/app/src/main/java/com/moblin/android/various/model/ModelScene.kt:1363:26 Unresolved reference 'VideoEffect'.
e: file:///<home>/Desktop/code/moblin-android/app/src/main/java/com/moblin/android/various/model/ModelScene.kt:1374:26 Unresolved reference 'VideoEffect'.
e: file:///<home>/Desktop/code/moblin-android/app/src/main/java/com/moblin/android/various/model/ModelScene.kt:1387:26 Unresolved reference 'VideoEffect'.
e: file:///<home>/Desktop/code/moblin-android/app/src/main/java/com/moblin/android/various/model/ModelScene.kt:1400:26 Unresolved reference 'VideoEffect'.
e: file:///<home>/Desktop/code/moblin-android/app/src/main/java/com/moblin/android/various/model/ModelScene.kt:1418:26 Unresolved reference 'VideoEffect'.
e: file:///<home>/Desktop/code/moblin-android/app/src/main/java/com/moblin/android/various/model/ModelScene.kt:1435:26 Unresolved reference 'VideoEffect'.
e: file:///<home>/Desktop/code/moblin-android/app/src/main/java/com/moblin/android/various/model/ModelScene.kt:1449:43 Unresolved reference 'PADEL'.
e: file:///<home>/Desktop/code/moblin-android/app/src/main/java/com/moblin/android/various/model/ModelScene.kt:1451:43 Unresolved reference 'GENERIC'.
e: file:///<home>/Desktop/code/moblin-android/app/src/main/java/com/moblin/android/various/model/ModelScene.kt:1462:26 Unresolved reference 'VideoEffect'.
e: file:///<home>/Desktop/code/moblin-android/app/src/main/java/com/moblin/android/various/model/ModelScene.kt:1468:62 Cannot infer type for this parameter. Specify it explicitly.
e: file:///<home>/Desktop/code/moblin-android/app/src/main/java/com/moblin/android/various/model/ModelScene.kt:1469:16 Unresolved reference 'setVideoSourceId'.
e: file:///<home>/Desktop/code/moblin-android/app/src/main/java/com/moblin/android/various/model/ModelScene.kt:1471:12 Unresolved reference 'setSceneWidget'.
e: file:///<home>/Desktop/code/moblin-android/app/src/main/java/com/moblin/android/various/model/ModelScene.kt:1472:12 Unresolved reference 'setSettings'.
e: file:///<home>/Desktop/code/moblin-android/app/src/main/java/com/moblin/android/various/model/ModelScene.kt:1485:26 Unresolved reference 'VideoEffect'.
e: file:///<home>/Desktop/code/moblin-android/app/src/main/java/com/moblin/android/various/model/ModelScene.kt:1502:26 Unresolved reference 'VideoEffect'.
e: file:///<home>/Desktop/code/moblin-android/app/src/main/java/com/moblin/android/various/model/ModelScene.kt:1516:26 Unresolved reference 'VideoEffect'.
e: file:///<home>/Desktop/code/moblin-android/app/src/main/java/com/moblin/android/various/model/ModelScene.kt:1531:26 Unresolved reference 'VideoEffect'.
e: file:///<home>/Desktop/code/moblin-android/app/src/main/java/com/moblin/android/various/model/ModelScene.kt:1546:26 Unresolved reference 'VideoEffect'.
e: file:///<home>/Desktop/code/moblin-android/app/src/main/java/com/moblin/android/various/model/ModelScene.kt:1560:26 Unresolved reference 'VideoEffect'.
e: file:///<home>/Desktop/code/moblin-android/app/src/main/java/com/moblin/android/various/model/ModelScene.kt:1574:26 Unresolved reference 'VideoEffect'.
e: file:///<home>/Desktop/code/moblin-android/app/src/main/java/com/moblin/android/various/model/ModelScene.kt:1609:85 Unresolved reference 'WidgetCrop'.
e: file:///<home>/Desktop/code/moblin-android/app/src/main/java/com/moblin/android/various/model/ModelScene.kt:1610:31 Unresolved reference 'WidgetCrop'.
e: file:///<home>/Desktop/code/moblin-android/app/src/main/java/com/moblin/android/various/model/ModelScene.kt:1612:54 Unresolved reference 'CROP'.
e: file:///<home>/Desktop/code/moblin-android/app/src/main/java/com/moblin/android/various/model/ModelScene.kt:1619:19 Unresolved reference 'WidgetCrop'.
e: file:///<home>/Desktop/code/moblin-android/app/src/main/java/com/moblin/android/various/model/ModelScene.kt:1629:28 Unresolved reference 'SCENE'.
e: file:///<home>/Desktop/code/moblin-android/app/src/main/java/com/moblin/android/various/model/ModelScene.kt:1648:28 Unresolved reference 'VIDEO_SOURCE'.
e: file:///<home>/Desktop/code/moblin-android/app/src/main/java/com/moblin/android/various/model/ModelScene.kt:1649:28 Unresolved reference 'V_TUBER'.
e: file:///<home>/Desktop/code/moblin-android/app/src/main/java/com/moblin/android/various/model/ModelScene.kt:1650:28 Unresolved reference 'PNG_TUBER'.
e: file:///<home>/Desktop/code/moblin-android/app/src/main/java/com/moblin/android/various/model/ModelScene.kt:1666:47 Unresolved reference 'SCENE'.
e: file:///<home>/Desktop/code/moblin-android/app/src/main/java/com/moblin/android/various/model/ModelScene.kt:1685:47 Unresolved reference 'TEXT'.
e: file:///<home>/Desktop/code/moblin-android/app/src/main/java/com/moblin/android/various/model/ModelScene.kt:1698:30 No 'set' operator method providing array access.
e: file:///<home>/Desktop/code/moblin-android/app/src/main/java/com/moblin/android/various/model/ModelScene.kt:1701:43 Argument type mismatch: actual type is 'List<List<Double>>', but 'MutableList<MutableList<Double>>' was expected.
e: file:///<home>/Desktop/code/moblin-android/app/src/main/java/com/moblin/android/various/model/ModelScene.kt:1716:60 Argument type mismatch: actual type is 'Instant', but 'TimeSource.Monotonic.ValueTimeMark' was expected.
e: file:///<home>/Desktop/code/moblin-android/app/src/main/java/com/moblin/android/various/model/ModelScene.kt:1720:16 Unresolved reference 'updateVariables'.
e: file:///<home>/Desktop/code/moblin-android/app/src/main/java/com/moblin/android/various/model/ModelScene.kt:1744:32 Unresolved reference 'VIDEO_SOURCE'.
e: file:///<home>/Desktop/code/moblin-android/app/src/main/java/com/moblin/android/various/model/ModelScene.kt:1746:32 Unresolved reference 'V_TUBER'.
e: file:///<home>/Desktop/code/moblin-android/app/src/main/java/com/moblin/android/various/model/ModelScene.kt:1748:32 Unresolved reference 'PNG_TUBER'.
e: file:///<home>/Desktop/code/moblin-android/app/src/main/java/com/moblin/android/various/model/ModelScene.kt:1750:32 Unresolved reference 'SCENE'.
e: file:///<home>/Desktop/code/moblin-android/app/src/main/java/com/moblin/android/various/model/ModelScene.kt:1767:48 Argument type mismatch: actual type is 'CameraInfo', but 'CaptureDevice' was expected.
e: file:///<home>/Desktop/code/moblin-android/app/src/main/java/com/moblin/android/various/model/ModelScene.kt:1783:28 Unresolved reference 'IMAGE'.
e: file:///<home>/Desktop/code/moblin-android/app/src/main/java/com/moblin/android/various/model/ModelScene.kt:1783:54 Unresolved reference 'SLIDESHOW'.
e: file:///<home>/Desktop/code/moblin-android/app/src/main/java/com/moblin/android/various/model/ModelScene.kt:1786:28 Unresolved reference 'MAP'.
e: file:///<home>/Desktop/code/moblin-android/app/src/main/java/com/moblin/android/various/model/ModelScene.kt:1786:52 Unresolved reference 'QR_CODE'.
e: file:///<home>/Desktop/code/moblin-android/app/src/main/java/com/moblin/android/various/model/ModelScene.kt:1789:28 Unresolved reference 'VIDEO_SOURCE'.
e: file:///<home>/Desktop/code/moblin-android/app/src/main/java/com/moblin/android/various/model/ModelScene.kt:1789:61 Unresolved reference 'V_TUBER'.
e: file:///<home>/Desktop/code/moblin-android/app/src/main/java/com/moblin/android/various/model/ModelScene.kt:1789:89 Unresolved reference 'PNG_TUBER'.
e: file:///<home>/Desktop/code/moblin-android/app/src/main/java/com/moblin/android/various/model/ModelScene.kt:1791:62 Unresolved reference 'BOTTOM_RIGHT'.
e: file:///<home>/Desktop/code/moblin-android/app/src/main/java/com/moblin/android/various/model/ModelScene.kt:1793:28 Unresolved reference 'SNAPSHOT'.
e: file:///<home>/Desktop/code/moblin-android/app/src/main/java/com/moblin/android/various/model/ModelScene.kt:1795:62 Unresolved reference 'TOP_RIGHT'.
e: file:///<home>/Desktop/code/moblin-android/app/src/main/java/com/moblin/android/various/model/ModelScene.kt:1797:28 Unresolved reference 'CHAT'.
e: file:///<home>/Desktop/code/moblin-android/app/src/main/java/com/moblin/android/various/model/ModelScene.kt:1798:62 Unresolved reference 'BOTTOM_LEFT'.
e: file:///<home>/Desktop/code/moblin-android/app/src/main/java/com/moblin/android/various/model/ModelScene.kt:1800:28 Unresolved reference 'CHAT_EMOTE_COMBO'.
e: file:///<home>/Desktop/code/moblin-android/app/src/main/java/com/moblin/android/various/model/ModelScene.kt:1805:28 Unresolved reference 'ALERTS'.
e: file:///<home>/Desktop/code/moblin-android/app/src/main/java/com/moblin/android/various/model/ModelScene.kt:1809:28 Unresolved reference 'SCOREBOARD'.
e: file:///<home>/Desktop/code/moblin-android/app/src/main/java/com/moblin/android/various/model/ModelScene.kt:1814:47 Unresolved reference 'GOLF_FULL_SCORECARD'.
e: file:///<home>/Desktop/code/moblin-android/app/src/main/java/com/moblin/android/various/model/ModelScene.kt:1815:70 Unresolved reference 'BOTTOM_RIGHT'.
e: file:///<home>/Desktop/code/moblin-android/app/src/main/java/com/moblin/android/various/model/ModelScene.kt:1819:28 Unresolved reference 'WHEEL_OF_LUCK'.
e: file:///<home>/Desktop/code/moblin-android/app/src/main/java/com/moblin/android/various/model/ModelScene.kt:1820:62 Unresolved reference 'TOP_RIGHT'.
e: file:///<home>/Desktop/code/moblin-android/app/src/main/java/com/moblin/android/various/model/ModelScene.kt:1824:28 Unresolved reference 'BINGO_CARD'.
e: file:///<home>/Desktop/code/moblin-android/app/src/main/java/com/moblin/android/various/model/ModelScene.kt:1825:62 Unresolved reference 'TOP_RIGHT'.
e: file:///<home>/Desktop/code/moblin-android/app/src/main/java/com/moblin/android/various/model/ModelScene.kt:1830:28 Unresolved reference 'POMODORO_TIMER'.
e: file:///<home>/Desktop/code/moblin-android/app/src/main/java/com/moblin/android/various/model/ModelScene.kt:1831:62 Unresolved reference 'TOP_RIGHT'.
e: file:///<home>/Desktop/code/moblin-android/app/src/main/java/com/moblin/android/various/model/ModelScene.kt:1851:21 Unresolved reference 'removeAt'.
e: file:///<home>/Desktop/code/moblin-android/app/src/main/java/com/moblin/android/various/model/ModelScene.kt:1854:21 Unresolved reference 'add'.
e: file:///<home>/Desktop/code/moblin-android/app/src/main/java/com/moblin/android/various/model/ModelScene.kt:1857:20 Argument type mismatch: actual type is 'List<Instant!>', but 'MutableList<Long>' was expected.
e: file:///<home>/Desktop/code/moblin-android/app/src/main/java/com/moblin/android/various/model/ModelScene.kt:1870:26 Unresolved reference 'removeAt'.
e: file:///<home>/Desktop/code/moblin-android/app/src/main/java/com/moblin/android/various/model/ModelScene.kt:1873:26 Unresolved reference 'add'.
e: file:///<home>/Desktop/code/moblin-android/app/src/main/java/com/moblin/android/various/model/ModelScene.kt:1875:45 Argument type mismatch: actual type is 'List<SettingsWidgetTextStopwatch>', but 'MutableList<SettingsWidgetTextStopwatch>' was expected.
e: file:///<home>/Desktop/code/moblin-android/app/src/main/java/com/moblin/android/various/model/ModelScene.kt:1885:25 Unresolved reference 'removeAt'.
e: file:///<home>/Desktop/code/moblin-android/app/src/main/java/com/moblin/android/various/model/ModelScene.kt:1888:25 Unresolved reference 'add'.
e: file:///<home>/Desktop/code/moblin-android/app/src/main/java/com/moblin/android/various/model/ModelScene.kt:1890:43 Argument type mismatch: actual type is 'List<Boolean>', but 'MutableList<Boolean>' was expected.
e: file:///<home>/Desktop/code/moblin-android/app/src/main/java/com/moblin/android/various/model/ModelScene.kt:1900:22 Unresolved reference 'removeAt'.
e: file:///<home>/Desktop/code/moblin-android/app/src/main/java/com/moblin/android/various/model/ModelScene.kt:1903:22 Unresolved reference 'add'.
e: file:///<home>/Desktop/code/moblin-android/app/src/main/java/com/moblin/android/various/model/ModelScene.kt:1905:37 Argument type mismatch: actual type is 'List<Int>', but 'MutableList<Int>' was expected.
e: file:///<home>/Desktop/code/moblin-android/app/src/main/java/com/moblin/android/various/model/ModelScene.kt:1915:23 Unresolved reference 'removeAt'.
e: file:///<home>/Desktop/code/moblin-android/app/src/main/java/com/moblin/android/various/model/ModelScene.kt:1918:23 Unresolved reference 'add'.
e: file:///<home>/Desktop/code/moblin-android/app/src/main/java/com/moblin/android/various/model/ModelScene.kt:1920:39 Argument type mismatch: actual type is 'List<List<Double>>', but 'MutableList<MutableList<Double>>' was expected.
e: file:///<home>/Desktop/code/moblin-android/app/src/main/java/com/moblin/android/various/model/ModelScene.kt:1928:20 Unresolved reference 'clear'.
e: file:///<home>/Desktop/code/moblin-android/app/src/main/java/com/moblin/android/various/model/ModelScene.kt:1933:40 Unresolved reference 'identifier'.
e: file:///<home>/Desktop/code/moblin-android/app/src/main/java/com/moblin/android/various/model/ModelScene.kt:1934:32 Unresolved reference 'add'.
e: file:///<home>/Desktop/code/moblin-android/app/src/main/java/com/moblin/android/various/model/ModelScene.kt:1944:31 Cannot access 'fun List<TextFormatPart>.isWeatherVariable(): Boolean': it is private in file.
e: file:///<home>/Desktop/code/moblin-android/app/src/main/java/com/moblin/android/various/model/ModelScene.kt:1949:33 Cannot access 'fun List<TextFormatPart>.isGeographyVariable(): Boolean': it is private in file.
e: file:///<home>/Desktop/code/moblin-android/app/src/main/java/com/moblin/android/various/model/ModelScene.kt:1954:30 Cannot access 'fun List<TextFormatPart>.isGForceVariable(): Boolean': it is private in file.
e: file:///<home>/Desktop/code/moblin-android/app/src/main/java/com/moblin/android/various/model/ModelScoreboard.kt:386:41 Unresolved reference 'SettingsWidgetType'.
e: file:///<home>/Desktop/code/moblin-android/app/src/main/java/com/moblin/android/various/model/ModelScoreboard.kt:441:38 Only safe (?.) or non-null asserted (!!.) calls are allowed on a nullable receiver of type 'SettingsWidgetModularScoreboard?'.
e: file:///<home>/Desktop/code/moblin-android/app/src/main/java/com/moblin/android/various/model/ModelScoreboard.kt:560:21 Only safe (?.) or non-null asserted (!!.) calls are allowed on a nullable receiver of type 'SettingsWidgetScoreboard?'.
e: file:///<home>/Desktop/code/moblin-android/app/src/main/java/com/moblin/android/various/model/ModelScoreboard.kt:594:26 Unresolved reference 'add'.
e: file:///<home>/Desktop/code/moblin-android/app/src/main/java/com/moblin/android/various/model/ModelScoreboard.kt:598:22 Unresolved reference 'removeLast'.
e: file:///<home>/Desktop/code/moblin-android/app/src/main/java/com/moblin/android/various/model/ModelScoreboard.kt:695:29 Unresolved reference 'clear'.
e: file:///<home>/Desktop/code/moblin-android/app/src/main/java/com/moblin/android/various/model/ModelScoreboard.kt:699:40 Unresolved reference 'removeLastOrNull'.
e: file:///<home>/Desktop/code/moblin-android/app/src/main/java/com/moblin/android/various/model/ModelScoreboard.kt:702:26 Unresolved reference 'removeLast'.
e: file:///<home>/Desktop/code/moblin-android/app/src/main/java/com/moblin/android/various/model/ModelScoreboard.kt:721:33 Unresolved reference 'add'.
e: file:///<home>/Desktop/code/moblin-android/app/src/main/java/com/moblin/android/various/model/ModelScoreboard.kt:733:33 Unresolved reference 'add'.
e: file:///<home>/Desktop/code/moblin-android/app/src/main/java/com/moblin/android/various/model/ModelScoreboard.kt:748:29 Unresolved reference 'clear'.
e: file:///<home>/Desktop/code/moblin-android/app/src/main/java/com/moblin/android/various/model/ModelScoreboard.kt:752:40 Unresolved reference 'removeLastOrNull'.
e: file:///<home>/Desktop/code/moblin-android/app/src/main/java/com/moblin/android/various/model/ModelScoreboard.kt:765:29 Unresolved reference 'add'.
e: file:///<home>/Desktop/code/moblin-android/app/src/main/java/com/moblin/android/various/model/ModelScoreboard.kt:770:29 Unresolved reference 'add'.
e: file:///<home>/Desktop/code/moblin-android/app/src/main/java/com/moblin/android/various/model/ModelScoreboard.kt:805:22 Unresolved reference 'add'.
e: file:///<home>/Desktop/code/moblin-android/app/src/main/java/com/moblin/android/various/model/ModelSnapshot.kt:42:47 Unresolved reference 'EffectImageCiImage'.
e: file:///<home>/Desktop/code/moblin-android/app/src/main/java/com/moblin/android/various/model/ModelSoop.kt:29:44 Argument type mismatch: actual type is 'String', but 'Platform' was expected.
e: file:///<home>/Desktop/code/moblin-android/app/src/main/java/com/moblin/android/various/model/ModelSoop.kt:31:44 Argument type mismatch: actual type is 'String', but 'Platform' was expected.
e: file:///<home>/Desktop/code/moblin-android/app/src/main/java/com/moblin/android/various/model/ModelSoop.kt:55:76 Argument type mismatch: actual type is 'String', but 'Platform?' was expected.
e: file:///<home>/Desktop/code/moblin-android/app/src/main/java/com/moblin/android/various/model/ModelSpeechToText.kt:17:45 Unresolved reference 'context'.
e: file:///<home>/Desktop/code/moblin-android/app/src/main/java/com/moblin/android/various/model/ModelSpeechToText.kt:33:13 Unresolved reference 'SettingsWidgetType'.
e: file:///<home>/Desktop/code/moblin-android/app/src/main/java/com/moblin/android/various/model/ModelSpeechToText.kt:72:13 Unresolved reference 'SettingsWidgetType'.
e: file:///<home>/Desktop/code/moblin-android/app/src/main/java/com/moblin/android/various/model/ModelSpeechToText.kt:77:13 Unresolved reference 'SettingsWidgetType'.
e: file:///<home>/Desktop/code/moblin-android/app/src/main/java/com/moblin/android/various/model/ModelSpeechToText.kt:82:13 Unresolved reference 'SettingsWidgetType'.
e: file:///<home>/Desktop/code/moblin-android/app/src/main/java/com/moblin/android/various/model/ModelStream.kt:305:64 Unresolved reference 'goLive'.
e: file:///<home>/Desktop/code/moblin-android/app/src/main/java/com/moblin/android/various/model/ModelStream.kt:340:64 Unresolved reference 'end'.
e: file:///<home>/Desktop/code/moblin-android/app/src/main/java/com/moblin/android/various/model/ModelStream.kt:687:74 Unresolved reference 'toSize'.
e: file:///<home>/Desktop/code/moblin-android/app/src/main/java/com/moblin/android/various/model/ModelStream.kt:1041:9 Operator '!=' cannot be applied to 'UInt' and 'Int'.
e: file:///<home>/Desktop/code/moblin-android/app/src/main/java/com/moblin/android/various/model/ModelStream.kt:1042:32 Assignment type mismatch: actual type is 'UInt', but 'Int' was expected.
e: file:///<home>/Desktop/code/moblin-android/app/src/main/java/com/moblin/android/various/model/ModelStream.kt:1052:12 Return type mismatch: expected 'UInt', actual 'Comparable<*>'.
e: file:///<home>/Desktop/code/moblin-android/app/src/main/java/com/moblin/android/various/model/ModelStream.kt:1087:26 Unresolved reference 'numberOfFailedEncodings'.
e: file:///<home>/Desktop/code/moblin-android/app/src/main/java/com/moblin/android/various/model/ModelStream.kt:1097:62 Unresolved reference 'numberOfFailedEncodings'.
e: file:///<home>/Desktop/code/moblin-android/app/src/main/java/com/moblin/android/various/model/ModelStreamDeck.kt:60:32 'val' cannot be reassigned.
e: file:///<home>/Desktop/code/moblin-android/app/src/main/java/com/moblin/android/various/model/ModelTextToSpeech.kt:3:27 Unresolved reference 'settings'.
e: file:///<home>/Desktop/code/moblin-android/app/src/main/java/com/moblin/android/various/model/ModelTextToSpeech.kt:7:31 Unresolved reference 'QuickButtonType'.
e: file:///<home>/Desktop/code/moblin-android/app/src/main/java/com/moblin/android/various/model/ModelTextToSpeech.kt:12:30 Unresolved reference 'QuickButtonType'.
e: file:///<home>/Desktop/code/moblin-android/app/src/main/java/com/moblin/android/various/model/ModelTextToSpeech.kt:61:41 Unresolved reference 'twitchChannelName'.
e: file:///<home>/Desktop/code/moblin-android/app/src/main/java/com/moblin/android/various/model/ModelTextToSpeech.kt:64:41 Unresolved reference 'kickChannelName'.
e: file:///<home>/Desktop/code/moblin-android/app/src/main/java/com/moblin/android/various/model/ModelTextToSpeech.kt:67:41 Unresolved reference 'soopChannelName'.
e: file:///<home>/Desktop/code/moblin-android/app/src/main/java/com/moblin/android/various/model/ModelTwitch.kt:23:44 Unresolved reference 'maxNotLoggedInToastCount'.
e: file:///<home>/Desktop/code/moblin-android/app/src/main/java/com/moblin/android/various/model/ModelTwitch.kt:34:47 Unresolved reference 'StreamingPlatform'.
e: file:///<home>/Desktop/code/moblin-android/app/src/main/java/com/moblin/android/various/model/ModelTwitch.kt:38:19 Unresolved reference 'twitchLoggedIn'.
e: file:///<home>/Desktop/code/moblin-android/app/src/main/java/com/moblin/android/various/model/ModelTwitch.kt:46:19 Unresolved reference 'twitchChannelId'.
e: file:///<home>/Desktop/code/moblin-android/app/src/main/java/com/moblin/android/various/model/ModelTwitch.kt:46:51 Unresolved reference 'twitchLoggedIn'.
e: file:///<home>/Desktop/code/moblin-android/app/src/main/java/com/moblin/android/various/model/ModelTwitch.kt:50:44 Unresolved reference 'twitchChannelName'.
e: file:///<home>/Desktop/code/moblin-android/app/src/main/java/com/moblin/android/various/model/ModelTwitch.kt:64:67 Unresolved reference 'ChatPlatform'.
e: file:///<home>/Desktop/code/moblin-android/app/src/main/java/com/moblin/android/various/model/ModelTwitch.kt:66:34 Unresolved reference 'twitchChannelName'.
e: file:///<home>/Desktop/code/moblin-android/app/src/main/java/com/moblin/android/various/model/ModelTwitch.kt:67:32 Unresolved reference 'twitchChannelId'.
e: file:///<home>/Desktop/code/moblin-android/app/src/main/java/com/moblin/android/various/model/ModelTwitch.kt:68:31 Unresolved reference 'chat'.
e: file:///<home>/Desktop/code/moblin-android/app/src/main/java/com/moblin/android/various/model/ModelTwitch.kt:69:34 Unresolved reference 'twitchAccessToken'.
e: file:///<home>/Desktop/code/moblin-android/app/src/main/java/com/moblin/android/various/model/ModelTwitch.kt:95:29 Unresolved reference 'twitchChannelId'.
e: file:///<home>/Desktop/code/moblin-android/app/src/main/java/com/moblin/android/various/model/ModelTwitch.kt:96:34 Unresolved reference 'twitchAccessToken'.
e: file:///<home>/Desktop/code/moblin-android/app/src/main/java/com/moblin/android/various/model/ModelTwitch.kt:97:24 Argument type mismatch: actual type is 'Model', but 'TwitchEventSubDelegate' was expected.
e: file:///<home>/Desktop/code/moblin-android/app/src/main/java/com/moblin/android/various/model/ModelTwitch.kt:104:21 Argument type mismatch: actual type is 'MutableStateFlow<SettingsStream>', but 'SettingsStream' was expected.
e: file:///<home>/Desktop/code/moblin-android/app/src/main/java/com/moblin/android/various/model/ModelTwitch.kt:105:47 Unresolved reference 'twitchChannelId'.
e: file:///<home>/Desktop/code/moblin-android/app/src/main/java/com/moblin/android/various/model/ModelTwitch.kt:111:20 Unresolved reference 'twitchRewards'.
e: file:///<home>/Desktop/code/moblin-android/app/src/main/java/com/moblin/android/various/model/ModelTwitch.kt:245:9 'val' cannot be reassigned.
e: file:///<home>/Desktop/code/moblin-android/app/src/main/java/com/moblin/android/various/model/ModelTwitch.kt:245:26 Assignment type mismatch: actual type is 'Boolean', but 'MutableStateFlow<Boolean>' was expected.
e: file:///<home>/Desktop/code/moblin-android/app/src/main/java/com/moblin/android/various/model/ModelTwitch.kt:246:9 'val' cannot be reassigned.
e: file:///<home>/Desktop/code/moblin-android/app/src/main/java/com/moblin/android/various/model/ModelTwitch.kt:246:30 Assignment type mismatch: actual type is 'Boolean', but 'MutableStateFlow<Boolean>' was expected.
e: file:///<home>/Desktop/code/moblin-android/app/src/main/java/com/moblin/android/various/model/ModelTwitch.kt:280:17 Unresolved reference 'twitchWantsToBeLoggedIn'.
e: file:///<home>/Desktop/code/moblin-android/app/src/main/java/com/moblin/android/various/model/ModelTwitch.kt:280:51 Unresolved reference 'twitchLoggedIn'.
e: file:///<home>/Desktop/code/moblin-android/app/src/main/java/com/moblin/android/various/model/ModelTwitch.kt:283:12 Unresolved reference 'twitchNotLoggedInCount'.
e: file:///<home>/Desktop/code/moblin-android/app/src/main/java/com/moblin/android/various/model/ModelTwitch.kt:284:16 Unresolved reference 'twitchNotLoggedInCount'.
e: file:///<home>/Desktop/code/moblin-android/app/src/main/java/com/moblin/android/various/model/ModelTwitch.kt:285:16 Unresolved reference 'twitchWantsToBeLoggedIn'.
e: file:///<home>/Desktop/code/moblin-android/app/src/main/java/com/moblin/android/various/model/ModelTwitch.kt:287:28 Unresolved reference 'ChatPlatform'.
e: file:///<home>/Desktop/code/moblin-android/app/src/main/java/com/moblin/android/various/model/ModelTwitch.kt:291:21 Argument type mismatch: actual type is 'MutableStateFlow<SettingsStream>', but 'SettingsStream' was expected.
e: file:///<home>/Desktop/code/moblin-android/app/src/main/java/com/moblin/android/various/model/ModelTwitch.kt:291:55 Unresolved reference 'twitchChannelId'.
e: file:///<home>/Desktop/code/moblin-android/app/src/main/java/com/moblin/android/various/model/ModelTwitch.kt:301:9 Unresolved reference 'not' for operator '!'.
e: file:///<home>/Desktop/code/moblin-android/app/src/main/java/com/moblin/android/various/model/ModelTwitch.kt:302:56 Unresolved reference 'Status'.
e: file:///<home>/Desktop/code/moblin-android/app/src/main/java/com/moblin/android/various/model/ModelTwitch.kt:305:24 Argument type mismatch: actual type is 'Instant!', but 'Duration' was expected.
e: file:///<home>/Desktop/code/moblin-android/app/src/main/java/com/moblin/android/various/model/ModelTwitch.kt:305:47 Unresolved reference 'compareTo'.
e: file:///<home>/Desktop/code/moblin-android/app/src/main/java/com/moblin/android/various/model/ModelTwitch.kt:308:30 Assignment type mismatch: actual type is 'TimeMark', but 'Instant!' was expected.
e: file:///<home>/Desktop/code/moblin-android/app/src/main/java/com/moblin/android/various/model/ModelTwitch.kt:313:21 Argument type mismatch: actual type is 'MutableStateFlow<SettingsStream>', but 'SettingsStream' was expected.
e: file:///<home>/Desktop/code/moblin-android/app/src/main/java/com/moblin/android/various/model/ModelTwitch.kt:314:32 Unresolved reference 'twitchChannelId'.
e: file:///<home>/Desktop/code/moblin-android/app/src/main/java/com/moblin/android/various/model/ModelTwitch.kt:321:21 Argument type mismatch: actual type is 'MutableStateFlow<SettingsStream>', but 'SettingsStream' was expected.
e: file:///<home>/Desktop/code/moblin-android/app/src/main/java/com/moblin/android/various/model/ModelTwitch.kt:322:49 Unresolved reference 'twitchChannelId'.
e: file:///<home>/Desktop/code/moblin-android/app/src/main/java/com/moblin/android/various/model/ModelTwitch.kt:323:13 'when' expression must be exhaustive. Add the 'AuthError', 'Error', 'is Success<*>' branches or an 'else' branch.
e: file:///<home>/Desktop/code/moblin-android/app/src/main/java/com/moblin/android/various/model/ModelTwitch.kt:324:36 Unresolved reference 'Success'.
e: file:///<home>/Desktop/code/moblin-android/app/src/main/java/com/moblin/android/various/model/ModelTwitch.kt:324:74 Unresolved reference 'Success'.
e: file:///<home>/Desktop/code/moblin-android/app/src/main/java/com/moblin/android/various/model/ModelTwitch.kt:325:36 Unresolved reference 'AuthError'.
e: file:///<home>/Desktop/code/moblin-android/app/src/main/java/com/moblin/android/various/model/ModelTwitch.kt:325:76 Unresolved reference 'AuthError'.
e: file:///<home>/Desktop/code/moblin-android/app/src/main/java/com/moblin/android/various/model/ModelTwitch.kt:326:36 Unresolved reference 'Error'.
e: file:///<home>/Desktop/code/moblin-android/app/src/main/java/com/moblin/android/various/model/ModelTwitch.kt:326:72 Unresolved reference 'Error'.
e: file:///<home>/Desktop/code/moblin-android/app/src/main/java/com/moblin/android/various/model/ModelTwitch.kt:338:21 Argument type mismatch: actual type is 'MutableStateFlow<SettingsStream>', but 'SettingsStream' was expected.
e: file:///<home>/Desktop/code/moblin-android/app/src/main/java/com/moblin/android/various/model/ModelTwitch.kt:339:32 Unresolved reference 'twitchChannelId'.
e: file:///<home>/Desktop/code/moblin-android/app/src/main/java/com/moblin/android/various/model/ModelTwitch.kt:353:21 Argument type mismatch: actual type is 'MutableStateFlow<SettingsStream>', but 'SettingsStream' was expected.
e: file:///<home>/Desktop/code/moblin-android/app/src/main/java/com/moblin/android/various/model/ModelTwitch.kt:355:40 Unresolved reference 'Error'.
e: file:///<home>/Desktop/code/moblin-android/app/src/main/java/com/moblin/android/various/model/ModelTwitch.kt:369:37 Argument type mismatch: actual type is 'MutableStateFlow<SettingsStream>', but 'SettingsStream' was expected.
e: file:///<home>/Desktop/code/moblin-android/app/src/main/java/com/moblin/android/various/model/ModelTwitch.kt:372:40 Unresolved reference 'Error'.
e: file:///<home>/Desktop/code/moblin-android/app/src/main/java/com/moblin/android/various/model/ModelTwitch.kt:376:36 Unresolved reference 'twitchChannelId'.
e: file:///<home>/Desktop/code/moblin-android/app/src/main/java/com/moblin/android/various/model/ModelTwitch.kt:384:37 Argument type mismatch: actual type is 'MutableStateFlow<SettingsStream>', but 'SettingsStream' was expected.
e: file:///<home>/Desktop/code/moblin-android/app/src/main/java/com/moblin/android/various/model/ModelTwitch.kt:387:40 Unresolved reference 'Error'.
e: file:///<home>/Desktop/code/moblin-android/app/src/main/java/com/moblin/android/various/model/ModelTwitch.kt:391:36 Unresolved reference 'twitchChannelId'.
e: file:///<home>/Desktop/code/moblin-android/app/src/main/java/com/moblin/android/various/model/ModelTwitch.kt:399:37 Argument type mismatch: actual type is 'MutableStateFlow<SettingsStream>', but 'SettingsStream' was expected.
e: file:///<home>/Desktop/code/moblin-android/app/src/main/java/com/moblin/android/various/model/ModelTwitch.kt:402:40 Unresolved reference 'Error'.
e: file:///<home>/Desktop/code/moblin-android/app/src/main/java/com/moblin/android/various/model/ModelTwitch.kt:406:36 Unresolved reference 'twitchChannelId'.
e: file:///<home>/Desktop/code/moblin-android/app/src/main/java/com/moblin/android/various/model/ModelTwitch.kt:414:37 Argument type mismatch: actual type is 'MutableStateFlow<SettingsStream>', but 'SettingsStream' was expected.
e: file:///<home>/Desktop/code/moblin-android/app/src/main/java/com/moblin/android/various/model/ModelTwitch.kt:417:40 Unresolved reference 'Error'.
e: file:///<home>/Desktop/code/moblin-android/app/src/main/java/com/moblin/android/various/model/ModelTwitch.kt:421:36 Unresolved reference 'twitchChannelId'.
e: file:///<home>/Desktop/code/moblin-android/app/src/main/java/com/moblin/android/various/model/ModelTwitch.kt:429:37 Argument type mismatch: actual type is 'MutableStateFlow<SettingsStream>', but 'SettingsStream' was expected.
e: file:///<home>/Desktop/code/moblin-android/app/src/main/java/com/moblin/android/various/model/ModelTwitch.kt:432:40 Unresolved reference 'Error'.
e: file:///<home>/Desktop/code/moblin-android/app/src/main/java/com/moblin/android/various/model/ModelTwitch.kt:436:36 Unresolved reference 'twitchChannelId'.
e: file:///<home>/Desktop/code/moblin-android/app/src/main/java/com/moblin/android/various/model/ModelTwitch.kt:448:21 Argument type mismatch: actual type is 'MutableStateFlow<SettingsStream>', but 'SettingsStream' was expected.
e: file:///<home>/Desktop/code/moblin-android/app/src/main/java/com/moblin/android/various/model/ModelTwitch.kt:449:32 Unresolved reference 'twitchChannelId'.
e: file:///<home>/Desktop/code/moblin-android/app/src/main/java/com/moblin/android/various/model/ModelTwitch.kt:465:21 Argument type mismatch: actual type is 'MutableStateFlow<SettingsStream>', but 'SettingsStream' was expected.
e: file:///<home>/Desktop/code/moblin-android/app/src/main/java/com/moblin/android/various/model/ModelTwitch.kt:466:32 Unresolved reference 'twitchChannelId'.
e: file:///<home>/Desktop/code/moblin-android/app/src/main/java/com/moblin/android/various/model/ModelTwitch.kt:481:21 Argument type mismatch: actual type is 'MutableStateFlow<SettingsStream>', but 'SettingsStream' was expected.
e: file:///<home>/Desktop/code/moblin-android/app/src/main/java/com/moblin/android/various/model/ModelTwitch.kt:482:32 Unresolved reference 'twitchChannelId'.
e: file:///<home>/Desktop/code/moblin-android/app/src/main/java/com/moblin/android/various/model/ModelTwitch.kt:489:21 Argument type mismatch: actual type is 'MutableStateFlow<SettingsStream>', but 'SettingsStream' was expected.
e: file:///<home>/Desktop/code/moblin-android/app/src/main/java/com/moblin/android/various/model/ModelTwitch.kt:490:32 Unresolved reference 'twitchChannelId'.
e: file:///<home>/Desktop/code/moblin-android/app/src/main/java/com/moblin/android/various/model/ModelTwitch.kt:497:21 Argument type mismatch: actual type is 'MutableStateFlow<SettingsStream>', but 'SettingsStream' was expected.
e: file:///<home>/Desktop/code/moblin-android/app/src/main/java/com/moblin/android/various/model/ModelTwitch.kt:498:32 Unresolved reference 'twitchChannelId'.
e: file:///<home>/Desktop/code/moblin-android/app/src/main/java/com/moblin/android/various/model/ModelTwitch.kt:505:21 Argument type mismatch: actual type is 'MutableStateFlow<SettingsStream>', but 'SettingsStream' was expected.
e: file:///<home>/Desktop/code/moblin-android/app/src/main/java/com/moblin/android/various/model/ModelTwitch.kt:506:51 Unresolved reference 'twitchChannelId'.
e: file:///<home>/Desktop/code/moblin-android/app/src/main/java/com/moblin/android/various/model/ModelTwitch.kt:510:21 Argument type mismatch: actual type is 'MutableStateFlow<SettingsStream>', but 'SettingsStream' was expected.
e: file:///<home>/Desktop/code/moblin-android/app/src/main/java/com/moblin/android/various/model/ModelTwitch.kt:511:32 Unresolved reference 'twitchChannelId'.
e: file:///<home>/Desktop/code/moblin-android/app/src/main/java/com/moblin/android/various/model/ModelTwitch.kt:522:21 Argument type mismatch: actual type is 'MutableStateFlow<SettingsStream>', but 'SettingsStream' was expected.
e: file:///<home>/Desktop/code/moblin-android/app/src/main/java/com/moblin/android/various/model/ModelTwitch.kt:523:32 Unresolved reference 'twitchChannelId'.
e: file:///<home>/Desktop/code/moblin-android/app/src/main/java/com/moblin/android/various/model/ModelTwitch.kt:536:21 Argument type mismatch: actual type is 'MutableStateFlow<SettingsStream>', but 'SettingsStream' was expected.
e: file:///<home>/Desktop/code/moblin-android/app/src/main/java/com/moblin/android/various/model/ModelTwitch.kt:537:32 Unresolved reference 'twitchChannelId'.
e: file:///<home>/Desktop/code/moblin-android/app/src/main/java/com/moblin/android/various/model/ModelTwitch.kt:547:21 Argument type mismatch: actual type is 'MutableStateFlow<SettingsStream>', but 'SettingsStream' was expected.
e: file:///<home>/Desktop/code/moblin-android/app/src/main/java/com/moblin/android/various/model/ModelTwitch.kt:548:32 Unresolved reference 'twitchChannelId'.
e: file:///<home>/Desktop/code/moblin-android/app/src/main/java/com/moblin/android/various/model/ModelTwitch.kt:559:21 Argument type mismatch: actual type is 'MutableStateFlow<SettingsStream>', but 'SettingsStream' was expected.
e: file:///<home>/Desktop/code/moblin-android/app/src/main/java/com/moblin/android/various/model/ModelTwitch.kt:560:32 Unresolved reference 'twitchChannelId'.
e: file:///<home>/Desktop/code/moblin-android/app/src/main/java/com/moblin/android/various/model/ModelTwitch.kt:574:21 Argument type mismatch: actual type is 'MutableStateFlow<SettingsStream>', but 'SettingsStream' was expected.
e: file:///<home>/Desktop/code/moblin-android/app/src/main/java/com/moblin/android/various/model/ModelTwitch.kt:575:32 Unresolved reference 'twitchChannelId'.
e: file:///<home>/Desktop/code/moblin-android/app/src/main/java/com/moblin/android/various/model/ModelTwitch.kt:587:21 Argument type mismatch: actual type is 'MutableStateFlow<SettingsStream>', but 'SettingsStream' was expected.
e: file:///<home>/Desktop/code/moblin-android/app/src/main/java/com/moblin/android/various/model/ModelTwitch.kt:588:32 Unresolved reference 'twitchChannelId'.
e: file:///<home>/Desktop/code/moblin-android/app/src/main/java/com/moblin/android/various/model/ModelTwitch.kt:595:21 Argument type mismatch: actual type is 'MutableStateFlow<SettingsStream>', but 'SettingsStream' was expected.
e: file:///<home>/Desktop/code/moblin-android/app/src/main/java/com/moblin/android/various/model/ModelTwitch.kt:596:32 Unresolved reference 'twitchChannelId'.
e: file:///<home>/Desktop/code/moblin-android/app/src/main/java/com/moblin/android/various/model/ModelTwitch.kt:602:10 'val' cannot be reassigned.
e: file:///<home>/Desktop/code/moblin-android/app/src/main/java/com/moblin/android/various/model/ModelTwitch.kt:602:18 Assignment type mismatch: actual type is 'RaidState', but 'MutableStateFlow<RaidState>' was expected.
e: file:///<home>/Desktop/code/moblin-android/app/src/main/java/com/moblin/android/various/model/ModelTwitch.kt:603:10 'val' cannot be reassigned.
e: file:///<home>/Desktop/code/moblin-android/app/src/main/java/com/moblin/android/various/model/ModelTwitch.kt:603:25 Assignment type mismatch: actual type is 'String', but 'MutableStateFlow<String>' was expected.
e: file:///<home>/Desktop/code/moblin-android/app/src/main/java/com/moblin/android/various/model/ModelTwitch.kt:604:10 'val' cannot be reassigned.
e: file:///<home>/Desktop/code/moblin-android/app/src/main/java/com/moblin/android/various/model/ModelTwitch.kt:604:20 Assignment type mismatch: actual type is 'String', but 'MutableStateFlow<String>' was expected.
e: file:///<home>/Desktop/code/moblin-android/app/src/main/java/com/moblin/android/various/model/ModelTwitch.kt:605:19 Unresolved reference 'progress'.
e: file:///<home>/Desktop/code/moblin-android/app/src/main/java/com/moblin/android/various/model/ModelTwitch.kt:606:19 Unresolved reference 'goal'.
e: file:///<home>/Desktop/code/moblin-android/app/src/main/java/com/moblin/android/various/model/ModelTwitch.kt:607:25 Argument type mismatch: actual type is 'MutableStateFlow<SettingsStream>', but 'SettingsStream' was expected.
e: file:///<home>/Desktop/code/moblin-android/app/src/main/java/com/moblin/android/various/model/ModelTwitch.kt:608:14 'val' cannot be reassigned.
e: file:///<home>/Desktop/code/moblin-android/app/src/main/java/com/moblin/android/various/model/ModelTwitch.kt:608:29 Assignment type mismatch: actual type is 'String', but 'MutableStateFlow<String>' was expected.
e: file:///<home>/Desktop/code/moblin-android/app/src/main/java/com/moblin/android/various/model/ModelTwitch.kt:617:10 'val' cannot be reassigned.
e: file:///<home>/Desktop/code/moblin-android/app/src/main/java/com/moblin/android/various/model/ModelTwitch.kt:617:20 Assignment type mismatch: actual type is 'String', but 'MutableStateFlow<String>' was expected.
e: file:///<home>/Desktop/code/moblin-android/app/src/main/java/com/moblin/android/various/model/ModelTwitch.kt:618:10 'val' cannot be reassigned.
e: file:///<home>/Desktop/code/moblin-android/app/src/main/java/com/moblin/android/various/model/ModelTwitch.kt:618:18 Assignment type mismatch: actual type is 'RaidState', but 'MutableStateFlow<RaidState>' was expected.
e: file:///<home>/Desktop/code/moblin-android/app/src/main/java/com/moblin/android/various/model/ModelTwitch.kt:622:10 'val' cannot be reassigned.
e: file:///<home>/Desktop/code/moblin-android/app/src/main/java/com/moblin/android/various/model/ModelTwitch.kt:622:18 Assignment type mismatch: actual type is 'RaidState', but 'MutableStateFlow<RaidState>' was expected.
e: file:///<home>/Desktop/code/moblin-android/app/src/main/java/com/moblin/android/various/model/ModelTwitch.kt:623:10 'val' cannot be reassigned.
e: file:///<home>/Desktop/code/moblin-android/app/src/main/java/com/moblin/android/various/model/ModelTwitch.kt:623:20 Assignment type mismatch: actual type is 'String', but 'MutableStateFlow<String>' was expected.
e: file:///<home>/Desktop/code/moblin-android/app/src/main/java/com/moblin/android/various/model/ModelTwitch.kt:627:9 Comparison of incompatible enums 'MutableStateFlow<RaidState>' and 'RaidState' is always unsuccessful.
e: file:///<home>/Desktop/code/moblin-android/app/src/main/java/com/moblin/android/various/model/ModelTwitch.kt:630:23 Unresolved reference 'progress'.
e: file:///<home>/Desktop/code/moblin-android/app/src/main/java/com/moblin/android/various/model/ModelTwitch.kt:630:48 Unresolved reference 'goal'.
e: file:///<home>/Desktop/code/moblin-android/app/src/main/java/com/moblin/android/various/model/ModelTwitch.kt:631:23 Unresolved reference 'progress'.
e: file:///<home>/Desktop/code/moblin-android/app/src/main/java/com/moblin/android/various/model/ModelTwitch.kt:636:10 'val' cannot be reassigned.
e: file:///<home>/Desktop/code/moblin-android/app/src/main/java/com/moblin/android/various/model/ModelTwitch.kt:636:18 Assignment type mismatch: actual type is 'RaidState', but 'MutableStateFlow<RaidState>' was expected.
e: file:///<home>/Desktop/code/moblin-android/app/src/main/java/com/moblin/android/various/model/ModelTwitch.kt:637:10 'val' cannot be reassigned.
e: file:///<home>/Desktop/code/moblin-android/app/src/main/java/com/moblin/android/various/model/ModelTwitch.kt:637:25 Assignment type mismatch: actual type is 'String', but 'MutableStateFlow<String>' was expected.
e: file:///<home>/Desktop/code/moblin-android/app/src/main/java/com/moblin/android/various/model/ModelTwitch.kt:638:10 'val' cannot be reassigned.
e: file:///<home>/Desktop/code/moblin-android/app/src/main/java/com/moblin/android/various/model/ModelTwitch.kt:638:25 Assignment type mismatch: actual type is 'String', but 'MutableStateFlow<String>' was expected.
e: file:///<home>/Desktop/code/moblin-android/app/src/main/java/com/moblin/android/various/model/ModelTwitch.kt:642:12 Unresolved reference 'twitchRaidsSent'.
e: file:///<home>/Desktop/code/moblin-android/app/src/main/java/com/moblin/android/various/model/ModelTwitch.kt:643:16 Unresolved reference 'twitchRaidsSent'.
e: file:///<home>/Desktop/code/moblin-android/app/src/main/java/com/moblin/android/various/model/ModelTwitch.kt:650:12 Unresolved reference 'twitchRaidsReceived'.
e: file:///<home>/Desktop/code/moblin-android/app/src/main/java/com/moblin/android/various/model/ModelTwitch.kt:651:16 Unresolved reference 'twitchRaidsReceived'.
e: file:///<home>/Desktop/code/moblin-android/app/src/main/java/com/moblin/android/various/model/ModelTwitch.kt:670:28 Unresolved reference 'ChatPlatform'.
e: file:///<home>/Desktop/code/moblin-android/app/src/main/java/com/moblin/android/various/model/ModelTwitch.kt:674:21 Argument type mismatch: actual type is 'MutableStateFlow<SettingsStream>', but 'SettingsStream' was expected.
e: file:///<home>/Desktop/code/moblin-android/app/src/main/java/com/moblin/android/various/model/ModelTwitch.kt:674:46 Unresolved reference 'twitchChannelId'.
e: file:///<home>/Desktop/code/moblin-android/app/src/main/java/com/moblin/android/various/model/ModelTwitch.kt:677:37 Unresolved reference 'data'.
e: file:///<home>/Desktop/code/moblin-android/app/src/main/java/com/moblin/android/various/model/ModelTwitch.kt:679:45 Unresolved reference 'Status'.
e: file:///<home>/Desktop/code/moblin-android/app/src/main/java/com/moblin/android/various/model/ModelTwitch.kt:679:62 Unresolved reference 'viewer_count'.
e: file:///<home>/Desktop/code/moblin-android/app/src/main/java/com/moblin/android/various/model/ModelTwitch.kt:681:45 Unresolved reference 'Status'.
e: file:///<home>/Desktop/code/moblin-android/app/src/main/java/com/moblin/android/various/model/ModelTwitch.kt:685:64 Unresolved reference 'Status'.
e: file:///<home>/Desktop/code/moblin-android/app/src/main/java/com/moblin/android/various/model/ModelTwitch.kt:705:28 Unresolved reference 'format'.
e: file:///<home>/Desktop/code/moblin-android/app/src/main/java/com/moblin/android/various/model/ModelTwitch.kt:709:16 'val' cannot be reassigned.
e: file:///<home>/Desktop/code/moblin-android/app/src/main/java/com/moblin/android/various/model/ModelTwitch.kt:709:24 Assignment type mismatch: actual type is 'TwitchPollState', but 'MutableStateFlow<TwitchPollState>' was expected.
e: file:///<home>/Desktop/code/moblin-android/app/src/main/java/com/moblin/android/various/model/ModelTwitch.kt:710:16 'val' cannot be reassigned.
e: file:///<home>/Desktop/code/moblin-android/app/src/main/java/com/moblin/android/various/model/ModelTwitch.kt:710:24 Assignment type mismatch: actual type is 'String', but 'MutableStateFlow<String>' was expected.
e: file:///<home>/Desktop/code/moblin-android/app/src/main/java/com/moblin/android/various/model/ModelTwitch.kt:711:16 'val' cannot be reassigned.
e: file:///<home>/Desktop/code/moblin-android/app/src/main/java/com/moblin/android/various/model/ModelTwitch.kt:711:26 Assignment type mismatch: actual type is 'List<TwitchPollChoice>', but 'MutableStateFlow<List<TwitchPollChoice>>' was expected.
e: file:///<home>/Desktop/code/moblin-android/app/src/main/java/com/moblin/android/various/model/ModelTwitch.kt:714:16 'val' cannot be reassigned.
e: file:///<home>/Desktop/code/moblin-android/app/src/main/java/com/moblin/android/various/model/ModelTwitch.kt:714:29 Assignment type mismatch: actual type is 'Int', but 'MutableStateFlow<Int>' was expected.
e: file:///<home>/Desktop/code/moblin-android/app/src/main/java/com/moblin/android/various/model/ModelTwitch.kt:719:9 Comparison of incompatible enums 'MutableStateFlow<TwitchPollState>' and 'TwitchPollState' is always unsuccessful.
e: file:///<home>/Desktop/code/moblin-android/app/src/main/java/com/moblin/android/various/model/ModelTwitch.kt:724:16 'val' cannot be reassigned.
e: file:///<home>/Desktop/code/moblin-android/app/src/main/java/com/moblin/android/various/model/ModelTwitch.kt:724:26 Assignment type mismatch: actual type is 'String', but 'MutableStateFlow<String>' was expected.
e: file:///<home>/Desktop/code/moblin-android/app/src/main/java/com/moblin/android/various/model/ModelTwitch.kt:728:16 'val' cannot be reassigned.
e: file:///<home>/Desktop/code/moblin-android/app/src/main/java/com/moblin/android/various/model/ModelTwitch.kt:728:24 Assignment type mismatch: actual type is 'TwitchPollState', but 'MutableStateFlow<TwitchPollState>' was expected.
e: file:///<home>/Desktop/code/moblin-android/app/src/main/java/com/moblin/android/various/model/ModelTwitch.kt:735:22 'val' cannot be reassigned.
e: file:///<home>/Desktop/code/moblin-android/app/src/main/java/com/moblin/android/various/model/ModelTwitch.kt:735:30 Assignment type mismatch: actual type is 'TwitchPredictionState', but 'MutableStateFlow<TwitchPredictionState>' was expected.
e: file:///<home>/Desktop/code/moblin-android/app/src/main/java/com/moblin/android/various/model/ModelTwitch.kt:736:22 'val' cannot be reassigned.
e: file:///<home>/Desktop/code/moblin-android/app/src/main/java/com/moblin/android/various/model/ModelTwitch.kt:736:30 Assignment type mismatch: actual type is 'String', but 'MutableStateFlow<String>' was expected.
e: file:///<home>/Desktop/code/moblin-android/app/src/main/java/com/moblin/android/various/model/ModelTwitch.kt:737:22 'val' cannot be reassigned.
e: file:///<home>/Desktop/code/moblin-android/app/src/main/java/com/moblin/android/various/model/ModelTwitch.kt:737:33 Assignment type mismatch: actual type is 'List<TwitchPredictionOutcome>', but 'MutableStateFlow<List<TwitchPredictionOutcome>>' was expected.
e: file:///<home>/Desktop/code/moblin-android/app/src/main/java/com/moblin/android/various/model/ModelTwitch.kt:747:22 'val' cannot be reassigned.
e: file:///<home>/Desktop/code/moblin-android/app/src/main/java/com/moblin/android/various/model/ModelTwitch.kt:747:43 Assignment type mismatch: actual type is 'Int', but 'MutableStateFlow<Int>' was expected.
e: file:///<home>/Desktop/code/moblin-android/app/src/main/java/com/moblin/android/various/model/ModelTwitch.kt:752:9 Comparison of incompatible enums 'MutableStateFlow<TwitchPredictionState>' and 'TwitchPredictionState' is always unsuccessful.
e: file:///<home>/Desktop/code/moblin-android/app/src/main/java/com/moblin/android/various/model/ModelTwitch.kt:757:22 'val' cannot be reassigned.
e: file:///<home>/Desktop/code/moblin-android/app/src/main/java/com/moblin/android/various/model/ModelTwitch.kt:757:32 Assignment type mismatch: actual type is 'String', but 'MutableStateFlow<String>' was expected.
e: file:///<home>/Desktop/code/moblin-android/app/src/main/java/com/moblin/android/various/model/ModelTwitch.kt:761:22 'val' cannot be reassigned.
e: file:///<home>/Desktop/code/moblin-android/app/src/main/java/com/moblin/android/various/model/ModelTwitch.kt:761:30 Assignment type mismatch: actual type is 'TwitchPredictionState', but 'MutableStateFlow<TwitchPredictionState>' was expected.
e: file:///<home>/Desktop/code/moblin-android/app/src/main/java/com/moblin/android/various/model/ModelTwitch.kt:770:15 'val' cannot be reassigned.
e: file:///<home>/Desktop/code/moblin-android/app/src/main/java/com/moblin/android/various/model/ModelTwitch.kt:770:25 Assignment type mismatch: actual type is 'String', but 'MutableStateFlow<String>' was expected.
e: file:///<home>/Desktop/code/moblin-android/app/src/main/java/com/moblin/android/various/model/ModelTwitch.kt:774:15 'val' cannot be reassigned.
e: file:///<home>/Desktop/code/moblin-android/app/src/main/java/com/moblin/android/various/model/ModelTwitch.kt:774:23 Null cannot be a value of a non-null type 'MutableStateFlow<Int?>'.
e: file:///<home>/Desktop/code/moblin-android/app/src/main/java/com/moblin/android/various/model/ModelTwitch.kt:775:15 'val' cannot be reassigned.
e: file:///<home>/Desktop/code/moblin-android/app/src/main/java/com/moblin/android/various/model/ModelTwitch.kt:775:26 Null cannot be a value of a non-null type 'MutableStateFlow<ProgressBar?>'.
e: file:///<home>/Desktop/code/moblin-android/app/src/main/java/com/moblin/android/various/model/ModelTwitch.kt:777:15 'val' cannot be reassigned.
e: file:///<home>/Desktop/code/moblin-android/app/src/main/java/com/moblin/android/various/model/ModelTwitch.kt:777:25 Assignment type mismatch: actual type is 'String', but 'MutableStateFlow<String>' was expected.
e: file:///<home>/Desktop/code/moblin-android/app/src/main/java/com/moblin/android/various/model/ModelTwitch.kt:842:20 Unresolved reference 'ChatPlatform'.
e: file:///<home>/Desktop/code/moblin-android/app/src/main/java/com/moblin/android/various/model/ModelTwitch.kt:850:21 Argument type mismatch: actual type is 'MutableStateFlow<String>', but 'String' was expected.
e: file:///<home>/Desktop/code/moblin-android/app/src/main/java/com/moblin/android/various/model/ModelTwitch.kt:880:16 Unresolved reference 'twitchToastAlerts'.
e: file:///<home>/Desktop/code/moblin-android/app/src/main/java/com/moblin/android/various/model/ModelTwitch.kt:883:15 Unresolved reference 'Alert'.
e: file:///<home>/Desktop/code/moblin-android/app/src/main/java/com/moblin/android/various/model/ModelTwitch.kt:884:16 Unresolved reference 'twitchChatAlerts'.
e: file:///<home>/Desktop/code/moblin-android/app/src/main/java/com/moblin/android/various/model/ModelTwitch.kt:891:38 Unresolved reference 'newFollower'.
e: file:///<home>/Desktop/code/moblin-android/app/src/main/java/com/moblin/android/various/model/ModelTwitch.kt:896:17 Unresolved reference 'EventCatPrinterEvent'.
e: file:///<home>/Desktop/code/moblin-android/app/src/main/java/com/moblin/android/various/model/ModelTwitch.kt:900:64 Unresolved reference 'twitchFollow'.
e: file:///<home>/Desktop/code/moblin-android/app/src/main/java/com/moblin/android/various/model/ModelTwitch.kt:913:16 Unresolved reference 'twitchToastAlerts'.
e: file:///<home>/Desktop/code/moblin-android/app/src/main/java/com/moblin/android/various/model/ModelTwitch.kt:914:65 Unresolved reference 'twitchToastAlerts'.
e: file:///<home>/Desktop/code/moblin-android/app/src/main/java/com/moblin/android/various/model/ModelTwitch.kt:918:66 Unresolved reference 'twitchChatAlerts'.
e: file:///<home>/Desktop/code/moblin-android/app/src/main/java/com/moblin/android/various/model/ModelTwitch.kt:921:15 Unresolved reference 'Alert'.
e: file:///<home>/Desktop/code/moblin-android/app/src/main/java/com/moblin/android/various/model/ModelTwitch.kt:922:16 Unresolved reference 'twitchChatAlerts'.
e: file:///<home>/Desktop/code/moblin-android/app/src/main/java/com/moblin/android/various/model/ModelTwitch.kt:932:38 Unresolved reference 'other'.
e: file:///<home>/Desktop/code/moblin-android/app/src/main/java/com/moblin/android/various/model/ModelTwitch.kt:938:17 Unresolved reference 'EventCatPrinterEvent'.
e: file:///<home>/Desktop/code/moblin-android/app/src/main/java/com/moblin/android/various/model/ModelTwitch.kt:942:64 Unresolved reference 'twitchSubscription'.
e: file:///<home>/Desktop/code/moblin-android/app/src/main/java/com/moblin/android/various/model/ModelTwitch.kt:954:16 Unresolved reference 'twitchToastAlerts'.
e: file:///<home>/Desktop/code/moblin-android/app/src/main/java/com/moblin/android/various/model/ModelTwitch.kt:955:65 Unresolved reference 'twitchToastAlerts'.
e: file:///<home>/Desktop/code/moblin-android/app/src/main/java/com/moblin/android/various/model/ModelTwitch.kt:959:66 Unresolved reference 'twitchChatAlerts'.
e: file:///<home>/Desktop/code/moblin-android/app/src/main/java/com/moblin/android/various/model/ModelTwitch.kt:962:15 Unresolved reference 'Alert'.
e: file:///<home>/Desktop/code/moblin-android/app/src/main/java/com/moblin/android/various/model/ModelTwitch.kt:963:16 Unresolved reference 'twitchChatAlerts'.
e: file:///<home>/Desktop/code/moblin-android/app/src/main/java/com/moblin/android/various/model/ModelTwitch.kt:973:38 Unresolved reference 'other'.
e: file:///<home>/Desktop/code/moblin-android/app/src/main/java/com/moblin/android/various/model/ModelTwitch.kt:979:17 Unresolved reference 'EventCatPrinterEvent'.
e: file:///<home>/Desktop/code/moblin-android/app/src/main/java/com/moblin/android/various/model/ModelTwitch.kt:984:48 Unresolved reference 'twitchGiftSubscription'.
e: file:///<home>/Desktop/code/moblin-android/app/src/main/java/com/moblin/android/various/model/ModelTwitch.kt:1005:16 Unresolved reference 'twitchToastAlerts'.
e: file:///<home>/Desktop/code/moblin-android/app/src/main/java/com/moblin/android/various/model/ModelTwitch.kt:1006:65 Unresolved reference 'twitchToastAlerts'.
e: file:///<home>/Desktop/code/moblin-android/app/src/main/java/com/moblin/android/various/model/ModelTwitch.kt:1010:66 Unresolved reference 'twitchChatAlerts'.
e: file:///<home>/Desktop/code/moblin-android/app/src/main/java/com/moblin/android/various/model/ModelTwitch.kt:1013:15 Unresolved reference 'Alert'.
e: file:///<home>/Desktop/code/moblin-android/app/src/main/java/com/moblin/android/various/model/ModelTwitch.kt:1014:16 Unresolved reference 'twitchChatAlerts'.
e: file:///<home>/Desktop/code/moblin-android/app/src/main/java/com/moblin/android/various/model/ModelTwitch.kt:1021:38 Unresolved reference 'other'.
e: file:///<home>/Desktop/code/moblin-android/app/src/main/java/com/moblin/android/various/model/ModelTwitch.kt:1027:17 Unresolved reference 'EventCatPrinterEvent'.
e: file:///<home>/Desktop/code/moblin-android/app/src/main/java/com/moblin/android/various/model/ModelTwitch.kt:1032:48 Unresolved reference 'twitchResubscription'.
e: file:///<home>/Desktop/code/moblin-android/app/src/main/java/com/moblin/android/various/model/ModelTwitch.kt:1047:16 Unresolved reference 'twitchToastAlerts'.
e: file:///<home>/Desktop/code/moblin-android/app/src/main/java/com/moblin/android/various/model/ModelTwitch.kt:1048:65 Unresolved reference 'twitchToastAlerts'.
e: file:///<home>/Desktop/code/moblin-android/app/src/main/java/com/moblin/android/various/model/ModelTwitch.kt:1052:66 Unresolved reference 'twitchChatAlerts'.
e: file:///<home>/Desktop/code/moblin-android/app/src/main/java/com/moblin/android/various/model/ModelTwitch.kt:1055:15 Unresolved reference 'Alert'.
e: file:///<home>/Desktop/code/moblin-android/app/src/main/java/com/moblin/android/various/model/ModelTwitch.kt:1056:16 Unresolved reference 'twitchChatAlerts'.
e: file:///<home>/Desktop/code/moblin-android/app/src/main/java/com/moblin/android/various/model/ModelTwitch.kt:1066:38 Unresolved reference 'other'.
e: file:///<home>/Desktop/code/moblin-android/app/src/main/java/com/moblin/android/various/model/ModelTwitch.kt:1072:17 Unresolved reference 'EventCatPrinterEvent'.
e: file:///<home>/Desktop/code/moblin-android/app/src/main/java/com/moblin/android/various/model/ModelTwitch.kt:1076:64 Unresolved reference 'twitchSubscription'.
e: file:///<home>/Desktop/code/moblin-android/app/src/main/java/com/moblin/android/various/model/ModelTwitch.kt:1084:16 Unresolved reference 'twitchToastAlerts'.
e: file:///<home>/Desktop/code/moblin-android/app/src/main/java/com/moblin/android/various/model/ModelTwitch.kt:1085:65 Unresolved reference 'twitchToastAlerts'.
e: file:///<home>/Desktop/code/moblin-android/app/src/main/java/com/moblin/android/various/model/ModelTwitch.kt:1091:66 Unresolved reference 'twitchChatAlerts'.
e: file:///<home>/Desktop/code/moblin-android/app/src/main/java/com/moblin/android/various/model/ModelTwitch.kt:1094:16 Unresolved reference 'twitchChatAlerts'.
e: file:///<home>/Desktop/code/moblin-android/app/src/main/java/com/moblin/android/various/model/ModelTwitch.kt:1101:38 Unresolved reference 'other'.
e: file:///<home>/Desktop/code/moblin-android/app/src/main/java/com/moblin/android/various/model/ModelTwitch.kt:1107:48 Unresolved reference 'twitchWatchStreak'.
e: file:///<home>/Desktop/code/moblin-android/app/src/main/java/com/moblin/android/various/model/ModelTwitch.kt:1115:16 Unresolved reference 'twitchToastAlerts'.
e: file:///<home>/Desktop/code/moblin-android/app/src/main/java/com/moblin/android/various/model/ModelTwitch.kt:1119:19 Unresolved reference 'Alert'.
e: file:///<home>/Desktop/code/moblin-android/app/src/main/java/com/moblin/android/various/model/ModelTwitch.kt:1121:16 Unresolved reference 'twitchChatAlerts'.
e: file:///<home>/Desktop/code/moblin-android/app/src/main/java/com/moblin/android/various/model/ModelTwitch.kt:1128:38 Unresolved reference 'redemption'.
e: file:///<home>/Desktop/code/moblin-android/app/src/main/java/com/moblin/android/various/model/ModelTwitch.kt:1133:17 Unresolved reference 'EventCatPrinterEvent'.
e: file:///<home>/Desktop/code/moblin-android/app/src/main/java/com/moblin/android/various/model/ModelTwitch.kt:1138:48 Unresolved reference 'twitchReward'.
e: file:///<home>/Desktop/code/moblin-android/app/src/main/java/com/moblin/android/various/model/ModelTwitch.kt:1143:78 Unresolved reference 'twitchChannelId'.
e: file:///<home>/Desktop/code/moblin-android/app/src/main/java/com/moblin/android/various/model/ModelTwitch.kt:1152:20 Unresolved reference 'twitchToastAlerts'.
e: file:///<home>/Desktop/code/moblin-android/app/src/main/java/com/moblin/android/various/model/ModelTwitch.kt:1153:69 Unresolved reference 'twitchToastAlerts'.
e: file:///<home>/Desktop/code/moblin-android/app/src/main/java/com/moblin/android/various/model/ModelTwitch.kt:1157:70 Unresolved reference 'twitchChatAlerts'.
e: file:///<home>/Desktop/code/moblin-android/app/src/main/java/com/moblin/android/various/model/ModelTwitch.kt:1160:19 Unresolved reference 'Alert'.
e: file:///<home>/Desktop/code/moblin-android/app/src/main/java/com/moblin/android/various/model/ModelTwitch.kt:1161:20 Unresolved reference 'twitchChatAlerts'.
e: file:///<home>/Desktop/code/moblin-android/app/src/main/java/com/moblin/android/various/model/ModelTwitch.kt:1171:42 Unresolved reference 'other'.
e: file:///<home>/Desktop/code/moblin-android/app/src/main/java/com/moblin/android/various/model/ModelTwitch.kt:1177:21 Unresolved reference 'EventCatPrinterEvent'.
e: file:///<home>/Desktop/code/moblin-android/app/src/main/java/com/moblin/android/various/model/ModelTwitch.kt:1181:68 Unresolved reference 'twitchRaid'.
e: file:///<home>/Desktop/code/moblin-android/app/src/main/java/com/moblin/android/various/model/ModelTwitch.kt:1189:16 Unresolved reference 'twitchToastAlerts'.
e: file:///<home>/Desktop/code/moblin-android/app/src/main/java/com/moblin/android/various/model/ModelTwitch.kt:1192:15 Unresolved reference 'Alert'.
e: file:///<home>/Desktop/code/moblin-android/app/src/main/java/com/moblin/android/various/model/ModelTwitch.kt:1193:16 Unresolved reference 'twitchChatAlerts'.
e: file:///<home>/Desktop/code/moblin-android/app/src/main/java/com/moblin/android/various/model/ModelTwitch.kt:1200:38 Unresolved reference 'other'.
e: file:///<home>/Desktop/code/moblin-android/app/src/main/java/com/moblin/android/various/model/ModelTwitch.kt:1206:17 Unresolved reference 'EventCatPrinterEvent'.
e: file:///<home>/Desktop/code/moblin-android/app/src/main/java/com/moblin/android/various/model/ModelTwitch.kt:1210:64 Unresolved reference 'twitchCheer'.
e: file:///<home>/Desktop/code/moblin-android/app/src/main/java/com/moblin/android/various/model/ModelTwitch.kt:1214:15 'val' cannot be reassigned.
e: file:///<home>/Desktop/code/moblin-android/app/src/main/java/com/moblin/android/various/model/ModelTwitch.kt:1214:23 Assignment type mismatch: actual type is 'Int', but 'MutableStateFlow<Int?>' was expected.
e: file:///<home>/Desktop/code/moblin-android/app/src/main/java/com/moblin/android/various/model/ModelTwitch.kt:1215:15 'val' cannot be reassigned.
e: file:///<home>/Desktop/code/moblin-android/app/src/main/java/com/moblin/android/various/model/ModelTwitch.kt:1215:26 Assignment type mismatch: actual type is 'ProgressBar', but 'MutableStateFlow<ProgressBar?>' was expected.
e: file:///<home>/Desktop/code/moblin-android/app/src/main/java/com/moblin/android/various/model/ModelTwitch.kt:1216:25 'val' cannot be reassigned.
e: file:///<home>/Desktop/code/moblin-android/app/src/main/java/com/moblin/android/various/model/ModelTwitch.kt:1216:36 Assignment type mismatch: actual type is 'Float', but 'MutableStateFlow<Float>' was expected.
e: file:///<home>/Desktop/code/moblin-android/app/src/main/java/com/moblin/android/various/model/ModelTwitch.kt:1217:25 'val' cannot be reassigned.
e: file:///<home>/Desktop/code/moblin-android/app/src/main/java/com/moblin/android/various/model/ModelTwitch.kt:1217:32 Assignment type mismatch: actual type is 'Float', but 'MutableStateFlow<Float>' was expected.
e: file:///<home>/Desktop/code/moblin-android/app/src/main/java/com/moblin/android/various/model/ModelTwitch.kt:1221:23 Unresolved reference 'twitchChannelName'.
e: file:///<home>/Desktop/code/moblin-android/app/src/main/java/com/moblin/android/various/model/ModelTwitch.kt:1226:34 Unresolved reference 'other'.
e: file:///<home>/Desktop/code/moblin-android/app/src/main/java/com/moblin/android/various/model/ModelTwitch.kt:1234:15 'val' cannot be reassigned.
e: file:///<home>/Desktop/code/moblin-android/app/src/main/java/com/moblin/android/various/model/ModelTwitch.kt:1234:23 Assignment type mismatch: actual type is 'Int', but 'MutableStateFlow<Int?>' was expected.
e: file:///<home>/Desktop/code/moblin-android/app/src/main/java/com/moblin/android/various/model/ModelTwitch.kt:1236:19 'val' cannot be reassigned.
e: file:///<home>/Desktop/code/moblin-android/app/src/main/java/com/moblin/android/various/model/ModelTwitch.kt:1236:30 Assignment type mismatch: actual type is 'ProgressBar', but 'MutableStateFlow<ProgressBar?>' was expected.
e: file:///<home>/Desktop/code/moblin-android/app/src/main/java/com/moblin/android/various/model/ModelTwitch.kt:1238:25 Unresolved reference 'progress'.
e: file:///<home>/Desktop/code/moblin-android/app/src/main/java/com/moblin/android/various/model/ModelTwitch.kt:1239:25 Unresolved reference 'goal'.
e: file:///<home>/Desktop/code/moblin-android/app/src/main/java/com/moblin/android/various/model/ModelTwitch.kt:1245:15 'val' cannot be reassigned.
e: file:///<home>/Desktop/code/moblin-android/app/src/main/java/com/moblin/android/various/model/ModelTwitch.kt:1245:23 Assignment type mismatch: actual type is 'Int', but 'MutableStateFlow<Int?>' was expected.
e: file:///<home>/Desktop/code/moblin-android/app/src/main/java/com/moblin/android/various/model/ModelTwitch.kt:1247:19 'val' cannot be reassigned.
e: file:///<home>/Desktop/code/moblin-android/app/src/main/java/com/moblin/android/various/model/ModelTwitch.kt:1247:30 Assignment type mismatch: actual type is 'ProgressBar', but 'MutableStateFlow<ProgressBar?>' was expected.
e: file:///<home>/Desktop/code/moblin-android/app/src/main/java/com/moblin/android/various/model/ModelTwitch.kt:1249:25 Unresolved reference 'progress'.
e: file:///<home>/Desktop/code/moblin-android/app/src/main/java/com/moblin/android/various/model/ModelTwitch.kt:1250:25 Unresolved reference 'goal'.
e: file:///<home>/Desktop/code/moblin-android/app/src/main/java/com/moblin/android/various/model/ModelTwitch.kt:1252:15 'val' cannot be reassigned.
e: file:///<home>/Desktop/code/moblin-android/app/src/main/java/com/moblin/android/various/model/ModelTwitch.kt:1252:25 Assignment type mismatch: actual type is 'String', but 'MutableStateFlow<String>' was expected.
e: file:///<home>/Desktop/code/moblin-android/app/src/main/java/com/moblin/android/various/model/ModelTwitch.kt:1254:23 Unresolved reference 'twitchChannelName'.
e: file:///<home>/Desktop/code/moblin-android/app/src/main/java/com/moblin/android/various/model/ModelTwitch.kt:1261:34 Unresolved reference 'other'.
e: file:///<home>/Desktop/code/moblin-android/app/src/main/java/com/moblin/android/various/model/ModelTwitch.kt:1281:23 Unresolved reference 'twitchChannelName'.
e: file:///<home>/Desktop/code/moblin-android/app/src/main/java/com/moblin/android/various/model/ModelTwitch.kt:1288:34 Unresolved reference 'other'.
e: file:///<home>/Desktop/code/moblin-android/app/src/main/java/com/moblin/android/various/model/ModelTwitch.kt:1301:20 'val' cannot be reassigned.
e: file:///<home>/Desktop/code/moblin-android/app/src/main/java/com/moblin/android/various/model/ModelTwitch.kt:1301:30 Assignment type mismatch: actual type is 'String', but 'MutableStateFlow<String>' was expected.
e: file:///<home>/Desktop/code/moblin-android/app/src/main/java/com/moblin/android/various/model/ModelTwitch.kt:1302:41 Unresolved reference 'maxByOrNull'.
e: file:///<home>/Desktop/code/moblin-android/app/src/main/java/com/moblin/android/various/model/ModelTwitch.kt:1302:55 Unresolved reference 'it'.
e: file:///<home>/Desktop/code/moblin-android/app/src/main/java/com/moblin/android/various/model/ModelTwitch.kt:1304:79 Unresolved reference 'title'.
e: file:///<home>/Desktop/code/moblin-android/app/src/main/java/com/moblin/android/various/model/ModelTwitch.kt:1312:23 Unresolved reference 'twitchChannelName'.
e: file:///<home>/Desktop/code/moblin-android/app/src/main/java/com/moblin/android/various/model/ModelTwitch.kt:1317:34 Unresolved reference 'other'.
e: file:///<home>/Desktop/code/moblin-android/app/src/main/java/com/moblin/android/various/model/ModelTwitch.kt:1330:23 Unresolved reference 'twitchChannelName'.
e: file:///<home>/Desktop/code/moblin-android/app/src/main/java/com/moblin/android/various/model/ModelTwitch.kt:1337:34 Unresolved reference 'other'.
e: file:///<home>/Desktop/code/moblin-android/app/src/main/java/com/moblin/android/various/model/ModelTwitch.kt:1348:22 'val' cannot be reassigned.
e: file:///<home>/Desktop/code/moblin-android/app/src/main/java/com/moblin/android/various/model/ModelTwitch.kt:1348:32 Assignment type mismatch: actual type is 'String', but 'MutableStateFlow<String>' was expected.
e: file:///<home>/Desktop/code/moblin-android/app/src/main/java/com/moblin/android/various/model/ModelTwitch.kt:1354:44 Unresolved reference 'firstOrNull'.
e: file:///<home>/Desktop/code/moblin-android/app/src/main/java/com/moblin/android/various/model/ModelTwitch.kt:1354:58 Unresolved reference 'it'.
e: file:///<home>/Desktop/code/moblin-android/app/src/main/java/com/moblin/android/various/model/ModelTwitch.kt:1356:26 'val' cannot be reassigned.
e: file:///<home>/Desktop/code/moblin-android/app/src/main/java/com/moblin/android/various/model/ModelTwitch.kt:1356:36 Assignment type mismatch: actual type is 'String', but 'MutableStateFlow<String>' was expected.
e: file:///<home>/Desktop/code/moblin-android/app/src/main/java/com/moblin/android/various/model/ModelTwitch.kt:1356:65 Unresolved reference 'title'.
e: file:///<home>/Desktop/code/moblin-android/app/src/main/java/com/moblin/android/various/model/ModelTwitch.kt:1357:82 Unresolved reference 'title'.
e: file:///<home>/Desktop/code/moblin-android/app/src/main/java/com/moblin/android/various/model/ModelTwitch.kt:1359:26 'val' cannot be reassigned.
e: file:///<home>/Desktop/code/moblin-android/app/src/main/java/com/moblin/android/various/model/ModelTwitch.kt:1359:36 Assignment type mismatch: actual type is 'String', but 'MutableStateFlow<String>' was expected.
e: file:///<home>/Desktop/code/moblin-android/app/src/main/java/com/moblin/android/various/model/ModelTwitch.kt:1363:23 Unresolved reference 'twitchChannelName'.
e: file:///<home>/Desktop/code/moblin-android/app/src/main/java/com/moblin/android/various/model/ModelTwitch.kt:1368:34 Unresolved reference 'other'.
e: file:///<home>/Desktop/code/moblin-android/app/src/main/java/com/moblin/android/various/model/ModelTwitch.kt:1384:27 Argument type mismatch: actual type is 'MutableStateFlow<SettingsStream>', but 'SettingsStream' was expected.
e: file:///<home>/Desktop/code/moblin-android/app/src/main/java/com/moblin/android/various/model/ModelTwitch.kt:1410:20 Unresolved reference 'ChatPlatform'.
e: file:///<home>/Desktop/code/moblin-android/app/src/main/java/com/moblin/android/various/model/ModelTwitch.kt:1418:21 Argument type mismatch: actual type is 'MutableStateFlow<String>', but 'String' was expected.
e: file:///<home>/Desktop/code/moblin-android/app/src/main/java/com/moblin/android/various/model/ModelVariables.kt:35:31 Unresolved reference 'symbolName'.
e: file:///<home>/Desktop/code/moblin-android/app/src/main/java/com/moblin/android/various/model/ModelVariables.kt:36:30 Unresolved reference 'condition'.
e: file:///<home>/Desktop/code/moblin-android/app/src/main/java/com/moblin/android/various/model/ModelVariables.kt:37:32 Unresolved reference 'temperature'.
e: file:///<home>/Desktop/code/moblin-android/app/src/main/java/com/moblin/android/various/model/ModelVariables.kt:38:41 Unresolved reference 'apparentTemperature'.
e: file:///<home>/Desktop/code/moblin-android/app/src/main/java/com/moblin/android/various/model/ModelVariables.kt:39:30 Unresolved reference 'wind'.
e: file:///<home>/Desktop/code/moblin-android/app/src/main/java/com/moblin/android/various/model/ModelVariables.kt:40:29 Unresolved reference 'wind'.
e: file:///<home>/Desktop/code/moblin-android/app/src/main/java/com/moblin/android/various/model/ModelVariables.kt:83:44 Unresolved reference 'value'.
e: file:///<home>/Desktop/code/moblin-android/app/src/main/java/com/moblin/android/various/model/ModelVariables.kt:91:16 Condition type mismatch: inferred type is 'MutableStateFlow<Boolean>' but 'Boolean' was expected.
e: file:///<home>/Desktop/code/moblin-android/app/src/main/java/com/moblin/android/various/model/ModelVideoPreview.kt:35:76 Argument type mismatch: actual type is 'Any?', but 'CameraInfo?' was expected.
e: file:///<home>/Desktop/code/moblin-android/app/src/main/java/com/moblin/android/various/model/ModelYouTube.kt:30:36 Unresolved reference 'Platform'.
e: file:///<home>/Desktop/code/moblin-android/app/src/main/java/com/moblin/android/various/model/ModelYouTube.kt:62:17 Unresolved reference 'youTubeWantsToBeLoggedIn'.
e: file:///<home>/Desktop/code/moblin-android/app/src/main/java/com/moblin/android/various/model/ModelYouTube.kt:62:52 Unresolved reference 'isYouTubeAuthorized'.
e: file:///<home>/Desktop/code/moblin-android/app/src/main/java/com/moblin/android/various/model/ModelYouTube.kt:65:12 Unresolved reference 'youTubeNotLoggedInCount'.
e: file:///<home>/Desktop/code/moblin-android/app/src/main/java/com/moblin/android/various/model/ModelYouTube.kt:66:16 Unresolved reference 'youTubeNotLoggedInCount'.
e: file:///<home>/Desktop/code/moblin-android/app/src/main/java/com/moblin/android/various/model/ModelYouTube.kt:67:16 Unresolved reference 'youTubeWantsToBeLoggedIn'.
e: file:///<home>/Desktop/code/moblin-android/app/src/main/java/com/moblin/android/various/model/ModelYouTube.kt:69:39 Unresolved reference 'Platform'.
e: file:///<home>/Desktop/code/moblin-android/app/src/main/java/com/moblin/android/various/model/ModelYouTube.kt:79:31 Assignment type mismatch: actual type is 'Model', but 'YouTubeApiDelegate?' was expected.
e: file:///<home>/Desktop/code/moblin-android/app/src/main/java/com/moblin/android/various/model/ModelYouTube.kt:96:18 Unresolved reference 'isYouTubeAuthorized'.
e: file:///<home>/Desktop/code/moblin-android/app/src/main/java/com/moblin/android/various/model/ModelYouTube.kt:96:50 Unresolved reference 'youTubeHandle'.
e: file:///<home>/Desktop/code/moblin-android/app/src/main/java/com/moblin/android/various/model/ModelYouTube.kt:106:16 Unresolved reference 'isYouTubeAuthorized'.
e: file:///<home>/Desktop/code/moblin-android/app/src/main/java/com/moblin/android/various/model/ModelYouTube.kt:107:23 Argument type mismatch: actual type is 'MutableStateFlow<SettingsStream>', but 'SettingsStream' was expected.
e: file:///<home>/Desktop/code/moblin-android/app/src/main/java/com/moblin/android/various/model/ModelYouTube.kt:112:26 Unresolved reference 'onSuccess'.
e: file:///<home>/Desktop/code/moblin-android/app/src/main/java/com/moblin/android/various/model/ModelYouTube.kt:112:38 Cannot infer type for this parameter. Specify it explicitly.
e: file:///<home>/Desktop/code/moblin-android/app/src/main/java/com/moblin/android/various/model/ModelYouTube.kt:113:49 Unresolved reference 'items'.
e: file:///<home>/Desktop/code/moblin-android/app/src/main/java/com/moblin/android/various/model/ModelYouTube.kt:113:61 Unresolved reference 'it'.
e: file:///<home>/Desktop/code/moblin-android/app/src/main/java/com/moblin/android/various/model/ModelYouTube.kt:115:25 Return type mismatch: expected 'ERROR CLASS: Cannot infer type variable TypeVariable(_L)', actual 'Unit'.
e: file:///<home>/Desktop/code/moblin-android/app/src/main/java/com/moblin/android/various/model/ModelYouTube.kt:119:47 Unresolved reference 'youTubeVideoIds'.
e: file:///<home>/Desktop/code/moblin-android/app/src/main/java/com/moblin/android/various/model/ModelYouTube.kt:120:25 Return type mismatch: expected 'ERROR CLASS: Cannot infer type variable TypeVariable(_L)', actual 'Unit'.
e: file:///<home>/Desktop/code/moblin-android/app/src/main/java/com/moblin/android/various/model/ModelYouTube.kt:122:28 Unresolved reference 'youTubeVideoIds'.
e: file:///<home>/Desktop/code/moblin-android/app/src/main/java/com/moblin/android/various/model/ModelYouTube.kt:123:32 Unresolved reference 'enabled'.
e: file:///<home>/Desktop/code/moblin-android/app/src/main/java/com/moblin/android/various/model/ModelYouTube.kt:129:23 Unresolved reference 'youTubeHandle'.
e: file:///<home>/Desktop/code/moblin-android/app/src/main/java/com/moblin/android/various/model/ModelYouTube.kt:131:68 Unresolved reference 'youTubeHandle'.
e: file:///<home>/Desktop/code/moblin-android/app/src/main/java/com/moblin/android/various/model/ModelYouTube.kt:134:39 Unresolved reference 'youTubeVideoIds'.
e: file:///<home>/Desktop/code/moblin-android/app/src/main/java/com/moblin/android/various/model/ModelYouTube.kt:137:24 Unresolved reference 'youTubeVideoIds'.
e: file:///<home>/Desktop/code/moblin-android/app/src/main/java/com/moblin/android/various/model/ModelYouTube.kt:138:28 Unresolved reference 'enabled'.
e: file:///<home>/Desktop/code/moblin-android/app/src/main/java/com/moblin/android/various/model/ModelYouTube.kt:147:19 Unresolved reference 'isYouTubeAuthorized'.
e: file:///<home>/Desktop/code/moblin-android/app/src/main/java/com/moblin/android/various/model/ModelYouTube.kt:147:51 Unresolved reference 'youTubeVideoIds'.
e: file:///<home>/Desktop/code/moblin-android/app/src/main/java/com/moblin/android/various/model/ModelYouTube.kt:151:44 Unresolved reference 'youTubeVideoIds'.
e: file:///<home>/Desktop/code/moblin-android/app/src/main/java/com/moblin/android/various/model/ModelYouTube.kt:177:83 Unresolved reference 'Platform'.
e: file:///<home>/Desktop/code/moblin-android/app/src/main/java/com/moblin/android/various/model/ModelYouTube.kt:178:32 Method 'iterator()' is ambiguous for this expression. Applicable candidates:
fun <T> Enumeration<T>.iterator(): Iterator<T>
fun <T> Iterator<T>.iterator(): Iterator<T>
fun <K, V> Map<out K, V>.iterator(): Iterator<Map.Entry<K, V>>
fun <K, V> MutableMap<K, V>.iterator(): MutableIterator<MutableMap.MutableEntry<K, V>>
fun CharSequence.iterator(): CharIterator
fun BufferedInputStream.iterator(): ByteIterator
e: file:///<home>/Desktop/code/moblin-android/app/src/main/java/com/moblin/android/various/model/ModelYouTube.kt:178:32 Unresolved reference 'getYouTubeVideoIds'.
e: file:///<home>/Desktop/code/moblin-android/app/src/main/java/com/moblin/android/various/model/ModelYouTube.kt:179:62 Unresolved reference 'chat'.
e: file:///<home>/Desktop/code/moblin-android/app/src/main/java/com/moblin/android/various/model/ModelYouTube.kt:188:9 Unresolved reference 'not' for operator '!'.
e: file:///<home>/Desktop/code/moblin-android/app/src/main/java/com/moblin/android/various/model/ModelYouTube.kt:189:33 Unresolved reference 'StreamingPlatformStatusState'.
e: file:///<home>/Desktop/code/moblin-android/app/src/main/java/com/moblin/android/various/model/ModelYouTube.kt:192:22 None of the following candidates is applicable:
fun minus(other: Byte): Long
fun minus(other: Short): Long
fun minus(other: Int): Long
fun minus(other: Long): Long
fun minus(other: Float): Float
fun minus(other: Double): Double
e: file:///<home>/Desktop/code/moblin-android/app/src/main/java/com/moblin/android/various/model/ModelYouTube.kt:192:48 'operator' modifier is required on 'FirNamedFunctionSymbol kotlin/compareTo' in 'compareTo'.
e: file:///<home>/Desktop/code/moblin-android/app/src/main/java/com/moblin/android/various/model/ModelYouTube.kt:195:31 Assignment type mismatch: actual type is 'Long', but 'Instant!' was expected.
e: file:///<home>/Desktop/code/moblin-android/app/src/main/java/com/moblin/android/various/model/ModelYouTube.kt:196:40 Assignment type mismatch: actual type is 'Long', but 'Duration' was expected.
e: file:///<home>/Desktop/code/moblin-android/app/src/main/java/com/moblin/android/various/model/ModelYouTube.kt:196:79 Unresolved reference 'times' for operator '*'.
e: file:///<home>/Desktop/code/moblin-android/app/src/main/java/com/moblin/android/various/model/ModelYouTube.kt:211:19 Argument type mismatch: actual type is 'MutableStateFlow<SettingsStream>', but 'SettingsStream' was expected.
e: file:///<home>/Desktop/code/moblin-android/app/src/main/java/com/moblin/android/various/model/ModelYouTube.kt:212:50 Unresolved reference 'youTubeVideoIds'.
e: file:///<home>/Desktop/code/moblin-android/app/src/main/java/com/moblin/android/various/model/ModelYouTube.kt:213:22 Unresolved reference 'onSuccess'.
e: file:///<home>/Desktop/code/moblin-android/app/src/main/java/com/moblin/android/various/model/ModelYouTube.kt:213:34 Cannot infer type for this parameter. Specify it explicitly.
e: file:///<home>/Desktop/code/moblin-android/app/src/main/java/com/moblin/android/various/model/ModelYouTube.kt:216:39 Method 'iterator()' is ambiguous for this expression. Applicable candidates:
fun <T> Enumeration<T>.iterator(): Iterator<T>
fun <T> Iterator<T>.iterator(): Iterator<T>
fun <K, V> Map<out K, V>.iterator(): Iterator<Map.Entry<K, V>>
fun <K, V> MutableMap<K, V>.iterator(): MutableIterator<MutableMap.MutableEntry<K, V>>
fun CharSequence.iterator(): CharIterator
fun BufferedInputStream.iterator(): ByteIterator
e: file:///<home>/Desktop/code/moblin-android/app/src/main/java/com/moblin/android/various/model/ModelYouTube.kt:216:39 Unresolved reference 'items'.
e: file:///<home>/Desktop/code/moblin-android/app/src/main/java/com/moblin/android/various/model/ModelYouTube.kt:224:45 Unresolved reference 'StreamingPlatformStatusState'.
e: file:///<home>/Desktop/code/moblin-android/app/src/main/java/com/moblin/android/various/model/ModelYouTube.kt:225:37 Unresolved reference 'items'.
e: file:///<home>/Desktop/code/moblin-android/app/src/main/java/com/moblin/android/various/model/ModelYouTube.kt:226:45 Unresolved reference 'StreamingPlatformStatusState'.
e: file:///<home>/Desktop/code/moblin-android/app/src/main/java/com/moblin/android/various/model/ModelYouTube.kt:228:45 Unresolved reference 'StreamingPlatformStatusState'.
e: file:///<home>/Desktop/code/moblin-android/app/src/main/java/com/moblin/android/various/model/ModelYouTube.kt:230:15 Cannot infer type for this parameter. Specify it explicitly.
e: file:///<home>/Desktop/code/moblin-android/app/src/main/java/com/moblin/android/various/model/ModelYouTube.kt:231:41 Unresolved reference 'StreamingPlatformStatusState'.
e: file:///<home>/Desktop/code/moblin-android/app/src/main/java/com/moblin/android/various/model/ModelYouTube.kt:238:17 Unresolved reference 'isYouTubeAuthorized'.
e: file:///<home>/Desktop/code/moblin-android/app/src/main/java/com/moblin/android/various/model/ModelYouTube.kt:241:12 Unresolved reference 'youTubeAuthState'.
e: file:///<home>/Desktop/code/moblin-android/app/src/main/java/com/moblin/android/various/model/ModelYouTube.kt:242:45 Unresolved reference 'id'.
e: file:///<home>/Desktop/code/moblin-android/app/src/main/java/com/moblin/android/various/model/ModelYouTube.kt:243:39 Unresolved reference 'Platform'.
e: file:///<home>/Desktop/code/moblin-android/app/src/main/java/com/moblin/android/various/model/ModelZoom.kt:37:13 Incompatible types 'Int?' and 'AVCaptureDevice.Position'.
e: file:///<home>/Desktop/code/moblin-android/app/src/main/java/com/moblin/android/various/model/ModelZoom.kt:38:13 Incompatible types 'Int?' and 'AVCaptureDevice.Position'.
e: file:///<home>/Desktop/code/moblin-android/app/src/main/java/com/moblin/android/various/model/ModelZoom.kt:44:45 Unresolved reference 'backTripleLowEnergy'.
e: file:///<home>/Desktop/code/moblin-android/app/src/main/java/com/moblin/android/various/model/ModelZoom.kt:45:45 Unresolved reference 'backDualLowEnergy'.
e: file:///<home>/Desktop/code/moblin-android/app/src/main/java/com/moblin/android/various/model/ModelZoom.kt:46:45 Unresolved reference 'backWideDualLowEnergy'.
e: file:///<home>/Desktop/code/moblin-android/app/src/main/java/com/moblin/android/various/model/ModelZoom.kt:65:9 Incompatible types 'Int?' and 'AVCaptureDevice.Position'.
e: file:///<home>/Desktop/code/moblin-android/app/src/main/java/com/moblin/android/various/model/ModelZoom.kt:69:9 Incompatible types 'Int?' and 'AVCaptureDevice.Position'.
e: file:///<home>/Desktop/code/moblin-android/app/src/main/java/com/moblin/android/various/model/ModelZoom.kt:101:9 Incompatible types 'Int?' and 'AVCaptureDevice.Position'.
e: file:///<home>/Desktop/code/moblin-android/app/src/main/java/com/moblin/android/various/model/ModelZoom.kt:102:9 Incompatible types 'Int?' and 'AVCaptureDevice.Position'.
e: file:///<home>/Desktop/code/moblin-android/app/src/main/java/com/moblin/android/various/model/ModelZoom.kt:109:9 Operator '==' cannot be applied to 'Int?' and 'AVCaptureDevice.Position'.
e: file:///<home>/Desktop/code/moblin-android/app/src/main/java/com/moblin/android/various/model/ModelZoom.kt:119:9 Operator '==' cannot be applied to 'Int?' and 'AVCaptureDevice.Position'.
e: file:///<home>/Desktop/code/moblin-android/app/src/main/java/com/moblin/android/various/model/ModelZoom.kt:129:9 Incompatible types 'Int?' and 'AVCaptureDevice.Position'.
e: file:///<home>/Desktop/code/moblin-android/app/src/main/java/com/moblin/android/various/model/ModelZoom.kt:130:9 Incompatible types 'Int?' and 'AVCaptureDevice.Position'.
e: file:///<home>/Desktop/code/moblin-android/app/src/main/java/com/moblin/android/various/model/ModelZoom.kt:151:9 Operator '==' cannot be applied to 'Int?' and 'AVCaptureDevice.Position'.
e: file:///<home>/Desktop/code/moblin-android/app/src/main/java/com/moblin/android/various/model/ModelZoom.kt:158:9 Operator '==' cannot be applied to 'Int?' and 'AVCaptureDevice.Position'.
e: file:///<home>/Desktop/code/moblin-android/app/src/main/java/com/moblin/android/various/model/ModelZoom.kt:165:9 Incompatible types 'Int?' and 'AVCaptureDevice.Position'.
e: file:///<home>/Desktop/code/moblin-android/app/src/main/java/com/moblin/android/various/model/ModelZoom.kt:166:9 Incompatible types 'Int?' and 'AVCaptureDevice.Position'.
e: file:///<home>/Desktop/code/moblin-android/app/src/main/java/com/moblin/android/various/model/ModelZoom.kt:224:34 Argument type mismatch: actual type is 'AVCaptureDevice.Position', but 'Int' was expected.
e: file:///<home>/Desktop/code/moblin-android/app/src/main/java/com/moblin/android/various/model/ModelZoom.kt:226:43 Unresolved reference 'minAvailableVideoZoomFactor'.
e: file:///<home>/Desktop/code/moblin-android/app/src/main/java/com/moblin/android/various/model/ModelZoom.kt:227:43 Unresolved reference 'maxAvailableVideoZoomFactor'.
e: file:///<home>/Desktop/code/moblin-android/app/src/main/java/com/moblin/android/various/network/NetworkUtils.kt:79:61 None of the following candidates is applicable:
fun of(buffer: ByteBuffer): ByteString
fun of(vararg data: Byte): ByteString
e: file:///<home>/Desktop/code/moblin-android/app/src/main/java/com/moblin/android/various/settings/Settings.kt:59:35 Unresolved reference 'parseToJsonElement'.
e: file:///<home>/Desktop/code/moblin-android/app/src/main/java/com/moblin/android/various/settings/Settings.kt:282:55 Cannot access 'fun RgbColor.color(): Color': it is private in file.
e: file:///<home>/Desktop/code/moblin-android/app/src/main/java/com/moblin/android/various/settings/Settings.kt:535:51 Cannot access 'fun RgbColor.color(): Color': it is private in file.
e: file:///<home>/Desktop/code/moblin-android/app/src/main/java/com/moblin/android/various/settings/Settings.kt:842:16 Serializer has not been found for type 'SettingsDebug'. To use context serializer as fallback, explicitly annotate type or property with @Contextual
e: file:///<home>/Desktop/code/moblin-android/app/src/main/java/com/moblin/android/various/settings/Settings.kt:1003:66 Cannot access 'fun RgbColor.color(): Color': it is private in file.
e: file:///<home>/Desktop/code/moblin-android/app/src/main/java/com/moblin/android/various/settings/Settings.kt:1019:19 'val' cannot be reassigned.
e: file:///<home>/Desktop/code/moblin-android/app/src/main/java/com/moblin/android/various/settings/Settings.kt:1019:37 Assignment type mismatch: actual type is 'Boolean', but 'StateFlow<Boolean>' was expected.
e: file:///<home>/Desktop/code/moblin-android/app/src/main/java/com/moblin/android/various/settings/Settings.kt:1049:23 'val' cannot be reassigned.
e: file:///<home>/Desktop/code/moblin-android/app/src/main/java/com/moblin/android/various/settings/Settings.kt:1049:33 Assignment type mismatch: actual type is 'Boolean', but 'MutableStateFlow<Boolean>' was expected.
e: file:///<home>/Desktop/code/moblin-android/app/src/main/java/com/moblin/android/various/settings/Settings.kt:1094:28 'val' cannot be reassigned.
e: file:///<home>/Desktop/code/moblin-android/app/src/main/java/com/moblin/android/various/settings/Settings.kt:1094:35 Assignment type mismatch: actual type is 'Boolean', but 'MutableStateFlow<Boolean>' was expected.
e: file:///<home>/Desktop/code/moblin-android/app/src/main/java/com/moblin/android/various/settings/Settings.kt:1108:72 Unresolved reference 'screenCapture'.
e: file:///<home>/Desktop/code/moblin-android/app/src/main/java/com/moblin/android/various/settings/Settings.kt:1110:13 Unresolved reference 'bestFrontCameraId'.
e: file:///<home>/Desktop/code/moblin-android/app/src/main/java/com/moblin/android/various/settings/Settings.kt:1113:47 Unresolved reference 'bestFrontCameraId'.
e: file:///<home>/Desktop/code/moblin-android/app/src/main/java/com/moblin/android/various/settings/Settings.kt:1118:44 Unresolved reference 'defaultBackCameraPosition'.
e: file:///<home>/Desktop/code/moblin-android/app/src/main/java/com/moblin/android/various/settings/Settings.kt:1119:42 Unresolved reference 'bestBackCameraId'.
e: file:///<home>/Desktop/code/moblin-android/app/src/main/java/com/moblin/android/various/settings/Settings.kt:1123:43 Unresolved reference 'bestFrontCameraId'.
e: file:///<home>/Desktop/code/moblin-android/app/src/main/java/com/moblin/android/various/settings/Settings.kt:1145:34 Unresolved reference 'hasUltraWideBackCamera'.
e: file:///<home>/Desktop/code/moblin-android/app/src/main/java/com/moblin/android/various/settings/Settings.kt:1689:27 Assignment type mismatch: actual type is 'MutableStateFlow<Int>', but 'Int' was expected.
e: file:///<home>/Desktop/code/moblin-android/app/src/main/java/com/moblin/android/various/settings/Settings.kt:1745:53 No 'get' operator method providing array access.
e: file:///<home>/Desktop/code/moblin-android/app/src/main/java/com/moblin/android/various/settings/Settings.kt:1746:50 Unresolved reference 'scene'.
e: file:///<home>/Desktop/code/moblin-android/app/src/main/java/com/moblin/android/various/settings/Settings.kt:1749:53 No 'get' operator method providing array access.
e: file:///<home>/Desktop/code/moblin-android/app/src/main/java/com/moblin/android/various/settings/Settings.kt:1750:54 Unresolved reference 'scene'.
e: file:///<home>/Desktop/code/moblin-android/app/src/main/java/com/moblin/android/various/settings/Settings.kt:1910:39 None of the following candidates is applicable:
constructor(p0: String!): File
constructor(p0: URI!): File
e: file:///<home>/Desktop/code/moblin-android/app/src/main/java/com/moblin/android/various/settings/Settings.kt:1911:37 Unresolved reference 'exists'.
e: file:///<home>/Desktop/code/moblin-android/app/src/main/java/com/moblin/android/various/settings/Settings.kt:1912:60 Unresolved reference 'canonicalPath'.
e: file:///<home>/Desktop/code/moblin-android/app/src/main/java/com/moblin/android/various/settings/Settings.kt:1937:13 None of the following candidates is applicable:
constructor(p0: String!): File
constructor(p0: URI!): File
e: file:///<home>/Desktop/code/moblin-android/app/src/main/java/com/moblin/android/various/settings/Settings.kt:1937:24 Unresolved reference 'delete'.
e: file:///<home>/Desktop/code/moblin-android/app/src/main/java/com/moblin/android/various/settings/SettingsScene.kt:9:42 Unresolved reference 'localized'.
e: file:///<home>/Desktop/code/moblin-android/app/src/main/java/com/moblin/android/various/settings/SettingsScene.kt:27:40 Unresolved reference 'Dewarp360Effect'.
e: file:///<home>/Desktop/code/moblin-android/app/src/main/java/com/moblin/android/various/settings/SettingsScene.kt:28:40 Unresolved reference 'Dewarp360EffectSettings'.
e: file:///<home>/Desktop/code/moblin-android/app/src/main/java/com/moblin/android/various/settings/SettingsScene.kt:68:50 Unresolved reference 'backTripleLowEnergy'.
e: file:///<home>/Desktop/code/moblin-android/app/src/main/java/com/moblin/android/various/settings/SettingsScene.kt:69:50 Unresolved reference 'backDualLowEnergy'.
e: file:///<home>/Desktop/code/moblin-android/app/src/main/java/com/moblin/android/various/settings/SettingsScene.kt:70:50 Unresolved reference 'backWideDualLowEnergy'.
e: file:///<home>/Desktop/code/moblin-android/app/src/main/java/com/moblin/android/various/settings/SettingsScene.kt:119:44 Cannot access 'fun RgbColor.color(): Color': it is private in file.
e: file:///<home>/Desktop/code/moblin-android/app/src/main/java/com/moblin/android/various/settings/SettingsScene.kt:120:40 Cannot access 'fun RgbColor.color(): Color': it is private in file.
e: file:///<home>/Desktop/code/moblin-android/app/src/main/java/com/moblin/android/various/settings/SettingsScene.kt:134:58 Cannot access 'fun RgbColor.color(): Color': it is private in file.
e: file:///<home>/Desktop/code/moblin-android/app/src/main/java/com/moblin/android/various/settings/SettingsScene.kt:155:33 Argument type mismatch: actual type is 'Float', but 'Double' was expected.
e: file:///<home>/Desktop/code/moblin-android/app/src/main/java/com/moblin/android/various/settings/SettingsScene.kt:155:51 Argument type mismatch: actual type is 'Double', but 'Float' was expected.
e: file:///<home>/Desktop/code/moblin-android/app/src/main/java/com/moblin/android/various/settings/SettingsScene.kt:158:34 Argument type mismatch: actual type is 'Double', but 'Float' was expected.
e: file:///<home>/Desktop/code/moblin-android/app/src/main/java/com/moblin/android/various/settings/SettingsScene.kt:161:23 Unresolved reference 'Dewarp360EffectSettings'.
e: file:///<home>/Desktop/code/moblin-android/app/src/main/java/com/moblin/android/various/settings/SettingsScene.kt:161:49 Unresolved reference 'Dewarp360EffectSettings'.
e: file:///<home>/Desktop/code/moblin-android/app/src/main/java/com/moblin/android/various/settings/SettingsScene.kt:164:41 Argument type mismatch: actual type is 'Double', but 'Float' was expected.
e: file:///<home>/Desktop/code/moblin-android/app/src/main/java/com/moblin/android/various/settings/SettingsScene.kt:236:66 Cannot access 'fun RgbColor.color(): Color': it is private in file.
e: file:///<home>/Desktop/code/moblin-android/app/src/main/java/com/moblin/android/various/settings/SettingsScene.kt:237:68 Cannot access 'fun RgbColor.color(): Color': it is private in file.
e: file:///<home>/Desktop/code/moblin-android/app/src/main/java/com/moblin/android/various/settings/SettingsScene.kt:265:70 Argument type mismatch: actual type is 'Double', but 'Float' was expected.
e: file:///<home>/Desktop/code/moblin-android/app/src/main/java/com/moblin/android/various/settings/SettingsScene.kt:266:62 Argument type mismatch: actual type is 'Double', but 'Float' was expected.
e: file:///<home>/Desktop/code/moblin-android/app/src/main/java/com/moblin/android/various/settings/SettingsScene.kt:278:26 Unresolved reference 'Dewarp360Effect'.
e: file:///<home>/Desktop/code/moblin-android/app/src/main/java/com/moblin/android/various/settings/SettingsScene.kt:286:19 Unresolved reference 'getLogLutById'.
e: file:///<home>/Desktop/code/moblin-android/app/src/main/java/com/moblin/android/various/settings/SettingsScene.kt:286:43 Cannot infer type for this parameter. Specify it explicitly.
e: file:///<home>/Desktop/code/moblin-android/app/src/main/java/com/moblin/android/various/settings/SettingsScene.kt:286:49 Cannot infer type for this parameter. Specify it explicitly.
e: file:///<home>/Desktop/code/moblin-android/app/src/main/java/com/moblin/android/various/settings/SettingsScene.kt:287:44 Unresolved reference 'clone'.
e: file:///<home>/Desktop/code/moblin-android/app/src/main/java/com/moblin/android/various/settings/SettingsScene.kt:546:66 Cannot access 'fun RgbColor.color(): Color': it is private in file.
e: file:///<home>/Desktop/code/moblin-android/app/src/main/java/com/moblin/android/various/settings/SettingsScene.kt:547:66 Cannot access 'fun RgbColor.color(): Color': it is private in file.
e: file:///<home>/Desktop/code/moblin-android/app/src/main/java/com/moblin/android/various/settings/SettingsScene.kt:1019:39 Unresolved reference 'blur'.
e: file:///<home>/Desktop/code/moblin-android/app/src/main/java/com/moblin/android/various/settings/SettingsScene.kt:1020:41 Unresolved reference 'freeze'.
e: file:///<home>/Desktop/code/moblin-android/app/src/main/java/com/moblin/android/various/settings/SettingsScene.kt:1021:46 Unresolved reference 'blurAndZoom'.
e: file:///<home>/Desktop/code/moblin-android/app/src/main/java/com/moblin/android/various/settings/SettingsScene.kt:1105:62 Cannot access 'fun RgbColor.color(): Color': it is private in file.
e: file:///<home>/Desktop/code/moblin-android/app/src/main/java/com/moblin/android/various/settings/SettingsScene.kt:1106:60 Cannot access 'fun RgbColor.color(): Color': it is private in file.
e: file:///<home>/Desktop/code/moblin-android/app/src/main/java/com/moblin/android/various/settings/SettingsScene.kt:1107:66 Cannot access 'fun RgbColor.color(): Color': it is private in file.
e: file:///<home>/Desktop/code/moblin-android/app/src/main/java/com/moblin/android/various/settings/SettingsScene.kt:1108:58 Cannot access 'fun RgbColor.color(): Color': it is private in file.
e: file:///<home>/Desktop/code/moblin-android/app/src/main/java/com/moblin/android/various/settings/SettingsScene.kt:1220:70 Cannot access 'fun RgbColor.color(): Color': it is private in file.
e: file:///<home>/Desktop/code/moblin-android/app/src/main/java/com/moblin/android/various/settings/SettingsScene.kt:1221:70 Cannot access 'fun RgbColor.color(): Color': it is private in file.
e: file:///<home>/Desktop/code/moblin-android/app/src/main/java/com/moblin/android/various/settings/SettingsScene.kt:1340:70 Cannot access 'fun RgbColor.color(): Color': it is private in file.
e: file:///<home>/Desktop/code/moblin-android/app/src/main/java/com/moblin/android/various/settings/SettingsScene.kt:1341:70 Cannot access 'fun RgbColor.color(): Color': it is private in file.
e: file:///<home>/Desktop/code/moblin-android/app/src/main/java/com/moblin/android/various/settings/SettingsScene.kt:1342:60 Cannot access 'fun RgbColor.color(): Color': it is private in file.
e: file:///<home>/Desktop/code/moblin-android/app/src/main/java/com/moblin/android/various/settings/SettingsScene.kt:1343:60 Cannot access 'fun RgbColor.color(): Color': it is private in file.
e: file:///<home>/Desktop/code/moblin-android/app/src/main/java/com/moblin/android/various/settings/SettingsScene.kt:1444:87 Unresolved reference 'none'.
e: file:///<home>/Desktop/code/moblin-android/app/src/main/java/com/moblin/android/various/settings/SettingsScene.kt:1592:38 Syntax error: Expecting ';' after the last enum entry or '}' to close enum class body.
e: file:///<home>/Desktop/code/moblin-android/app/src/main/java/com/moblin/android/various/settings/SettingsScene.kt:1593:37 Syntax error: Expecting member declaration.
e: file:///<home>/Desktop/code/moblin-android/app/src/main/java/com/moblin/android/various/settings/SettingsScene.kt:1593:38 Syntax error: Expecting member declaration.
e: file:///<home>/Desktop/code/moblin-android/app/src/main/java/com/moblin/android/various/settings/SettingsScene.kt:1593:39 Syntax error: Expecting member declaration.
e: file:///<home>/Desktop/code/moblin-android/app/src/main/java/com/moblin/android/various/settings/SettingsScene.kt:1593:47 Syntax error: Expecting member declaration.
e: file:///<home>/Desktop/code/moblin-android/app/src/main/java/com/moblin/android/various/settings/SettingsScene.kt:1593:48 Syntax error: Expecting member declaration.
e: file:///<home>/Desktop/code/moblin-android/app/src/main/java/com/moblin/android/various/settings/SettingsScene.kt:1593:49 Syntax error: Expecting member declaration.
e: file:///<home>/Desktop/code/moblin-android/app/src/main/java/com/moblin/android/various/settings/SettingsScene.kt:1594:28 Syntax error: Expecting member declaration.
e: file:///<home>/Desktop/code/moblin-android/app/src/main/java/com/moblin/android/various/settings/SettingsScene.kt:1594:33 Syntax error: Expecting member declaration.
e: file:///<home>/Desktop/code/moblin-android/app/src/main/java/com/moblin/android/various/settings/SettingsScene.kt:1594:34 Syntax error: Expecting member declaration.
e: file:///<home>/Desktop/code/moblin-android/app/src/main/java/com/moblin/android/various/settings/SettingsScene.kt:1594:35 Syntax error: Expecting member declaration.
e: file:///<home>/Desktop/code/moblin-android/app/src/main/java/com/moblin/android/various/settings/SettingsScene.kt:1594:42 Syntax error: Expecting member declaration.
e: file:///<home>/Desktop/code/moblin-android/app/src/main/java/com/moblin/android/various/settings/SettingsScene.kt:1594:43 Syntax error: Expecting member declaration.
e: file:///<home>/Desktop/code/moblin-android/app/src/main/java/com/moblin/android/various/settings/SettingsScene.kt:1594:44 Syntax error: Expecting member declaration.
e: file:///<home>/Desktop/code/moblin-android/app/src/main/java/com/moblin/android/various/settings/SettingsScene.kt:1595:31 Syntax error: Expecting member declaration.
e: file:///<home>/Desktop/code/moblin-android/app/src/main/java/com/moblin/android/various/settings/SettingsScene.kt:1595:40 Syntax error: Expecting member declaration.
e: file:///<home>/Desktop/code/moblin-android/app/src/main/java/com/moblin/android/various/settings/SettingsScene.kt:1595:41 Syntax error: Expecting member declaration.
e: file:///<home>/Desktop/code/moblin-android/app/src/main/java/com/moblin/android/various/settings/SettingsScene.kt:1595:42 Syntax error: Expecting member declaration.
e: file:///<home>/Desktop/code/moblin-android/app/src/main/java/com/moblin/android/various/settings/SettingsScene.kt:1595:52 Syntax error: Expecting member declaration.
e: file:///<home>/Desktop/code/moblin-android/app/src/main/java/com/moblin/android/various/settings/SettingsScene.kt:1595:53 Syntax error: Expecting member declaration.
e: file:///<home>/Desktop/code/moblin-android/app/src/main/java/com/moblin/android/various/settings/SettingsScene.kt:1595:54 Syntax error: Expecting member declaration.
e: file:///<home>/Desktop/code/moblin-android/app/src/main/java/com/moblin/android/various/settings/SettingsScene.kt:1596:25 Syntax error: Expecting member declaration.
e: file:///<home>/Desktop/code/moblin-android/app/src/main/java/com/moblin/android/various/settings/SettingsScene.kt:1596:29 Syntax error: Expecting member declaration.
e: file:///<home>/Desktop/code/moblin-android/app/src/main/java/com/moblin/android/various/settings/SettingsScene.kt:1596:30 Syntax error: Expecting member declaration.
e: file:///<home>/Desktop/code/moblin-android/app/src/main/java/com/moblin/android/various/settings/SettingsScene.kt:1596:31 Syntax error: Expecting member declaration.
e: file:///<home>/Desktop/code/moblin-android/app/src/main/java/com/moblin/android/various/settings/SettingsScene.kt:1596:35 Syntax error: Expecting member declaration.
e: file:///<home>/Desktop/code/moblin-android/app/src/main/java/com/moblin/android/various/settings/SettingsScene.kt:1596:36 Syntax error: Expecting member declaration.
e: file:///<home>/Desktop/code/moblin-android/app/src/main/java/com/moblin/android/various/settings/SettingsScene.kt:1596:37 Syntax error: Expecting member declaration.
e: file:///<home>/Desktop/code/moblin-android/app/src/main/java/com/moblin/android/various/settings/SettingsScene.kt:1597:25 Syntax error: Expecting member declaration.
e: file:///<home>/Desktop/code/moblin-android/app/src/main/java/com/moblin/android/various/settings/SettingsScene.kt:1597:29 Syntax error: Expecting member declaration.
e: file:///<home>/Desktop/code/moblin-android/app/src/main/java/com/moblin/android/various/settings/SettingsScene.kt:1597:30 Syntax error: Expecting member declaration.
e: file:///<home>/Desktop/code/moblin-android/app/src/main/java/com/moblin/android/various/settings/SettingsScene.kt:1597:31 Syntax error: Expecting member declaration.
e: file:///<home>/Desktop/code/moblin-android/app/src/main/java/com/moblin/android/various/settings/SettingsScene.kt:1597:35 Syntax error: Expecting member declaration.
e: file:///<home>/Desktop/code/moblin-android/app/src/main/java/com/moblin/android/various/settings/SettingsScene.kt:1597:36 Syntax error: Expecting member declaration.
e: file:///<home>/Desktop/code/moblin-android/app/src/main/java/com/moblin/android/various/settings/SettingsScene.kt:1597:37 Syntax error: Expecting member declaration.
e: file:///<home>/Desktop/code/moblin-android/app/src/main/java/com/moblin/android/various/settings/SettingsScene.kt:1598:25 Syntax error: Expecting member declaration.
e: file:///<home>/Desktop/code/moblin-android/app/src/main/java/com/moblin/android/various/settings/SettingsScene.kt:1598:29 Syntax error: Expecting member declaration.
e: file:///<home>/Desktop/code/moblin-android/app/src/main/java/com/moblin/android/various/settings/SettingsScene.kt:1598:30 Syntax error: Expecting member declaration.
e: file:///<home>/Desktop/code/moblin-android/app/src/main/java/com/moblin/android/various/settings/SettingsScene.kt:1598:31 Syntax error: Expecting member declaration.
e: file:///<home>/Desktop/code/moblin-android/app/src/main/java/com/moblin/android/various/settings/SettingsScene.kt:1598:35 Syntax error: Expecting member declaration.
e: file:///<home>/Desktop/code/moblin-android/app/src/main/java/com/moblin/android/various/settings/SettingsScene.kt:1598:36 Syntax error: Expecting member declaration.
e: file:///<home>/Desktop/code/moblin-android/app/src/main/java/com/moblin/android/various/settings/SettingsScene.kt:1598:37 Syntax error: Expecting member declaration.
e: file:///<home>/Desktop/code/moblin-android/app/src/main/java/com/moblin/android/various/settings/SettingsScene.kt:1599:25 Syntax error: Expecting member declaration.
e: file:///<home>/Desktop/code/moblin-android/app/src/main/java/com/moblin/android/various/settings/SettingsScene.kt:1599:29 Syntax error: Expecting member declaration.
e: file:///<home>/Desktop/code/moblin-android/app/src/main/java/com/moblin/android/various/settings/SettingsScene.kt:1599:30 Syntax error: Expecting member declaration.
e: file:///<home>/Desktop/code/moblin-android/app/src/main/java/com/moblin/android/various/settings/SettingsScene.kt:1599:31 Syntax error: Expecting member declaration.
e: file:///<home>/Desktop/code/moblin-android/app/src/main/java/com/moblin/android/various/settings/SettingsScene.kt:1599:35 Syntax error: Expecting member declaration.
e: file:///<home>/Desktop/code/moblin-android/app/src/main/java/com/moblin/android/various/settings/SettingsScene.kt:1599:36 Syntax error: Expecting member declaration.
e: file:///<home>/Desktop/code/moblin-android/app/src/main/java/com/moblin/android/various/settings/SettingsScene.kt:1599:37 Syntax error: Expecting member declaration.
e: file:///<home>/Desktop/code/moblin-android/app/src/main/java/com/moblin/android/various/settings/SettingsScene.kt:1600:33 Syntax error: Expecting member declaration.
e: file:///<home>/Desktop/code/moblin-android/app/src/main/java/com/moblin/android/various/settings/SettingsScene.kt:1600:44 Syntax error: Expecting member declaration.
e: file:///<home>/Desktop/code/moblin-android/app/src/main/java/com/moblin/android/various/settings/SettingsScene.kt:1600:45 Syntax error: Expecting member declaration.
e: file:///<home>/Desktop/code/moblin-android/app/src/main/java/com/moblin/android/various/settings/SettingsScene.kt:1600:46 Syntax error: Expecting member declaration.
e: file:///<home>/Desktop/code/moblin-android/app/src/main/java/com/moblin/android/various/settings/SettingsScene.kt:1600:58 Syntax error: Expecting member declaration.
e: file:///<home>/Desktop/code/moblin-android/app/src/main/java/com/moblin/android/various/settings/SettingsScene.kt:1600:59 Syntax error: Expecting member declaration.
e: file:///<home>/Desktop/code/moblin-android/app/src/main/java/com/moblin/android/various/settings/SettingsScene.kt:1600:60 Syntax error: Expecting member declaration.
e: file:///<home>/Desktop/code/moblin-android/app/src/main/java/com/moblin/android/various/settings/SettingsScene.kt:1601:35 Syntax error: Expecting member declaration.
e: file:///<home>/Desktop/code/moblin-android/app/src/main/java/com/moblin/android/various/settings/SettingsScene.kt:1601:48 Syntax error: Expecting member declaration.
e: file:///<home>/Desktop/code/moblin-android/app/src/main/java/com/moblin/android/various/settings/SettingsScene.kt:1601:49 Syntax error: Expecting member declaration.
e: file:///<home>/Desktop/code/moblin-android/app/src/main/java/com/moblin/android/various/settings/SettingsScene.kt:1601:50 Syntax error: Expecting member declaration.
e: file:///<home>/Desktop/code/moblin-android/app/src/main/java/com/moblin/android/various/settings/SettingsScene.kt:1601:64 Syntax error: Expecting member declaration.
e: file:///<home>/Desktop/code/moblin-android/app/src/main/java/com/moblin/android/various/settings/SettingsScene.kt:1601:65 Syntax error: Expecting member declaration.
e: file:///<home>/Desktop/code/moblin-android/app/src/main/java/com/moblin/android/various/settings/SettingsScene.kt:1601:66 Syntax error: Expecting member declaration.
e: file:///<home>/Desktop/code/moblin-android/app/src/main/java/com/moblin/android/various/settings/SettingsScene.kt:1602:32 Syntax error: Expecting member declaration.
e: file:///<home>/Desktop/code/moblin-android/app/src/main/java/com/moblin/android/various/settings/SettingsScene.kt:1602:51 Syntax error: Expecting member declaration.
e: file:///<home>/Desktop/code/moblin-android/app/src/main/java/com/moblin/android/various/settings/SettingsScene.kt:1602:52 Syntax error: Expecting member declaration.
e: file:///<home>/Desktop/code/moblin-android/app/src/main/java/com/moblin/android/various/settings/SettingsScene.kt:1602:53 Syntax error: Expecting member declaration.
e: file:///<home>/Desktop/code/moblin-android/app/src/main/java/com/moblin/android/various/settings/SettingsScene.kt:1602:64 Syntax error: Expecting member declaration.
e: file:///<home>/Desktop/code/moblin-android/app/src/main/java/com/moblin/android/various/settings/SettingsScene.kt:1602:65 Syntax error: Expecting member declaration.
e: file:///<home>/Desktop/code/moblin-android/app/src/main/java/com/moblin/android/various/settings/SettingsScene.kt:1602:66 Syntax error: Expecting member declaration.
e: file:///<home>/Desktop/code/moblin-android/app/src/main/java/com/moblin/android/various/settings/SettingsScene.kt:1603:30 Syntax error: Expecting member declaration.
e: file:///<home>/Desktop/code/moblin-android/app/src/main/java/com/moblin/android/various/settings/SettingsScene.kt:1603:47 Syntax error: Expecting member declaration.
e: file:///<home>/Desktop/code/moblin-android/app/src/main/java/com/moblin/android/various/settings/SettingsScene.kt:1603:48 Syntax error: Expecting member declaration.
e: file:///<home>/Desktop/code/moblin-android/app/src/main/java/com/moblin/android/various/settings/SettingsScene.kt:1603:49 Syntax error: Expecting member declaration.
e: file:///<home>/Desktop/code/moblin-android/app/src/main/java/com/moblin/android/various/settings/SettingsScene.kt:1603:58 Syntax error: Expecting member declaration.
e: file:///<home>/Desktop/code/moblin-android/app/src/main/java/com/moblin/android/various/settings/SettingsScene.kt:1603:59 Syntax error: Expecting member declaration.
e: file:///<home>/Desktop/code/moblin-android/app/src/main/java/com/moblin/android/various/settings/SettingsScene.kt:1603:60 Syntax error: Expecting member declaration.
e: file:///<home>/Desktop/code/moblin-android/app/src/main/java/com/moblin/android/various/settings/SettingsScene.kt:1604:35 Syntax error: Expecting member declaration.
e: file:///<home>/Desktop/code/moblin-android/app/src/main/java/com/moblin/android/various/settings/SettingsScene.kt:1604:56 Syntax error: Expecting member declaration.
e: file:///<home>/Desktop/code/moblin-android/app/src/main/java/com/moblin/android/various/settings/SettingsScene.kt:1604:57 Syntax error: Expecting member declaration.
e: file:///<home>/Desktop/code/moblin-android/app/src/main/java/com/moblin/android/various/settings/SettingsScene.kt:1604:58 Syntax error: Expecting member declaration.
e: file:///<home>/Desktop/code/moblin-android/app/src/main/java/com/moblin/android/various/settings/SettingsScene.kt:1604:72 Syntax error: Expecting member declaration.
e: file:///<home>/Desktop/code/moblin-android/app/src/main/java/com/moblin/android/various/settings/SettingsScene.kt:1604:73 Syntax error: Expecting member declaration.
e: file:///<home>/Desktop/code/moblin-android/app/src/main/java/com/moblin/android/various/settings/SettingsScene.kt:1604:74 Syntax error: Expecting member declaration.
e: file:///<home>/Desktop/code/moblin-android/app/src/main/java/com/moblin/android/various/settings/SettingsScene.kt:1605:25 Syntax error: Expecting member declaration.
e: file:///<home>/Desktop/code/moblin-android/app/src/main/java/com/moblin/android/various/settings/SettingsScene.kt:1605:29 Syntax error: Expecting member declaration.
e: file:///<home>/Desktop/code/moblin-android/app/src/main/java/com/moblin/android/various/settings/SettingsScene.kt:1605:30 Syntax error: Expecting member declaration.
e: file:///<home>/Desktop/code/moblin-android/app/src/main/java/com/moblin/android/various/settings/SettingsScene.kt:1605:31 Syntax error: Expecting member declaration.
e: file:///<home>/Desktop/code/moblin-android/app/src/main/java/com/moblin/android/various/settings/SettingsScene.kt:1605:35 Syntax error: Expecting member declaration.
e: file:///<home>/Desktop/code/moblin-android/app/src/main/java/com/moblin/android/various/settings/SettingsScene.kt:1605:36 Syntax error: Expecting member declaration.
e: file:///<home>/Desktop/code/moblin-android/app/src/main/java/com/moblin/android/various/settings/SettingsScene.kt:1618:33 Unresolved reference 'backTripleLowEnergy'.
e: file:///<home>/Desktop/code/moblin-android/app/src/main/java/com/moblin/android/various/settings/SettingsScene.kt:1619:33 Unresolved reference 'backDualLowEnergy'.
e: file:///<home>/Desktop/code/moblin-android/app/src/main/java/com/moblin/android/various/settings/SettingsScene.kt:1620:33 Unresolved reference 'backWideDualLowEnergy'.
e: file:///<home>/Desktop/code/moblin-android/app/src/main/java/com/moblin/android/various/settings/SettingsScene.kt:1625:83 Unresolved reference 'none'.
e: file:///<home>/Desktop/code/moblin-android/app/src/main/java/com/moblin/android/various/settings/SettingsScene.kt:1643:37 Unresolved reference 'external'.
e: file:///<home>/Desktop/code/moblin-android/app/src/main/java/com/moblin/android/various/settings/SettingsScene.kt:1645:37 Unresolved reference 'srtla'.
e: file:///<home>/Desktop/code/moblin-android/app/src/main/java/com/moblin/android/various/settings/SettingsScene.kt:1646:37 Unresolved reference 'srtClient'.
e: file:///<home>/Desktop/code/moblin-android/app/src/main/java/com/moblin/android/various/settings/SettingsScene.kt:1647:37 Unresolved reference 'rist'.
e: file:///<home>/Desktop/code/moblin-android/app/src/main/java/com/moblin/android/various/settings/SettingsScene.kt:1648:37 Unresolved reference 'rtsp'.
e: file:///<home>/Desktop/code/moblin-android/app/src/main/java/com/moblin/android/various/settings/SettingsScene.kt:1649:37 Unresolved reference 'whip'.
e: file:///<home>/Desktop/code/moblin-android/app/src/main/java/com/moblin/android/various/settings/SettingsScene.kt:1650:37 Unresolved reference 'whep'.
e: file:///<home>/Desktop/code/moblin-android/app/src/main/java/com/moblin/android/various/settings/SettingsScene.kt:1651:37 Unresolved reference 'mediaPlayer'.
e: file:///<home>/Desktop/code/moblin-android/app/src/main/java/com/moblin/android/various/settings/SettingsScene.kt:1652:37 Unresolved reference 'screenCapture'.
e: file:///<home>/Desktop/code/moblin-android/app/src/main/java/com/moblin/android/various/settings/SettingsScene.kt:1653:37 Unresolved reference 'backTripleLowEnergy'.
e: file:///<home>/Desktop/code/moblin-android/app/src/main/java/com/moblin/android/various/settings/SettingsScene.kt:1654:37 Unresolved reference 'backDualLowEnergy'.
e: file:///<home>/Desktop/code/moblin-android/app/src/main/java/com/moblin/android/various/settings/SettingsScene.kt:1655:37 Unresolved reference 'backWideDualLowEnergy'.
e: file:///<home>/Desktop/code/moblin-android/app/src/main/java/com/moblin/android/various/settings/SettingsScene.kt:1656:37 Unresolved reference 'none'.
e: file:///<home>/Desktop/code/moblin-android/app/src/main/java/com/moblin/android/various/settings/SettingsScene.kt:1674:62 Unresolved reference 'srtla'.
e: file:///<home>/Desktop/code/moblin-android/app/src/main/java/com/moblin/android/various/settings/SettingsScene.kt:1678:62 Unresolved reference 'srtClient'.
e: file:///<home>/Desktop/code/moblin-android/app/src/main/java/com/moblin/android/various/settings/SettingsScene.kt:1682:62 Unresolved reference 'rist'.
e: file:///<home>/Desktop/code/moblin-android/app/src/main/java/com/moblin/android/various/settings/SettingsScene.kt:1686:62 Unresolved reference 'rtsp'.
e: file:///<home>/Desktop/code/moblin-android/app/src/main/java/com/moblin/android/various/settings/SettingsScene.kt:1690:62 Unresolved reference 'whip'.
e: file:///<home>/Desktop/code/moblin-android/app/src/main/java/com/moblin/android/various/settings/SettingsScene.kt:1694:62 Unresolved reference 'whep'.
e: file:///<home>/Desktop/code/moblin-android/app/src/main/java/com/moblin/android/various/settings/SettingsScene.kt:1698:62 Unresolved reference 'mediaPlayer'.
e: file:///<home>/Desktop/code/moblin-android/app/src/main/java/com/moblin/android/various/settings/SettingsScene.kt:1702:62 Unresolved reference 'external'.
e: file:///<home>/Desktop/code/moblin-android/app/src/main/java/com/moblin/android/various/settings/SettingsScene.kt:1706:92 Unresolved reference 'screenCapture'.
e: file:///<home>/Desktop/code/moblin-android/app/src/main/java/com/moblin/android/various/settings/SettingsScene.kt:1708:62 Unresolved reference 'backTripleLowEnergy'.
e: file:///<home>/Desktop/code/moblin-android/app/src/main/java/com/moblin/android/various/settings/SettingsScene.kt:1710:62 Unresolved reference 'backDualLowEnergy'.
e: file:///<home>/Desktop/code/moblin-android/app/src/main/java/com/moblin/android/various/settings/SettingsScene.kt:1712:62 Unresolved reference 'backWideDualLowEnergy'.
e: file:///<home>/Desktop/code/moblin-android/app/src/main/java/com/moblin/android/various/settings/SettingsScene.kt:1713:83 Unresolved reference 'none'.
e: file:///<home>/Desktop/code/moblin-android/app/src/main/java/com/moblin/android/various/settings/SettingsScene.kt:1719:37 Unresolved reference 'backWideDualLowEnergy'.
e: file:///<home>/Desktop/code/moblin-android/app/src/main/java/com/moblin/android/various/settings/SettingsScene.kt:1720:37 Unresolved reference 'backDualLowEnergy'.
e: file:///<home>/Desktop/code/moblin-android/app/src/main/java/com/moblin/android/various/settings/SettingsScene.kt:1721:37 Unresolved reference 'backTripleLowEnergy'.
e: file:///<home>/Desktop/code/moblin-android/app/src/main/java/com/moblin/android/various/settings/SettingsScene.kt:1723:37 Unresolved reference 'external'.
e: file:///<home>/Desktop/code/moblin-android/app/src/main/java/com/moblin/android/various/settings/SettingsScene.kt:1730:37 Unresolved reference 'external'.
e: file:///<home>/Desktop/code/moblin-android/app/src/main/java/com/moblin/android/various/settings/SettingsScene.kt:1736:37 Unresolved reference 'srtla'.
e: file:///<home>/Desktop/code/moblin-android/app/src/main/java/com/moblin/android/various/settings/SettingsScene.kt:1737:37 Unresolved reference 'srtClient'.
e: file:///<home>/Desktop/code/moblin-android/app/src/main/java/com/moblin/android/various/settings/SettingsScene.kt:1738:37 Unresolved reference 'rist'.
e: file:///<home>/Desktop/code/moblin-android/app/src/main/java/com/moblin/android/various/settings/SettingsScene.kt:1739:37 Unresolved reference 'rtsp'.
e: file:///<home>/Desktop/code/moblin-android/app/src/main/java/com/moblin/android/various/settings/SettingsScene.kt:1740:37 Unresolved reference 'whip'.
e: file:///<home>/Desktop/code/moblin-android/app/src/main/java/com/moblin/android/various/settings/SettingsScene.kt:1741:37 Unresolved reference 'whep'.
e: file:///<home>/Desktop/code/moblin-android/app/src/main/java/com/moblin/android/various/settings/SettingsScene.kt:1762:58 Cannot access 'fun RgbColor.color(): Color': it is private in file.
e: file:///<home>/Desktop/code/moblin-android/app/src/main/java/com/moblin/android/various/settings/SettingsScene.kt:2004:36 Cannot access 'fun RgbColor.color(): Color': it is private in file.
e: file:///<home>/Desktop/code/moblin-android/app/src/main/java/com/moblin/android/various/settings/SettingsScene.kt:2005:48 Cannot access 'fun RgbColor.color(): Color': it is private in file.
e: file:///<home>/Desktop/code/moblin-android/app/src/main/java/com/moblin/android/various/settings/SettingsScene.kt:2137:54 Cannot access 'fun RgbColor.color(): Color': it is private in file.
e: file:///<home>/Desktop/code/moblin-android/app/src/main/java/com/moblin/android/various/settings/SettingsScene.kt:2138:80 Cannot access 'fun RgbColor.color(): Color': it is private in file.
e: file:///<home>/Desktop/code/moblin-android/app/src/main/java/com/moblin/android/various/settings/SettingsScene.kt:2139:84 Cannot access 'fun RgbColor.color(): Color': it is private in file.
e: file:///<home>/Desktop/code/moblin-android/app/src/main/java/com/moblin/android/various/settings/SettingsScene.kt:2153:36 Cannot access 'fun RgbColor.color(): Color': it is private in file.
e: file:///<home>/Desktop/code/moblin-android/app/src/main/java/com/moblin/android/various/settings/SettingsScene.kt:2154:62 Cannot access 'fun RgbColor.color(): Color': it is private in file.
e: file:///<home>/Desktop/code/moblin-android/app/src/main/java/com/moblin/android/various/settings/SettingsScene.kt:2155:66 Cannot access 'fun RgbColor.color(): Color': it is private in file.
e: file:///<home>/Desktop/code/moblin-android/app/src/main/java/com/moblin/android/various/settings/SettingsScene.kt:2306:86 Cannot access 'fun RgbColor.color(): Color': it is private in file.
e: file:///<home>/Desktop/code/moblin-android/app/src/main/java/com/moblin/android/various/storages/VTuberStorage.kt:17:40 Unresolved reference 'path'.
e: file:///<home>/Desktop/code/moblin-android/app/src/main/java/com/moblin/android/videoeffects/BingoCardEffect.kt:117:5 'execute' overrides nothing. Potential signatures for overriding:
fun execute(image: Image, info: VideoEffectInfo): Image
e: file:///<home>/Desktop/code/moblin-android/app/src/main/java/com/moblin/android/videoeffects/BingoCardEffect.kt:126:5 'executeMetalPetal' overrides nothing. Potential signatures for overriding:
fun executeMetalPetal(image: Image, info: VideoEffectInfo): Image
e: file:///<home>/Desktop/code/moblin-android/app/src/main/java/com/moblin/android/videoeffects/ChatEffect.kt:30:77 Unresolved reference 'color'.
e: file:///<home>/Desktop/code/moblin-android/app/src/main/java/com/moblin/android/videoeffects/ChatEffect.kt:33:38 Unresolved reference 'color'.
e: file:///<home>/Desktop/code/moblin-android/app/src/main/java/com/moblin/android/videoeffects/ChatEffect.kt:37:46 Unresolved reference 'color'.
e: file:///<home>/Desktop/code/moblin-android/app/src/main/java/com/moblin/android/videoeffects/ChatEffect.kt:280:5 'execute' overrides nothing. Potential signatures for overriding:
fun execute(image: Image, info: VideoEffectInfo): Image
e: file:///<home>/Desktop/code/moblin-android/app/src/main/java/com/moblin/android/videoeffects/ChatEffect.kt:291:5 'executeMetalPetal' overrides nothing. Potential signatures for overriding:
fun executeMetalPetal(image: Image, info: VideoEffectInfo): Image
e: file:///<home>/Desktop/code/moblin-android/app/src/main/java/com/moblin/android/videoeffects/ChatEmoteComboEffect.kt:176:5 'execute' overrides nothing. Potential signatures for overriding:
fun execute(image: Image, info: VideoEffectInfo): Image
e: file:///<home>/Desktop/code/moblin-android/app/src/main/java/com/moblin/android/videoeffects/ChatEmoteComboEffect.kt:178:16 Return type mismatch: expected 'CIImage', actual 'MTIImage'.
e: file:///<home>/Desktop/code/moblin-android/app/src/main/java/com/moblin/android/videoeffects/ChatEmoteComboEffect.kt:180:14 Unresolved reference 'cropped'.
e: file:///<home>/Desktop/code/moblin-android/app/src/main/java/com/moblin/android/videoeffects/ChatEmoteComboEffect.kt:184:5 'executeMetalPetal' overrides nothing. Potential signatures for overriding:
fun executeMetalPetal(image: Image, info: VideoEffectInfo): Image
e: file:///<home>/Desktop/code/moblin-android/app/src/main/java/com/moblin/android/videoeffects/DrawOnStreamEffect.kt:113:5 'execute' overrides nothing. Potential signatures for overriding:
fun execute(image: Image, info: VideoEffectInfo): Image
e: file:///<home>/Desktop/code/moblin-android/app/src/main/java/com/moblin/android/videoeffects/DrawOnStreamEffect.kt:115:5 'executeMetalPetal' overrides nothing. Potential signatures for overriding:
fun executeMetalPetal(image: Image, info: VideoEffectInfo): Image
e: file:///<home>/Desktop/code/moblin-android/app/src/main/java/com/moblin/android/videoeffects/FixedHorizonEffect.kt:63:49 Only safe (?.) or non-null asserted (!!.) calls are allowed on a nullable receiver of type 'Context?'.
e: file:///<home>/Desktop/code/moblin-android/app/src/main/java/com/moblin/android/videoeffects/LutEffect.kt:80:21 Unresolved reference 'Image'.
e: file:///<home>/Desktop/code/moblin-android/app/src/main/java/com/moblin/android/videoeffects/LutEffect.kt:82:22 Unresolved reference 'Image'.
e: file:///<home>/Desktop/code/moblin-android/app/src/main/java/com/moblin/android/videoeffects/LutEffect.kt:87:21 Unresolved reference 'Image'.
e: file:///<home>/Desktop/code/moblin-android/app/src/main/java/com/moblin/android/videoeffects/LutEffect.kt:91:22 Unresolved reference 'Image'.
e: file:///<home>/Desktop/code/moblin-android/app/src/main/java/com/moblin/android/videoeffects/LutEffect.kt:347:5 'execute' overrides nothing. Potential signatures for overriding:
fun execute(image: Image, info: VideoEffectInfo): Image
e: file:///<home>/Desktop/code/moblin-android/app/src/main/java/com/moblin/android/videoeffects/LutEffect.kt:347:33 Unresolved reference 'Image'.
e: file:///<home>/Desktop/code/moblin-android/app/src/main/java/com/moblin/android/videoeffects/LutEffect.kt:347:64 Unresolved reference 'Image'.
e: file:///<home>/Desktop/code/moblin-android/app/src/main/java/com/moblin/android/videoeffects/LutEffect.kt:353:5 'executeMetalPetal' overrides nothing. Potential signatures for overriding:
fun executeMetalPetal(image: Image, info: VideoEffectInfo): Image
e: file:///<home>/Desktop/code/moblin-android/app/src/main/java/com/moblin/android/videoeffects/LutEffect.kt:353:43 Unresolved reference 'Image'.
e: file:///<home>/Desktop/code/moblin-android/app/src/main/java/com/moblin/android/videoeffects/LutEffect.kt:353:74 Unresolved reference 'Image'.
e: file:///<home>/Desktop/code/moblin-android/app/src/main/java/com/moblin/android/videoeffects/MaskEffect.kt:198:5 'executeMetalPetal' overrides nothing. Potential signatures for overriding:
fun executeMetalPetal(image: Image, info: VideoEffectInfo): Image
e: file:///<home>/Desktop/code/moblin-android/app/src/main/java/com/moblin/android/videoeffects/MaskEffect.kt:202:5 'execute' overrides nothing. Potential signatures for overriding:
fun execute(image: Image, info: VideoEffectInfo): Image
e: file:///<home>/Desktop/code/moblin-android/app/src/main/java/com/moblin/android/videoeffects/PollEffect.kt:25:54 Cannot access 'data class Image : Any': it is private in file.
e: file:///<home>/Desktop/code/moblin-android/app/src/main/java/com/moblin/android/videoeffects/PollEffect.kt:112:5 'execute' overrides nothing. Potential signatures for overriding:
fun execute(image: Image, info: VideoEffectInfo): Image
e: file:///<home>/Desktop/code/moblin-android/app/src/main/java/com/moblin/android/videoeffects/PollEffect.kt:112:18 'public' function exposes its 'private-in-file' return type 'Image'.
e: file:///<home>/Desktop/code/moblin-android/app/src/main/java/com/moblin/android/videoeffects/PollEffect.kt:112:26 'public' function exposes its 'private-in-file' parameter type 'Image'.
e: file:///<home>/Desktop/code/moblin-android/app/src/main/java/com/moblin/android/videoeffects/PollEffect.kt:112:33 Cannot access 'data class Image : Any': it is private in file.
e: file:///<home>/Desktop/code/moblin-android/app/src/main/java/com/moblin/android/videoeffects/PollEffect.kt:112:64 Cannot access 'data class Image : Any': it is private in file.
e: file:///<home>/Desktop/code/moblin-android/app/src/main/java/com/moblin/android/videoeffects/SlideshowEffect.kt:40:5 'execute' overrides nothing. Potential signatures for overriding:
fun execute(image: Image, info: VideoEffectInfo): Image
e: file:///<home>/Desktop/code/moblin-android/app/src/main/java/com/moblin/android/videoeffects/SlideshowEffect.kt:40:33 Unresolved reference 'Image'.
e: file:///<home>/Desktop/code/moblin-android/app/src/main/java/com/moblin/android/videoeffects/SlideshowEffect.kt:40:64 Unresolved reference 'Image'.
e: file:///<home>/Desktop/code/moblin-android/app/src/main/java/com/moblin/android/videoeffects/SlideshowEffect.kt:42:43 Unresolved reference 'width'.
e: file:///<home>/Desktop/code/moblin-android/app/src/main/java/com/moblin/android/videoeffects/SlideshowEffect.kt:42:56 Unresolved reference 'height'.
e: file:///<home>/Desktop/code/moblin-android/app/src/main/java/com/moblin/android/videoeffects/SlideshowEffect.kt:46:5 'executeMetalPetal' overrides nothing. Potential signatures for overriding:
fun executeMetalPetal(image: Image, info: VideoEffectInfo): Image
e: file:///<home>/Desktop/code/moblin-android/app/src/main/java/com/moblin/android/videoeffects/SlideshowEffect.kt:46:43 Unresolved reference 'Image'.
e: file:///<home>/Desktop/code/moblin-android/app/src/main/java/com/moblin/android/videoeffects/SlideshowEffect.kt:46:74 Unresolved reference 'Image'.
e: file:///<home>/Desktop/code/moblin-android/app/src/main/java/com/moblin/android/videoeffects/SlideshowEffect.kt:48:43 Unresolved reference 'width'.
e: file:///<home>/Desktop/code/moblin-android/app/src/main/java/com/moblin/android/videoeffects/SlideshowEffect.kt:48:56 Unresolved reference 'height'.
e: file:///<home>/Desktop/code/moblin-android/app/src/main/java/com/moblin/android/videoeffects/SnapshotEffect.kt:34:5 'execute' overrides nothing. Potential signatures for overriding:
fun execute(image: Image, info: VideoEffectInfo): Image
e: file:///<home>/Desktop/code/moblin-android/app/src/main/java/com/moblin/android/videoeffects/SnapshotEffect.kt:39:13 Argument type mismatch: actual type is 'MTIImage', but 'Image' was expected.
e: file:///<home>/Desktop/code/moblin-android/app/src/main/java/com/moblin/android/videoeffects/SnapshotEffect.kt:42:13 Argument type mismatch: actual type is 'Rect', but 'RectF' was expected.
e: file:///<home>/Desktop/code/moblin-android/app/src/main/java/com/moblin/android/videoeffects/SnapshotEffect.kt:44:11 Unresolved reference. None of the following candidates is applicable because of a receiver type mismatch:
fun MTIImage.moveComposited(layout: SettingsWidgetLayout, backgroundImage: MTIImage, contentRegion: Rect? = ...): MTIImage
e: file:///<home>/Desktop/code/moblin-android/app/src/main/java/com/moblin/android/videoeffects/SnapshotEffect.kt:47:5 'executeMetalPetal' overrides nothing. Potential signatures for overriding:
fun executeMetalPetal(image: Image, info: VideoEffectInfo): Image
e: file:///<home>/Desktop/code/moblin-android/app/src/main/java/com/moblin/android/videoeffects/alerts/AlertsEffect.kt:388:25 Unresolved reference 'setVolume'.
e: file:///<home>/Desktop/code/moblin-android/app/src/main/java/com/moblin/android/videoeffects/alerts/AlertsEffect.kt:416:26 Argument type mismatch: actual type is 'FontFamily', but 'FontDesign' was expected.
e: file:///<home>/Desktop/code/moblin-android/app/src/main/java/com/moblin/android/videoeffects/vtuber/Live2DRenderer.kt:4:40 Unresolved reference 'ayagami'.
e: file:///<home>/Desktop/code/moblin-android/app/src/main/java/com/moblin/android/videoeffects/vtuber/Live2DRenderer.kt:5:40 Unresolved reference 'ayagami'.
e: file:///<home>/Desktop/code/moblin-android/app/src/main/java/com/moblin/android/videoeffects/vtuber/Live2DRenderer.kt:6:40 Unresolved reference 'ayagami'.
e: file:///<home>/Desktop/code/moblin-android/app/src/main/java/com/moblin/android/videoeffects/vtuber/Live2DRenderer.kt:7:40 Unresolved reference 'ayagami'.
e: file:///<home>/Desktop/code/moblin-android/app/src/main/java/com/moblin/android/videoeffects/vtuber/Live2DRenderer.kt:88:20 Unresolved reference 'AyagamiBlendMode'.
e: file:///<home>/Desktop/code/moblin-android/app/src/main/java/com/moblin/android/videoeffects/vtuber/Live2DRenderer.kt:93:15 Unresolved reference 'AyagamiArtMeshInfo'.
e: file:///<home>/Desktop/code/moblin-android/app/src/main/java/com/moblin/android/videoeffects/vtuber/Live2DRenderer.kt:118:27 Unresolved reference 'AyagamiModel'.
e: file:///<home>/Desktop/code/moblin-android/app/src/main/java/com/moblin/android/videoeffects/vtuber/Live2DRenderer.kt:122:39 Unresolved reference 'artMeshCount'.
e: file:///<home>/Desktop/code/moblin-android/app/src/main/java/com/moblin/android/videoeffects/vtuber/Live2DRenderer.kt:123:34 Unresolved reference 'artMeshInfo'.
e: file:///<home>/Desktop/code/moblin-android/app/src/main/java/com/moblin/android/videoeffects/vtuber/Live2DRenderer.kt:139:22 Cannot infer type for this parameter. Specify it explicitly.
e: file:///<home>/Desktop/code/moblin-android/app/src/main/java/com/moblin/android/videoeffects/vtuber/Live2DRenderer.kt:139:28 Unresolved reference 'canvas'.
e: file:///<home>/Desktop/code/moblin-android/app/src/main/java/com/moblin/android/videoeffects/vtuber/Live2DRenderer.kt:139:46 Cannot infer type for this parameter. Specify it explicitly.
e: file:///<home>/Desktop/code/moblin-android/app/src/main/java/com/moblin/android/videoeffects/vtuber/Live2DRenderer.kt:139:52 Unresolved reference 'canvas'.
e: file:///<home>/Desktop/code/moblin-android/app/src/main/java/com/moblin/android/videoeffects/vtuber/Live2DRenderer.kt:140:22 Cannot infer type for this parameter. Specify it explicitly.
e: file:///<home>/Desktop/code/moblin-android/app/src/main/java/com/moblin/android/videoeffects/vtuber/Live2DRenderer.kt:140:28 Unresolved reference 'canvas'.
e: file:///<home>/Desktop/code/moblin-android/app/src/main/java/com/moblin/android/videoeffects/vtuber/Live2DRenderer.kt:140:46 Cannot infer type for this parameter. Specify it explicitly.
e: file:///<home>/Desktop/code/moblin-android/app/src/main/java/com/moblin/android/videoeffects/vtuber/Live2DRenderer.kt:140:52 Unresolved reference 'canvas'.
e: file:///<home>/Desktop/code/moblin-android/app/src/main/java/com/moblin/android/videoeffects/vtuber/Live2DRenderer.kt:143:23 Cannot infer type for this parameter. Specify it explicitly.
e: file:///<home>/Desktop/code/moblin-android/app/src/main/java/com/moblin/android/videoeffects/vtuber/Live2DRenderer.kt:143:29 Unresolved reference 'canvas'.
e: file:///<home>/Desktop/code/moblin-android/app/src/main/java/com/moblin/android/videoeffects/vtuber/Live2DRenderer.kt:143:48 Cannot infer type for this parameter. Specify it explicitly.
e: file:///<home>/Desktop/code/moblin-android/app/src/main/java/com/moblin/android/videoeffects/vtuber/Live2DRenderer.kt:143:54 Unresolved reference 'canvas'.
e: file:///<home>/Desktop/code/moblin-android/app/src/main/java/com/moblin/android/videoeffects/vtuber/Live2DRenderer.kt:144:23 Cannot infer type for this parameter. Specify it explicitly.
e: file:///<home>/Desktop/code/moblin-android/app/src/main/java/com/moblin/android/videoeffects/vtuber/Live2DRenderer.kt:144:29 Unresolved reference 'canvas'.
e: file:///<home>/Desktop/code/moblin-android/app/src/main/java/com/moblin/android/videoeffects/vtuber/Live2DRenderer.kt:144:48 Cannot infer type for this parameter. Specify it explicitly.
e: file:///<home>/Desktop/code/moblin-android/app/src/main/java/com/moblin/android/videoeffects/vtuber/Live2DRenderer.kt:144:54 Unresolved reference 'canvas'.
e: file:///<home>/Desktop/code/moblin-android/app/src/main/java/com/moblin/android/videoeffects/vtuber/Live2DRenderer.kt:158:24 Unresolved reference 'AyagamiBlendMode'.
e: file:///<home>/Desktop/code/moblin-android/app/src/main/java/com/moblin/android/videoeffects/vtuber/Live2DRenderer.kt:174:23 Unresolved reference 'AyagamiModel'.
e: file:///<home>/Desktop/code/moblin-android/app/src/main/java/com/moblin/android/videoeffects/vtuber/Live2DRenderer.kt:174:37 An explicit type is required on a value parameter.
e: file:///<home>/Desktop/code/moblin-android/app/src/main/java/com/moblin/android/videoeffects/vtuber/Live2DRenderer.kt:174:41 Syntax error: Expecting comma or ')'.
e: file:///<home>/Desktop/code/moblin-android/app/src/main/java/com/moblin/android/videoeffects/vtuber/Live2DRenderer.kt:180:22 Unresolved reference 'AyagamiArtMeshState'.
e: file:///<home>/Desktop/code/moblin-android/app/src/main/java/com/moblin/android/videoeffects/vtuber/Live2DRenderer.kt:188:45 Unresolved reference 'AyagamiArtMeshInfo'.
e: file:///<home>/Desktop/code/moblin-android/app/src/main/java/com/moblin/android/view/MainView.kt:78:41 Unresolved reference 'buttonsBackgroundColor'.
e: file:///<home>/Desktop/code/moblin-android/app/src/main/java/com/moblin/android/view/MainView.kt:86:41 Unresolved reference 'streamViewLayout'.
e: file:///<home>/Desktop/code/moblin-android/app/src/main/java/com/moblin/android/view/MainView.kt:483:42 Argument type mismatch: actual type is 'KeyEvent', but 'KeyPress' was expected.
e: file:///<home>/Desktop/code/moblin-android/app/src/main/java/com/moblin/android/view/MainView.kt:649:28 Unresolved reference 'streamViewLayout'.
e: file:///<home>/Desktop/code/moblin-android/app/src/main/java/com/moblin/android/view/MainView.kt:652:35 Function invocation 'width(...)' expected.
e: file:///<home>/Desktop/code/moblin-android/app/src/main/java/com/moblin/android/view/MainView.kt:652:57 Function invocation 'height(...)' expected.
e: file:///<home>/Desktop/code/moblin-android/app/src/main/java/com/moblin/android/view/MainView.kt:653:39 Unresolved reference 'x'.
e: file:///<home>/Desktop/code/moblin-android/app/src/main/java/com/moblin/android/view/MainView.kt:653:59 Unresolved reference 'y'.
e: file:///<home>/Desktop/code/moblin-android/app/src/main/java/com/moblin/android/view/controlbar/ControlBarLandscapeView.kt:194:45 Argument type mismatch: actual type is 'MutableStateFlow<ERROR CLASS: Cannot infer argument for type parameter T>', but 'ThermalState' was expected.
e: file:///<home>/Desktop/code/moblin-android/app/src/main/java/com/moblin/android/view/controlbar/ControlBarPortraitView.kt:245:53 Argument type mismatch: actual type is 'MutableStateFlow<ERROR CLASS: Cannot infer argument for type parameter T>', but 'ThermalState' was expected.
e: file:///<home>/Desktop/code/moblin-android/app/src/main/java/com/moblin/android/view/controlbar/ControlBarUtils.kt:14:60 Function invocation 'isEmpty()' expected.
e: file:///<home>/Desktop/code/moblin-android/app/src/main/java/com/moblin/android/view/controlbar/quickbutton/QuickButtonGoProView.kt:292:42 Unresolved reference 'SERVER'.
e: file:///<home>/Desktop/code/moblin-android/app/src/main/java/com/moblin/android/view/controlbar/quickbutton/QuickButtonGoProView.kt:293:42 Unresolved reference 'CUSTOM'.
e: file:///<home>/Desktop/code/moblin-android/app/src/main/java/com/moblin/android/view/controlbar/quickbutton/chat/QuickButtonChatModerationView.kt:52:43 Unresolved reference 'AuthError'.
e: file:///<home>/Desktop/code/moblin-android/app/src/main/java/com/moblin/android/view/controlbar/quickbutton/chat/QuickButtonChatModerationView.kt:53:43 Unresolved reference 'Error'.
e: file:///<home>/Desktop/code/moblin-android/app/src/main/java/com/moblin/android/view/controlbar/quickbutton/chat/QuickButtonChatModerationView.kt:55:43 Unresolved reference 'Success'.
e: file:///<home>/Desktop/code/moblin-android/app/src/main/java/com/moblin/android/view/controlbar/quickbutton/chat/QuickButtonChatModerationView.kt:95:23 'when' expression must be exhaustive. Add the 'AuthError', 'Error', 'is Success<*>' branches or an 'else' branch.
e: file:///<home>/Desktop/code/moblin-android/app/src/main/java/com/moblin/android/view/controlbar/quickbutton/chat/QuickButtonChatModerationView.kt:96:16 Unresolved reference 'Success'.
e: file:///<home>/Desktop/code/moblin-android/app/src/main/java/com/moblin/android/view/controlbar/quickbutton/chat/QuickButtonChatModerationView.kt:97:13 Unresolved reference 'AuthError'.
e: file:///<home>/Desktop/code/moblin-android/app/src/main/java/com/moblin/android/view/controlbar/quickbutton/chat/QuickButtonChatModerationView.kt:98:13 Classifier 'class Error : Throwable' does not have a companion object, so it cannot be used as an expression.
e: file:///<home>/Desktop/code/moblin-android/app/src/main/java/com/moblin/android/view/controlbar/quickbutton/chat/QuickButtonChatModerationView.kt:107:23 'when' expression must be exhaustive. Add the 'AuthError', 'Error', 'is Success<*>' branches or an 'else' branch.
e: file:///<home>/Desktop/code/moblin-android/app/src/main/java/com/moblin/android/view/controlbar/quickbutton/chat/QuickButtonChatModerationView.kt:108:16 Unresolved reference 'Success'.
e: file:///<home>/Desktop/code/moblin-android/app/src/main/java/com/moblin/android/view/controlbar/quickbutton/chat/QuickButtonChatModerationView.kt:109:13 Unresolved reference 'AuthError'.
e: file:///<home>/Desktop/code/moblin-android/app/src/main/java/com/moblin/android/view/controlbar/quickbutton/chat/QuickButtonChatModerationView.kt:110:13 Classifier 'class Error : Throwable' does not have a companion object, so it cannot be used as an expression.
e: file:///<home>/Desktop/code/moblin-android/app/src/main/java/com/moblin/android/view/controlbar/quickbutton/chat/QuickButtonChatView.kt:167:13 Unresolved reference 'not' for operator '!'.
e: file:///<home>/Desktop/code/moblin-android/app/src/main/java/com/moblin/android/view/controlbar/quickbutton/chat/QuickButtonChatView.kt:189:43 Argument type mismatch: actual type is 'MutableStateFlow<Boolean>', but 'Boolean' was expected.
e: file:///<home>/Desktop/code/moblin-android/app/src/main/java/com/moblin/android/view/controlbar/quickbutton/chat/QuickButtonChatView.kt:196:39 Argument type mismatch: actual type is 'MutableStateFlow<Boolean>', but 'Boolean' was expected.
e: file:///<home>/Desktop/code/moblin-android/app/src/main/java/com/moblin/android/view/controlbar/quickbutton/chat/QuickButtonChatView.kt:207:31 Argument type mismatch: actual type is 'MutableStateFlow<Boolean>', but 'Boolean' was expected.
e: file:///<home>/Desktop/code/moblin-android/app/src/main/java/com/moblin/android/view/controlbar/quickbutton/chat/QuickButtonChatView.kt:319:76 Unresolved reference 'firstMessage'.
e: file:///<home>/Desktop/code/moblin-android/app/src/main/java/com/moblin/android/view/controlbar/quickbutton/chat/QuickButtonChatView.kt:324:76 Unresolved reference 'newFollower'.
e: file:///<home>/Desktop/code/moblin-android/app/src/main/java/com/moblin/android/view/controlbar/quickbutton/chat/QuickButtonChatView.kt:333:13 Unresolved reference 'not' for operator '!'.
e: file:///<home>/Desktop/code/moblin-android/app/src/main/java/com/moblin/android/view/controlbar/quickbutton/chat/QuickButtonChatView.kt:353:47 Argument type mismatch: actual type is 'MutableStateFlow<Boolean>', but 'Boolean' was expected.
e: file:///<home>/Desktop/code/moblin-android/app/src/main/java/com/moblin/android/view/controlbar/quickbutton/chat/QuickButtonChatView.kt:360:43 Argument type mismatch: actual type is 'MutableStateFlow<Boolean>', but 'Boolean' was expected.
e: file:///<home>/Desktop/code/moblin-android/app/src/main/java/com/moblin/android/view/controlbar/quickbutton/chat/QuickButtonChatView.kt:372:31 Argument type mismatch: actual type is 'MutableStateFlow<Boolean>', but 'Boolean' was expected.
e: file:///<home>/Desktop/code/moblin-android/app/src/main/java/com/moblin/android/view/settings/bitratepresets/BitratePresetsSettingsView.kt:53:33 Assignment type mismatch: actual type is 'List<SettingsBitratePreset>', but 'MutableList<SettingsBitratePreset>' was expected.
e: file:///<home>/Desktop/code/moblin-android/app/src/main/java/com/moblin/android/view/settings/bitratepresets/BitratePresetsSettingsView.kt:86:47 Assignment type mismatch: actual type is 'List<SettingsBitratePreset>', but 'MutableList<SettingsBitratePreset>' was expected.
e: file:///<home>/Desktop/code/moblin-android/app/src/main/java/com/moblin/android/view/settings/blacksharkcoolers/BlackSharkCoolerDeviceSettingsView.kt:54:27 Unresolved reference 'identifier'.
e: file:///<home>/Desktop/code/moblin-android/app/src/main/java/com/moblin/android/view/settings/camera/zoom/ZoomSettingsView.kt:131:64 Argument type mismatch: actual type is 'Int', but 'AVCaptureDevice.Position' was expected.
e: file:///<home>/Desktop/code/moblin-android/app/src/main/java/com/moblin/android/view/settings/camera/zoom/ZoomSettingsView.kt:186:64 Argument type mismatch: actual type is 'Int', but 'AVCaptureDevice.Position' was expected.
e: file:///<home>/Desktop/code/moblin-android/app/src/main/java/com/moblin/android/view/settings/catprinters/CatPrinterSettingsView.kt:48:27 Unresolved reference 'identifier'.
e: file:///<home>/Desktop/code/moblin-android/app/src/main/java/com/moblin/android/view/settings/catprinters/CatPrinterSettingsView.kt:106:42 Unresolved reference 'not' for operator '!'.
e: file:///<home>/Desktop/code/moblin-android/app/src/main/java/com/moblin/android/view/settings/catprinters/CatPrintersSettingsView.kt:76:14 Property delegate must have a 'getValue(Nothing?, KProperty0<*>)' method. None of the following functions is applicable:
fun FloatState.getValue(thisObj: Any?, property: KProperty<*>): Float
fun DoubleState.getValue(thisObj: Any?, property: KProperty<*>): Double
fun IntState.getValue(thisObj: Any?, property: KProperty<*>): Int
fun LongState.getValue(thisObj: Any?, property: KProperty<*>): Long
fun <T> State<T>.getValue(thisObj: Any?, property: KProperty<*>): T
e: file:///<home>/Desktop/code/moblin-android/app/src/main/java/com/moblin/android/view/settings/catprinters/CatPrintersSettingsView.kt:76:29 Cannot infer type for this parameter. Specify it explicitly.
e: file:///<home>/Desktop/code/moblin-android/app/src/main/java/com/moblin/android/view/settings/catprinters/CatPrintersSettingsView.kt:76:29 Unresolved reference. None of the following candidates is applicable because of a receiver type mismatch:
fun <T> StateFlow<T>.collectAsState(context: CoroutineContext = ...): State<T>
e: file:///<home>/Desktop/code/moblin-android/app/src/main/java/com/moblin/android/view/settings/catprinters/CatPrintersSettingsView.kt:173:33 Unresolved reference 'value'.
e: file:///<home>/Desktop/code/moblin-android/app/src/main/java/com/moblin/android/view/settings/chat/ChatNicknamesSettingsView.kt:155:37 Argument type mismatch: actual type is 'MutableList<SettingsChatNickname>', but 'List<Identifiable<UUID>>' was expected.
e: file:///<home>/Desktop/code/moblin-android/app/src/main/java/com/moblin/android/view/settings/chat/ChatSettingsAppearanceView.kt:79:55 Assignment type mismatch: actual type is 'Double', but 'Float' was expected.
e: file:///<home>/Desktop/code/moblin-android/app/src/main/java/com/moblin/android/view/settings/chat/ChatSettingsAppearanceView.kt:101:58 Assignment type mismatch: actual type is 'Double', but 'Float' was expected.
e: file:///<home>/Desktop/code/moblin-android/app/src/main/java/com/moblin/android/view/settings/deeplinkcreator/DeepLinkCreatorSettingsView.kt:252:103 Unresolved reference 'value'.
e: file:///<home>/Desktop/code/moblin-android/app/src/main/java/com/moblin/android/view/settings/deeplinkcreator/DeepLinkCreatorStreamSettingsView.kt:288:49 'val' cannot be reassigned.
e: file:///<home>/Desktop/code/moblin-android/app/src/main/java/com/moblin/android/view/settings/deeplinkcreator/DeepLinkCreatorStreamsSettingsView.kt:45:26 None of the following candidates is applicable:
fun Modifier.combinedClickable(interactionSource: MutableInteractionSource?, indication: Indication?, enabled: Boolean = ..., onClickLabel: String? = ..., role: Role? = ..., onLongClickLabel: String? = ..., onLongClick: (() -> Unit)? = ..., onDoubleClick: (() -> Unit)? = ..., onClick: () -> Unit): Modifier
fun Modifier.combinedClickable(enabled: Boolean = ..., onClickLabel: String? = ..., role: Role? = ..., onLongClickLabel: String? = ..., onLongClick: (() -> Unit)? = ..., onDoubleClick: (() -> Unit)? = ..., onClick: () -> Unit): Modifier
e: file:///<home>/Desktop/code/moblin-android/app/src/main/java/com/moblin/android/view/settings/deeplinkcreator/DeepLinkCreatorWebBrowserSettingsView.kt:44:25 No value passed for parameter 'onSubmit'.
e: file:///<home>/Desktop/code/moblin-android/app/src/main/java/com/moblin/android/view/settings/display/streambutton/StreamButtonsSettingsView.kt:56:82 Unresolved reference 'color'.
e: file:///<home>/Desktop/code/moblin-android/app/src/main/java/com/moblin/android/view/settings/gamecontrollers/GameControllersSettingsView.kt:76:37 Assignment type mismatch: actual type is 'List<SettingsGameController>', but 'MutableList<SettingsGameController>' was expected.
e: file:///<home>/Desktop/code/moblin-android/app/src/main/java/com/moblin/android/view/settings/gamecontrollers/GameControllersSettingsView.kt:88:25 Assignment type mismatch: actual type is 'List<SettingsGameController>', but 'MutableList<SettingsGameController>' was expected.
e: file:///<home>/Desktop/code/moblin-android/app/src/main/java/com/moblin/android/view/settings/ingests/rtspclient/RtspClientSettingsView.kt:122:45 Argument type mismatch: actual type is 'MutableList<SettingsRtspClientStream>', but 'List<Identifiable<UUID>>' was expected.
e: file:///<home>/Desktop/code/moblin-android/app/src/main/java/com/moblin/android/view/settings/ingests/srtclient/SrtClientSettingsView.kt:146:63 Argument type mismatch: actual type is 'MutableList<SettingsSrtClientStream>', but 'List<Identifiable<UUID>>' was expected.
e: file:///<home>/Desktop/code/moblin-android/app/src/main/java/com/moblin/android/view/settings/ingests/whipserver/WhipServerSettingsView.kt:142:63 Argument type mismatch: actual type is 'MutableList<SettingsWhipServerStream>', but 'List<Identifiable<UUID>>' was expected.
e: file:///<home>/Desktop/code/moblin-android/app/src/main/java/com/moblin/android/view/settings/scenes/autoswitchers/AutoSwitchersSettingsView.kt:334:35 Argument type mismatch: actual type is 'List<SettingsAutoSceneSwitcher>', but 'List<Identifiable<UUID>>' was expected.
e: file:///<home>/Desktop/code/moblin-android/app/src/main/java/com/moblin/android/view/settings/scenes/scene/SceneSettingsView.kt:520:37 Argument type mismatch: actual type is 'List<SettingsSceneWidget>', but 'List<Identifiable<UUID>>' was expected.
e: file:///<home>/Desktop/code/moblin-android/app/src/main/java/com/moblin/android/view/settings/scenes/widgets/widget/alerts/WidgetAlertsKickSettingsView.kt:84:33 Argument type mismatch: actual type is 'RgbColor', but 'Color' was expected.
e: file:///<home>/Desktop/code/moblin-android/app/src/main/java/com/moblin/android/view/settings/scenes/widgets/widget/alerts/WidgetAlertsKickSettingsView.kt:85:35 Argument type mismatch: actual type is 'RgbColor', but 'Color' was expected.
e: file:///<home>/Desktop/code/moblin-android/app/src/main/java/com/moblin/android/view/settings/scenes/widgets/widget/alerts/WidgetAlertsKickSettingsView.kt:142:33 Argument type mismatch: actual type is 'RgbColor', but 'Color' was expected.
e: file:///<home>/Desktop/code/moblin-android/app/src/main/java/com/moblin/android/view/settings/scenes/widgets/widget/alerts/WidgetAlertsKickSettingsView.kt:143:35 Argument type mismatch: actual type is 'RgbColor', but 'Color' was expected.
e: file:///<home>/Desktop/code/moblin-android/app/src/main/java/com/moblin/android/view/settings/scenes/widgets/widget/alerts/WidgetAlertsKickSettingsView.kt:201:33 Argument type mismatch: actual type is 'RgbColor', but 'Color' was expected.
e: file:///<home>/Desktop/code/moblin-android/app/src/main/java/com/moblin/android/view/settings/scenes/widgets/widget/alerts/WidgetAlertsKickSettingsView.kt:202:35 Argument type mismatch: actual type is 'RgbColor', but 'Color' was expected.
e: file:///<home>/Desktop/code/moblin-android/app/src/main/java/com/moblin/android/view/settings/scenes/widgets/widget/alerts/WidgetAlertsKickSettingsView.kt:259:33 Argument type mismatch: actual type is 'RgbColor', but 'Color' was expected.
e: file:///<home>/Desktop/code/moblin-android/app/src/main/java/com/moblin/android/view/settings/scenes/widgets/widget/alerts/WidgetAlertsKickSettingsView.kt:260:35 Argument type mismatch: actual type is 'RgbColor', but 'Color' was expected.
e: file:///<home>/Desktop/code/moblin-android/app/src/main/java/com/moblin/android/view/settings/scenes/widgets/widget/alerts/WidgetAlertsKickSettingsView.kt:398:33 Argument type mismatch: actual type is 'RgbColor', but 'Color' was expected.
e: file:///<home>/Desktop/code/moblin-android/app/src/main/java/com/moblin/android/view/settings/scenes/widgets/widget/alerts/WidgetAlertsKickSettingsView.kt:399:35 Argument type mismatch: actual type is 'RgbColor', but 'Color' was expected.
e: file:///<home>/Desktop/code/moblin-android/app/src/main/java/com/moblin/android/view/settings/scenes/widgets/widget/alerts/WidgetAlertsSoundSettingsView.kt:57:12 Cannot infer type for this parameter. Specify it explicitly.
e: file:///<home>/Desktop/code/moblin-android/app/src/main/java/com/moblin/android/view/settings/scenes/widgets/widget/alerts/WidgetAlertsSoundSettingsView.kt:57:26 None of the following candidates is applicable:
constructor(data: ByteArray): AudioPlayer
constructor(contentsOf: String): AudioPlayer
e: file:///<home>/Desktop/code/moblin-android/app/src/main/java/com/moblin/android/view/settings/scenes/widgets/widget/alerts/WidgetAlertsTextSettingsView.kt:163:39 Assignment type mismatch: actual type is 'Color', but 'RgbColor' was expected.
e: file:///<home>/Desktop/code/moblin-android/app/src/main/java/com/moblin/android/view/settings/scenes/widgets/widget/alerts/WidgetAlertsTextSettingsView.kt:173:41 Assignment type mismatch: actual type is 'Color', but 'RgbColor' was expected.
e: file:///<home>/Desktop/code/moblin-android/app/src/main/java/com/moblin/android/view/settings/scenes/widgets/widget/alerts/WidgetAlertsTwitchSettingsView.kt:100:33 Argument type mismatch: actual type is 'RgbColor', but 'Color' was expected.
e: file:///<home>/Desktop/code/moblin-android/app/src/main/java/com/moblin/android/view/settings/scenes/widgets/widget/alerts/WidgetAlertsTwitchSettingsView.kt:101:35 Argument type mismatch: actual type is 'RgbColor', but 'Color' was expected.
e: file:///<home>/Desktop/code/moblin-android/app/src/main/java/com/moblin/android/view/settings/scenes/widgets/widget/alerts/WidgetAlertsTwitchSettingsView.kt:165:33 Argument type mismatch: actual type is 'RgbColor', but 'Color' was expected.
e: file:///<home>/Desktop/code/moblin-android/app/src/main/java/com/moblin/android/view/settings/scenes/widgets/widget/alerts/WidgetAlertsTwitchSettingsView.kt:166:35 Argument type mismatch: actual type is 'RgbColor', but 'Color' was expected.
e: file:///<home>/Desktop/code/moblin-android/app/src/main/java/com/moblin/android/view/settings/scenes/widgets/widget/alerts/WidgetAlertsTwitchSettingsView.kt:233:33 Argument type mismatch: actual type is 'RgbColor', but 'Color' was expected.
e: file:///<home>/Desktop/code/moblin-android/app/src/main/java/com/moblin/android/view/settings/scenes/widgets/widget/alerts/WidgetAlertsTwitchSettingsView.kt:234:35 Argument type mismatch: actual type is 'RgbColor', but 'Color' was expected.
e: file:///<home>/Desktop/code/moblin-android/app/src/main/java/com/moblin/android/view/settings/scenes/widgets/widget/alerts/WidgetAlertsTwitchSettingsView.kt:382:33 Argument type mismatch: actual type is 'RgbColor', but 'Color' was expected.
e: file:///<home>/Desktop/code/moblin-android/app/src/main/java/com/moblin/android/view/settings/scenes/widgets/widget/alerts/WidgetAlertsTwitchSettingsView.kt:383:35 Argument type mismatch: actual type is 'RgbColor', but 'Color' was expected.
e: file:///<home>/Desktop/code/moblin-android/app/src/main/java/com/moblin/android/view/settings/scenes/widgets/widget/alerts/WidgetAlertsTwitchSettingsView.kt:672:25 Condition type mismatch: inferred type is 'MutableStateFlow<Boolean>' but 'Boolean' was expected.
e: file:///<home>/Desktop/code/moblin-android/app/src/main/java/com/moblin/android/view/settings/scenes/widgets/widget/pomodorotimer/WidgetPomodoroTimerSettingsView.kt:386:25 Argument type mismatch: actual type is 'Double', but 'Float' was expected.
e: file:///<home>/Desktop/code/moblin-android/app/src/main/java/com/moblin/android/view/settings/scenes/widgets/widget/pomodorotimer/WidgetPomodoroTimerSettingsView.kt:387:57 Assignment type mismatch: actual type is 'Float', but 'Double' was expected.
e: file:///<home>/Desktop/code/moblin-android/app/src/main/java/com/moblin/android/view/settings/scenes/widgets/widget/scoreboard/WidgetScoreboardGolfSettingsView.kt:137:51 Argument type mismatch: actual type is 'List<SettingsWidgetGolfScoreboardPlayer>', but 'List<Identifiable<UUID>>' was expected.
e: file:///<home>/Desktop/code/moblin-android/app/src/main/java/com/moblin/android/view/settings/scenes/widgets/widget/text/WidgetTextSettingsView.kt:1720:29 Argument type mismatch: actual type is 'Alignment.Horizontal', but 'SettingsHorizontalAlignment' was expected.
e: file:///<home>/Desktop/code/moblin-android/app/src/main/java/com/moblin/android/view/settings/scenes/widgets/widget/text/WidgetTextSettingsView.kt:1926:55 Argument type mismatch: actual type is 'FontFamily', but 'SettingsFontDesign' was expected.
e: file:///<home>/Desktop/code/moblin-android/app/src/main/java/com/moblin/android/view/settings/scenes/widgets/widget/text/WidgetTextSettingsView.kt:1938:55 Argument type mismatch: actual type is 'FontWeight', but 'SettingsFontWeight' was expected.
e: file:///<home>/Desktop/code/moblin-android/app/src/main/java/com/moblin/android/view/settings/scenes/widgets/widget/wheelofluck/WidgetWheelOfLuckSettingsView.kt:273:41 Argument type mismatch: actual type is 'List<SettingsWidgetWheelOfLuckOption>', but 'List<Identifiable<UUID>>' was expected.
e: file:///<home>/Desktop/code/moblin-android/app/src/main/java/com/moblin/android/view/settings/streamdeck/StreamDeckLayoutSettingsView.kt:81:38 Unresolved reference 'setFunction'.
e: file:///<home>/Desktop/code/moblin-android/app/src/main/java/com/moblin/android/view/settings/streamdeck/StreamDeckLayoutSettingsView.kt:83:42 Unresolved reference 'setFunctionData'.
e: file:///<home>/Desktop/code/moblin-android/app/src/main/java/com/moblin/android/view/settings/streamdeck/StreamDeckLayoutSettingsView.kt:88:30 Unresolved reference 'setText'.
e: file:///<home>/Desktop/code/moblin-android/app/src/main/java/com/moblin/android/view/settings/streamdeck/StreamDeckLayoutSettingsView.kt:92:25 Assignment type mismatch: actual type is 'Int', but 'RgbColor' was expected.
e: file:///<home>/Desktop/code/moblin-android/app/src/main/java/com/moblin/android/view/settings/streamdeck/StreamDeckLayoutSettingsView.kt:262:14 Property delegate must have a 'getValue(Nothing?, KProperty0<*>)' method. None of the following functions is applicable:
fun FloatState.getValue(thisObj: Any?, property: KProperty<*>): Float
fun DoubleState.getValue(thisObj: Any?, property: KProperty<*>): Double
fun IntState.getValue(thisObj: Any?, property: KProperty<*>): Int
fun LongState.getValue(thisObj: Any?, property: KProperty<*>): Long
fun <T> State<T>.getValue(thisObj: Any?, property: KProperty<*>): T
e: file:///<home>/Desktop/code/moblin-android/app/src/main/java/com/moblin/android/view/settings/streamdeck/StreamDeckLayoutSettingsView.kt:262:29 Cannot infer type for this parameter. Specify it explicitly.
e: file:///<home>/Desktop/code/moblin-android/app/src/main/java/com/moblin/android/view/settings/streamdeck/StreamDeckLayoutSettingsView.kt:262:29 Unresolved reference. None of the following candidates is applicable because of a receiver type mismatch:
fun <T> StateFlow<T>.collectAsState(context: CoroutineContext = ...): State<T>
e: file:///<home>/Desktop/code/moblin-android/app/src/main/java/com/moblin/android/view/settings/streamdeck/StreamDeckLayoutSettingsView.kt:274:14 Property delegate must have a 'getValue(Nothing?, KProperty0<*>)' method. None of the following functions is applicable:
fun FloatState.getValue(thisObj: Any?, property: KProperty<*>): Float
fun DoubleState.getValue(thisObj: Any?, property: KProperty<*>): Double
fun IntState.getValue(thisObj: Any?, property: KProperty<*>): Int
fun LongState.getValue(thisObj: Any?, property: KProperty<*>): Long
fun <T> State<T>.getValue(thisObj: Any?, property: KProperty<*>): T
e: file:///<home>/Desktop/code/moblin-android/app/src/main/java/com/moblin/android/view/settings/streamdeck/StreamDeckLayoutSettingsView.kt:274:29 Cannot infer type for this parameter. Specify it explicitly.
e: file:///<home>/Desktop/code/moblin-android/app/src/main/java/com/moblin/android/view/settings/streamdeck/StreamDeckLayoutSettingsView.kt:274:29 Unresolved reference. None of the following candidates is applicable because of a receiver type mismatch:
fun <T> StateFlow<T>.collectAsState(context: CoroutineContext = ...): State<T>
e: file:///<home>/Desktop/code/moblin-android/app/src/main/java/com/moblin/android/view/settings/streamdeck/StreamDeckLayoutSettingsView.kt:295:45 Unresolved reference 'setName'.
e: file:///<home>/Desktop/code/moblin-android/app/src/main/java/com/moblin/android/view/settings/streamdeck/StreamDeckLayoutSettingsView.kt:323:44 Unresolved reference 'setModel'.
e: file:///<home>/Desktop/code/moblin-android/app/src/main/java/com/moblin/android/view/settings/streamdeck/StreamDeckLayoutSettingsView.kt:335:49 Unresolved reference 'setKeys'.
e: file:///<home>/Desktop/code/moblin-android/app/src/main/java/com/moblin/android/view/settings/streamdeck/StreamDeckLayoutSettingsView.kt:341:49 Unresolved reference 'setKeys'.
e: file:///<home>/Desktop/code/moblin-android/app/src/main/java/com/moblin/android/view/settings/streamdeck/StreamDeckLayoutSettingsView.kt:347:49 Unresolved reference 'setKeys'.
e: file:///<home>/Desktop/code/moblin-android/app/src/main/java/com/moblin/android/view/settings/streamdeck/StreamDeckLayoutSettingsView.kt:400:41 Cannot infer type for this parameter. Specify it explicitly.
e: file:///<home>/Desktop/code/moblin-android/app/src/main/java/com/moblin/android/view/settings/streamdeck/StreamDeckLayoutSettingsView.kt:400:41 Unresolved reference. None of the following candidates is applicable because of a receiver type mismatch:
fun <T> StateFlow<T>.collectAsState(context: CoroutineContext = ...): State<T>
e: file:///<home>/Desktop/code/moblin-android/app/src/main/java/com/moblin/android/view/settings/streamdeck/StreamDeckLayoutSettingsView.kt:425:45 Unresolved reference 'setSelectedId'.
e: file:///<home>/Desktop/code/moblin-android/app/src/main/java/com/moblin/android/view/settings/streamdeck/StreamDeckLayoutSettingsView.kt:432:59 Cannot infer type for this parameter. Specify it explicitly.
e: file:///<home>/Desktop/code/moblin-android/app/src/main/java/com/moblin/android/view/settings/streamdeck/StreamDeckLayoutSettingsView.kt:432:59 Unresolved reference. None of the following candidates is applicable because of a receiver type mismatch:
fun <T> StateFlow<T>.collectAsState(context: CoroutineContext = ...): State<T>
e: file:///<home>/Desktop/code/moblin-android/app/src/main/java/com/moblin/android/view/settings/streamdeck/StreamDeckLayoutSettingsView.kt:434:49 Unresolved reference 'setSelectedId'.
e: file:///<home>/Desktop/code/moblin-android/app/src/main/java/com/moblin/android/view/settings/streamdeck/StreamDeckLayoutSettingsView.kt:465:45 Unresolved reference 'setLayouts'.
e: file:///<home>/Desktop/code/moblin-android/app/src/main/java/com/moblin/android/view/settings/streamdeck/StreamDeckLayoutSettingsView.kt:477:45 Unresolved reference 'setLayouts'.
e: file:///<home>/Desktop/code/moblin-android/app/src/main/java/com/moblin/android/view/settings/streamdeck/StreamDeckLayoutSettingsView.kt:485:41 Unresolved reference 'setLayouts'.
e: file:///<home>/Desktop/code/moblin-android/app/src/main/java/com/moblin/android/view/settings/streamdeck/StreamDeckLayoutSettingsView.kt:498:32 Unresolved reference 'setName'.
e: file:///<home>/Desktop/code/moblin-android/app/src/main/java/com/moblin/android/view/settings/streamdeck/StreamDeckLayoutSettingsView.kt:504:33 Unresolved reference 'setLayouts'.
e: file:///<home>/Desktop/code/moblin-android/app/src/main/java/com/moblin/android/view/settings/streaminghistory/StreamingHistorySettingsView.kt:54:18 Unresolved reference. None of the following candidates is applicable because of a receiver type mismatch:
fun Long.formatBytes(): String
e: file:///<home>/Desktop/code/moblin-android/app/src/main/java/com/moblin/android/view/settings/streams/stream/wizard/StreamWizardGeneralSettingsView.kt:74:48 Unresolved reference 'WizardPlatform'.
e: file:///<home>/Desktop/code/moblin-android/app/src/main/java/com/moblin/android/view/settings/streams/stream/wizard/platform/StreamWizardKickSettingsView.kt:132:39 Unresolved reference 'WizardPlatform'.
e: file:///<home>/Desktop/code/moblin-android/app/src/main/java/com/moblin/android/view/settings/streams/stream/youtube/StreamYouTubeSettingsView.kt:693:15 Unresolved reference 'lastTokenResponse'.
e: file:///<home>/Desktop/code/moblin-android/app/src/main/java/com/moblin/android/view/settings/tesla/TeslaVehicleScannerSettingsView.kt:21:46 Unresolved reference 'discoveredPeripherals'.
e: file:///<home>/Desktop/code/moblin-android/app/src/main/java/com/moblin/android/view/settings/tesla/TeslaVehicleScannerSettingsView.kt:22:46 Unresolved reference 'startScanningForDevices'.
e: file:///<home>/Desktop/code/moblin-android/app/src/main/java/com/moblin/android/view/settings/tesla/TeslaVehicleScannerSettingsView.kt:23:46 Unresolved reference 'stopScanningForDevices'.
e: file:///<home>/Desktop/code/moblin-android/app/src/main/java/com/moblin/android/view/settings/tesla/TeslaVehicleScannerSettingsView.kt:39:21 Property delegate must have a 'getValue(Nothing?, KProperty0<ERROR CLASS: Cannot infer argument for type parameter T>)' method. None of the following functions is applicable:
fun <T> State<T>.getValue(thisObj: Any?, property: KProperty<*>): T
e: file:///<home>/Desktop/code/moblin-android/app/src/main/java/com/moblin/android/view/settings/tesla/TeslaVehicleScannerSettingsView.kt:39:24 Unresolved reference 'discoveredPeripherals'.
e: file:///<home>/Desktop/code/moblin-android/app/src/main/java/com/moblin/android/view/settings/tesla/TeslaVehicleScannerSettingsView.kt:39:24 Cannot infer type for this parameter. Specify it explicitly.
e: file:///<home>/Desktop/code/moblin-android/app/src/main/java/com/moblin/android/view/settings/tesla/TeslaVehicleScannerSettingsView.kt:39:46 Cannot infer type for this parameter. Specify it explicitly.
e: file:///<home>/Desktop/code/moblin-android/app/src/main/java/com/moblin/android/view/settings/tesla/TeslaVehicleScannerSettingsView.kt:43:9 Unresolved reference 'startScanningForDevices'.
e: file:///<home>/Desktop/code/moblin-android/app/src/main/java/com/moblin/android/view/settings/tesla/TeslaVehicleScannerSettingsView.kt:47:13 Unresolved reference 'stopScanningForDevices'.
e: file:///<home>/Desktop/code/moblin-android/app/src/main/java/com/moblin/android/view/settings/tesla/TeslaVehicleScannerSettingsView.kt:76:47 Cannot infer type for this parameter. Specify it explicitly.
e: file:///<home>/Desktop/code/moblin-android/app/src/main/java/com/moblin/android/view/settings/tesla/TeslaVehicleScannerSettingsView.kt:78:45 Unresolved reference 'address'.
e: file:///<home>/Desktop/code/moblin-android/app/src/main/java/com/moblin/android/view/settings/tesla/TeslaVehicleScannerSettingsView.kt:79:47 Unresolved reference 'name'.
e: file:///<home>/Desktop/code/moblin-android/app/src/main/java/com/moblin/android/view/settings/tesla/TeslaVehicleScannerSettingsView.kt:82:21 Cannot infer type for this parameter. Specify it explicitly.
e: file:///<home>/Desktop/code/moblin-android/app/src/main/java/com/moblin/android/view/settings/tesla/TeslaVehicleScannerSettingsView.kt:83:21 @Composable invocations can only happen from the context of a @Composable function
e: file:///<home>/Desktop/code/moblin-android/app/src/main/java/com/moblin/android/view/settings/tesla/TeslaVehicleScannerSettingsView.kt:85:43 Unresolved reference 'id'.
e: file:///<home>/Desktop/code/moblin-android/app/src/main/java/com/moblin/android/view/settings/tesla/TeslaVehicleScannerSettingsView.kt:89:35 Unresolved reference 'text'.
e: file:///<home>/Desktop/code/moblin-android/app/src/main/java/com/moblin/android/view/settings/workoutdevices/WorkoutDeviceSettingsView.kt:115:31 Unresolved reference 'identifier'.
e: file:///<home>/Desktop/code/moblin-android/app/src/main/java/com/moblin/android/view/stream/DrawOnStreamView.kt:82:60 Cannot infer type for this parameter. Specify it explicitly.
e: file:///<home>/Desktop/code/moblin-android/app/src/main/java/com/moblin/android/view/stream/DrawOnStreamView.kt:82:60 Unresolved reference. None of the following candidates is applicable because of a receiver type mismatch:
fun <T> Collection<T>.toMutableList(): MutableList<T>
e: file:///<home>/Desktop/code/moblin-android/app/src/main/java/com/moblin/android/view/stream/DrawOnStreamView.kt:83:59 Unresolved reference 'copy'.
e: file:///<home>/Desktop/code/moblin-android/app/src/main/java/com/moblin/android/view/stream/DrawOnStreamView.kt:84:52 Unresolved reference 'points'.
e: file:///<home>/Desktop/code/moblin-android/app/src/main/java/com/moblin/android/view/stream/DrawOnStreamView.kt:96:34 Function invocation 'width(...)' expected.
e: file:///<home>/Desktop/code/moblin-android/app/src/main/java/com/moblin/android/view/stream/DrawOnStreamView.kt:97:26 Unresolved reference 'points'.
e: file:///<home>/Desktop/code/moblin-android/app/src/main/java/com/moblin/android/view/stream/DrawOnStreamView.kt:97:38 'operator' modifier is required on 'FirNamedFunctionSymbol kotlin/compareTo' in 'compareTo'.
e: file:///<home>/Desktop/code/moblin-android/app/src/main/java/com/moblin/android/view/stream/DrawOnStreamView.kt:99:60 Unresolved reference 'points'.
e: file:///<home>/Desktop/code/moblin-android/app/src/main/java/com/moblin/android/view/stream/DrawOnStreamView.kt:100:38 Unresolved reference 'color'.
e: file:///<home>/Desktop/code/moblin-android/app/src/main/java/com/moblin/android/view/stream/DrawOnStreamView.kt:104:33 Cannot infer type for this parameter. Specify it explicitly.
e: file:///<home>/Desktop/code/moblin-android/app/src/main/java/com/moblin/android/view/stream/DrawOnStreamView.kt:104:38 Unresolved reference 'points'.
e: file:///<home>/Desktop/code/moblin-android/app/src/main/java/com/moblin/android/view/stream/DrawOnStreamView.kt:106:38 Unresolved reference 'color'.
e: file:///<home>/Desktop/code/moblin-android/app/src/main/java/com/moblin/android/view/stream/DrawOnStreamView.kt:133:23 Property delegate must have a 'getValue(Nothing?, KProperty0<ERROR CLASS: Cannot infer argument for type parameter T>)' method. None of the following functions is applicable:
fun <T> State<T>.getValue(thisObj: Any?, property: KProperty<*>): T
e: file:///<home>/Desktop/code/moblin-android/app/src/main/java/com/moblin/android/view/stream/DrawOnStreamView.kt:133:26 Cannot infer type for this parameter. Specify it explicitly.
e: file:///<home>/Desktop/code/moblin-android/app/src/main/java/com/moblin/android/view/stream/DrawOnStreamView.kt:133:26 Not enough information to infer type argument for 'T'.
e: file:///<home>/Desktop/code/moblin-android/app/src/main/java/com/moblin/android/view/stream/DrawOnStreamView.kt:133:53 Cannot infer type for this parameter. Specify it explicitly.
e: file:///<home>/Desktop/code/moblin-android/app/src/main/java/com/moblin/android/view/stream/DrawOnStreamView.kt:133:53 Not enough information to infer type argument for 'T'.
e: file:///<home>/Desktop/code/moblin-android/app/src/main/java/com/moblin/android/view/stream/DrawOnStreamView.kt:148:52 Cannot infer type for this parameter. Specify it explicitly.
e: file:///<home>/Desktop/code/moblin-android/app/src/main/java/com/moblin/android/view/stream/DrawOnStreamView.kt:148:52 Not enough information to infer type argument for 'T'.
e: file:///<home>/Desktop/code/moblin-android/app/src/main/java/com/moblin/android/view/stream/DrawOnStreamView.kt:150:37 Cannot infer type for this parameter. Specify it explicitly.
e: file:///<home>/Desktop/code/moblin-android/app/src/main/java/com/moblin/android/view/stream/DrawOnStreamView.kt:150:37 Unresolved reference. None of the following candidates is applicable because of a receiver type mismatch:
fun <T> Collection<T>.isNotEmpty(): Boolean
e: file:///<home>/Desktop/code/moblin-android/app/src/main/java/com/moblin/android/view/stream/DrawOnStreamView.kt:161:77 Cannot infer type for this parameter. Specify it explicitly.
e: file:///<home>/Desktop/code/moblin-android/app/src/main/java/com/moblin/android/view/stream/DrawOnStreamView.kt:161:77 Unresolved reference. None of the following candidates is applicable because of a receiver type mismatch:
fun <T> List<T>.dropLast(n: Int): List<T>
e: file:///<home>/Desktop/code/moblin-android/app/src/main/java/com/moblin/android/view/stream/DrawOnStreamView.kt:161:89 Cannot infer type for this parameter. Specify it explicitly.
e: file:///<home>/Desktop/code/moblin-android/app/src/main/java/com/moblin/android/view/stream/DrawOnStreamView.kt:161:89 Not enough information to infer type argument for 'T'.
e: file:///<home>/Desktop/code/moblin-android/app/src/main/java/com/moblin/android/view/stream/DrawOnStreamView.kt:163:37 Cannot infer type for this parameter. Specify it explicitly.
e: file:///<home>/Desktop/code/moblin-android/app/src/main/java/com/moblin/android/view/stream/DrawOnStreamView.kt:163:37 Unresolved reference. None of the following candidates is applicable because of a receiver type mismatch:
fun <T> Collection<T>.isNotEmpty(): Boolean
e: file:///<home>/Desktop/code/moblin-android/app/src/main/java/com/moblin/android/view/stream/StreamViewLayout.kt:60:49 Unresolved reference 'aspectRatio'.
e: file:///<home>/Desktop/code/moblin-android/app/src/main/java/com/moblin/android/view/stream/overlay/StreamOverlayChatView.kt:74:69 Unresolved reference 'color'.
e: file:///<home>/Desktop/code/moblin-android/app/src/main/java/com/moblin/android/view/stream/overlay/StreamOverlayChatView.kt:77:34 Unresolved reference 'color'.
e: file:///<home>/Desktop/code/moblin-android/app/src/main/java/com/moblin/android/view/stream/overlay/StreamOverlayChatView.kt:81:78 Unresolved reference 'color'.
e: file:///<home>/Desktop/code/moblin-android/app/src/main/java/com/moblin/android/view/stream/overlay/StreamOverlayChatView.kt:82:42 Unresolved reference 'color'.
e: file:///<home>/Desktop/code/moblin-android/app/src/main/java/com/moblin/android/view/stream/overlay/StreamOverlayLeftView.kt:36:41 Unresolved reference 'Database'.
e: file:///<home>/Desktop/code/moblin-android/app/src/main/java/com/moblin/android/view/stream/overlay/StreamOverlayLeftView.kt:116:17 'when' expression must be exhaustive. Add the 'is live', 'offline', 'unknown' branches or an 'else' branch.
e: file:///<home>/Desktop/code/moblin-android/app/src/main/java/com/moblin/android/view/stream/overlay/StreamOverlayLeftView.kt:117:48 Unresolved reference 'Status'.
e: file:///<home>/Desktop/code/moblin-android/app/src/main/java/com/moblin/android/view/stream/overlay/StreamOverlayLeftView.kt:118:70 Unresolved reference 'viewerCount'.
e: file:///<home>/Desktop/code/moblin-android/app/src/main/java/com/moblin/android/view/stream/overlay/StreamOverlayLeftView.kt:122:45 Unresolved reference 'Status'.
e: file:///<home>/Desktop/code/moblin-android/app/src/main/java/com/moblin/android/view/stream/overlay/StreamOverlayLeftView.kt:124:39 Unresolved reference 'Orange'.
e: file:///<home>/Desktop/code/moblin-android/app/src/main/java/com/moblin/android/view/stream/overlay/StreamOverlayLeftView.kt:127:45 Unresolved reference 'Status'.
e: file:///<home>/Desktop/code/moblin-android/app/src/main/java/com/moblin/android/view/stream/overlay/StreamOverlayLeftView.kt:212:22 Unresolved reference 'isRemoteControlChatAndEvents'.
e: file:///<home>/Desktop/code/moblin-android/app/src/main/java/com/moblin/android/view/stream/overlay/StreamOverlayLeftView.kt:213:19 Unresolved reference 'isRemoteControlStreamerConnected'.
e: file:///<home>/Desktop/code/moblin-android/app/src/main/java/com/moblin/android/view/stream/overlay/StreamOverlayLeftView.kt:226:23 Unresolved reference 'isChatConfigured'.
e: file:///<home>/Desktop/code/moblin-android/app/src/main/java/com/moblin/android/view/stream/overlay/StreamOverlayLeftView.kt:228:22 Unresolved reference 'isRemoteControlChatAndEvents'.
e: file:///<home>/Desktop/code/moblin-android/app/src/main/java/com/moblin/android/view/stream/overlay/StreamOverlayLeftView.kt:229:19 Unresolved reference 'isRemoteControlStreamerConnected'.
e: file:///<home>/Desktop/code/moblin-android/app/src/main/java/com/moblin/android/view/stream/overlay/StreamOverlayLeftView.kt:234:22 Unresolved reference 'isChatConnected'.
e: file:///<home>/Desktop/code/moblin-android/app/src/main/java/com/moblin/android/view/stream/overlay/StreamOverlayLeftView.kt:234:49 Unresolved reference 'hasChatEmotes'.
e: file:///<home>/Desktop/code/moblin-android/app/src/main/java/com/moblin/android/view/stream/overlay/StreamOverlayLeftView.kt:242:23 Unresolved reference 'isObsRemoteControlConfigured'.
e: file:///<home>/Desktop/code/moblin-android/app/src/main/java/com/moblin/android/view/stream/overlay/StreamOverlayLeftView.kt:244:22 Unresolved reference 'isObsConnected'.
e: file:///<home>/Desktop/code/moblin-android/app/src/main/java/com/moblin/android/view/stream/overlay/StreamOverlayLeftView.kt:265:15 Unresolved reference 'isShowingStatusStream'.
e: file:///<home>/Desktop/code/moblin-android/app/src/main/java/com/moblin/android/view/stream/overlay/StreamOverlayLeftView.kt:282:60 Unresolved reference 'hide'.
e: file:///<home>/Desktop/code/moblin-android/app/src/main/java/com/moblin/android/view/stream/overlay/StreamOverlayLeftView.kt:282:74 Unresolved reference 'isShowingStatusZoom'.
e: file:///<home>/Desktop/code/moblin-android/app/src/main/java/com/moblin/android/view/stream/overlay/StreamOverlayLeftView.kt:285:15 Unresolved reference 'isShowingStatusObs'.
e: file:///<home>/Desktop/code/moblin-android/app/src/main/java/com/moblin/android/view/stream/overlay/StreamOverlayLeftView.kt:301:15 Unresolved reference 'isShowingStatusChat'.
e: file:///<home>/Desktop/code/moblin-android/app/src/main/java/com/moblin/android/view/stream/overlay/StreamOverlayLeftView.kt:302:64 Unresolved reference 'hide'.
e: file:///<home>/Desktop/code/moblin-android/app/src/main/java/com/moblin/android/view/stream/overlay/StreamOverlayLeftView.kt:314:64 Unresolved reference 'hide'.
e: file:///<home>/Desktop/code/moblin-android/app/src/main/java/com/moblin/android/view/stream/overlay/StreamOverlayLeftView.kt:323:66 Unresolved reference 'Database'.
e: file:///<home>/Desktop/code/moblin-android/app/src/main/java/com/moblin/android/view/stream/overlay/StreamOverlayLeftView.kt:324:25 Property delegate must have a 'getValue(Nothing?, KProperty0<ERROR CLASS: Cannot infer argument for type parameter T>)' method. None of the following functions is applicable:
fun <T> State<T>.getValue(thisObj: Any?, property: KProperty<*>): T
e: file:///<home>/Desktop/code/moblin-android/app/src/main/java/com/moblin/android/view/stream/overlay/StreamOverlayLeftView.kt:324:28 Cannot infer type for this parameter. Specify it explicitly.
e: file:///<home>/Desktop/code/moblin-android/app/src/main/java/com/moblin/android/view/stream/overlay/StreamOverlayLeftView.kt:324:37 Unresolved reference 'verboseStatuses'.
e: file:///<home>/Desktop/code/moblin-android/app/src/main/java/com/moblin/android/view/stream/overlay/StreamOverlayLeftView.kt:324:53 Cannot infer type for this parameter. Specify it explicitly.
e: file:///<home>/Desktop/code/moblin-android/app/src/main/java/com/moblin/android/view/stream/overlay/StreamOverlayLeftView.kt:339:37 Unresolved reference 'show'.
e: file:///<home>/Desktop/code/moblin-android/app/src/main/java/com/moblin/android/view/stream/overlay/StreamOverlayLeftView.kt:342:71 Unresolved reference 'afterIcon'.
e: file:///<home>/Desktop/code/moblin-android/app/src/main/java/com/moblin/android/view/stream/overlay/StreamOverlayLeftView.kt:348:41 Unresolved reference 'show'.
e: file:///<home>/Desktop/code/moblin-android/app/src/main/java/com/moblin/android/view/stream/overlay/StreamOverlayLeftView.kt:351:75 Unresolved reference 'hide'.
e: file:///<home>/Desktop/code/moblin-android/app/src/main/java/com/moblin/android/view/stream/overlay/StreamOverlayNavigationView.kt:268:50 Unresolved reference 'value'.
e: file:///<home>/Desktop/code/moblin-android/app/src/main/java/com/moblin/android/view/stream/overlay/StreamOverlayRightView.kt:34:41 Unresolved reference 'Database'.
e: file:///<home>/Desktop/code/moblin-android/app/src/main/java/com/moblin/android/view/stream/overlay/StreamOverlayRightView.kt:45:44 Unresolved reference 'BlackSharkCoolerDeviceState'.
e: file:///<home>/Desktop/code/moblin-android/app/src/main/java/com/moblin/android/view/stream/overlay/StreamOverlayRightView.kt:110:64 Unresolved reference 'hide'.
e: file:///<home>/Desktop/code/moblin-android/app/src/main/java/com/moblin/android/view/stream/overlay/StreamOverlayRightView.kt:182:64 Unresolved reference 'hide'.
e: file:///<home>/Desktop/code/moblin-android/app/src/main/java/com/moblin/android/view/stream/overlay/StreamOverlayRightView.kt:237:64 Unresolved reference 'hide'.
e: file:///<home>/Desktop/code/moblin-android/app/src/main/java/com/moblin/android/view/stream/overlay/StreamOverlayRightView.kt:253:21 Property delegate must have a 'getValue(Nothing?, KProperty0<*>)' method. None of the following functions is applicable:
fun FloatState.getValue(thisObj: Any?, property: KProperty<*>): Float
fun DoubleState.getValue(thisObj: Any?, property: KProperty<*>): Double
fun IntState.getValue(thisObj: Any?, property: KProperty<*>): Int
fun LongState.getValue(thisObj: Any?, property: KProperty<*>): Long
fun <T> State<T>.getValue(thisObj: Any?, property: KProperty<*>): T
e: file:///<home>/Desktop/code/moblin-android/app/src/main/java/com/moblin/android/view/stream/overlay/StreamOverlayRightView.kt:253:42 Cannot infer type for this parameter. Specify it explicitly.
e: file:///<home>/Desktop/code/moblin-android/app/src/main/java/com/moblin/android/view/stream/overlay/StreamOverlayRightView.kt:253:42 Unresolved reference. None of the following candidates is applicable because of a receiver type mismatch:
fun <T> StateFlow<T>.collectAsState(context: CoroutineContext = ...): State<T>
e: file:///<home>/Desktop/code/moblin-android/app/src/main/java/com/moblin/android/view/stream/overlay/StreamOverlayRightView.kt:254:22 Unresolved reference 'isStreaming'.
e: file:///<home>/Desktop/code/moblin-android/app/src/main/java/com/moblin/android/view/stream/overlay/StreamOverlayRightView.kt:255:9 'when' expression must be exhaustive. Add an 'else' branch.
e: file:///<home>/Desktop/code/moblin-android/app/src/main/java/com/moblin/android/view/stream/overlay/StreamOverlayRightView.kt:291:64 Unresolved reference 'hide'.
e: file:///<home>/Desktop/code/moblin-android/app/src/main/java/com/moblin/android/view/stream/overlay/StreamOverlayRightView.kt:337:19 Unresolved reference 'isMoblinkRelayConfigured'.
e: file:///<home>/Desktop/code/moblin-android/app/src/main/java/com/moblin/android/view/stream/overlay/StreamOverlayRightView.kt:337:56 Unresolved reference 'areMoblinkRelaysOk'.
e: file:///<home>/Desktop/code/moblin-android/app/src/main/java/com/moblin/android/view/stream/overlay/StreamOverlayRightView.kt:376:15 Unresolved reference 'isShowingStatusRemoteControl'.
e: file:///<home>/Desktop/code/moblin-android/app/src/main/java/com/moblin/android/view/stream/overlay/StreamOverlayRightView.kt:412:15 Unresolved reference 'isShowingStatusGameController'.
e: file:///<home>/Desktop/code/moblin-android/app/src/main/java/com/moblin/android/view/stream/overlay/StreamOverlayRightView.kt:449:15 Unresolved reference 'isShowingStatusLocation'.
e: file:///<home>/Desktop/code/moblin-android/app/src/main/java/com/moblin/android/view/stream/overlay/StreamOverlayRightView.kt:465:16 Property delegate must have a 'getValue(Nothing?, KProperty0<*>)' method. None of the following functions is applicable:
fun FloatState.getValue(thisObj: Any?, property: KProperty<*>): Float
fun DoubleState.getValue(thisObj: Any?, property: KProperty<*>): Double
fun IntState.getValue(thisObj: Any?, property: KProperty<*>): Int
fun LongState.getValue(thisObj: Any?, property: KProperty<*>): Long
fun <T> State<T>.getValue(thisObj: Any?, property: KProperty<*>): T
e: file:///<home>/Desktop/code/moblin-android/app/src/main/java/com/moblin/android/view/stream/overlay/StreamOverlayRightView.kt:465:36 Cannot infer type for this parameter. Specify it explicitly.
e: file:///<home>/Desktop/code/moblin-android/app/src/main/java/com/moblin/android/view/stream/overlay/StreamOverlayRightView.kt:465:36 Unresolved reference. None of the following candidates is applicable because of a receiver type mismatch:
fun <T> StateFlow<T>.collectAsState(context: CoroutineContext = ...): State<T>
e: file:///<home>/Desktop/code/moblin-android/app/src/main/java/com/moblin/android/view/stream/overlay/StreamOverlayRightView.kt:466:15 Unresolved reference 'isShowingStatusRecording'.
e: file:///<home>/Desktop/code/moblin-android/app/src/main/java/com/moblin/android/view/stream/overlay/StreamOverlayRightView.kt:502:19 Unresolved reference 'isAnyCatPrinterConfigured'.
e: file:///<home>/Desktop/code/moblin-android/app/src/main/java/com/moblin/android/view/stream/overlay/StreamOverlayRightView.kt:502:57 Unresolved reference 'areAllCatPrintersConnected'.
e: file:///<home>/Desktop/code/moblin-android/app/src/main/java/com/moblin/android/view/stream/overlay/StreamOverlayRightView.kt:528:19 Unresolved reference 'isAnyWorkoutDeviceConfigured'.
e: file:///<home>/Desktop/code/moblin-android/app/src/main/java/com/moblin/android/view/stream/overlay/StreamOverlayRightView.kt:528:60 Unresolved reference 'areAllWorkoutDevicesConnected'.
e: file:///<home>/Desktop/code/moblin-android/app/src/main/java/com/moblin/android/view/stream/overlay/StreamOverlayRightView.kt:570:40 Unresolved reference 'BlackSharkCoolerDeviceState'.
e: file:///<home>/Desktop/code/moblin-android/app/src/main/java/com/moblin/android/view/stream/overlay/StreamOverlayRightView.kt:584:14 Property delegate must have a 'getValue(Nothing?, KProperty0<*>)' method. None of the following functions is applicable:
fun FloatState.getValue(thisObj: Any?, property: KProperty<*>): Float
fun DoubleState.getValue(thisObj: Any?, property: KProperty<*>): Double
fun IntState.getValue(thisObj: Any?, property: KProperty<*>): Int
fun LongState.getValue(thisObj: Any?, property: KProperty<*>): Long
fun <T> State<T>.getValue(thisObj: Any?, property: KProperty<*>): T
e: file:///<home>/Desktop/code/moblin-android/app/src/main/java/com/moblin/android/view/stream/overlay/StreamOverlayRightView.kt:584:40 Cannot infer type for this parameter. Specify it explicitly.
e: file:///<home>/Desktop/code/moblin-android/app/src/main/java/com/moblin/android/view/stream/overlay/StreamOverlayRightView.kt:584:40 Unresolved reference. None of the following candidates is applicable because of a receiver type mismatch:
fun <T> StateFlow<T>.collectAsState(context: CoroutineContext = ...): State<T>
e: file:///<home>/Desktop/code/moblin-android/app/src/main/java/com/moblin/android/view/stream/overlay/StreamOverlayRightView.kt:597:19 Property delegate must have a 'getValue(Nothing?, KProperty0<*>)' method. None of the following functions is applicable:
fun FloatState.getValue(thisObj: Any?, property: KProperty<*>): Float
fun DoubleState.getValue(thisObj: Any?, property: KProperty<*>): Double
fun IntState.getValue(thisObj: Any?, property: KProperty<*>): Int
fun LongState.getValue(thisObj: Any?, property: KProperty<*>): Long
fun <T> State<T>.getValue(thisObj: Any?, property: KProperty<*>): T
e: file:///<home>/Desktop/code/moblin-android/app/src/main/java/com/moblin/android/view/stream/overlay/StreamOverlayRightView.kt:597:51 Cannot infer type for this parameter. Specify it explicitly.
e: file:///<home>/Desktop/code/moblin-android/app/src/main/java/com/moblin/android/view/stream/overlay/StreamOverlayRightView.kt:597:51 Unresolved reference. None of the following candidates is applicable because of a receiver type mismatch:
fun <T> StateFlow<T>.collectAsState(context: CoroutineContext = ...): State<T>
e: file:///<home>/Desktop/code/moblin-android/app/src/main/java/com/moblin/android/view/stream/overlay/StreamOverlayRightView.kt:598:20 Property delegate must have a 'getValue(Nothing?, KProperty0<*>)' method. None of the following functions is applicable:
fun FloatState.getValue(thisObj: Any?, property: KProperty<*>): Float
fun DoubleState.getValue(thisObj: Any?, property: KProperty<*>): Double
fun IntState.getValue(thisObj: Any?, property: KProperty<*>): Int
fun LongState.getValue(thisObj: Any?, property: KProperty<*>): Long
fun <T> State<T>.getValue(thisObj: Any?, property: KProperty<*>): T
e: file:///<home>/Desktop/code/moblin-android/app/src/main/java/com/moblin/android/view/stream/overlay/StreamOverlayRightView.kt:598:53 Cannot infer type for this parameter. Specify it explicitly.
e: file:///<home>/Desktop/code/moblin-android/app/src/main/java/com/moblin/android/view/stream/overlay/StreamOverlayRightView.kt:598:53 Unresolved reference. None of the following candidates is applicable because of a receiver type mismatch:
fun <T> StateFlow<T>.collectAsState(context: CoroutineContext = ...): State<T>
e: file:///<home>/Desktop/code/moblin-android/app/src/main/java/com/moblin/android/view/stream/overlay/StreamOverlayRightView.kt:599:53 Unresolved reference 'it'.
e: file:///<home>/Desktop/code/moblin-android/app/src/main/java/com/moblin/android/view/stream/overlay/StreamOverlayRightView.kt:602:33 Argument type mismatch: actual type is 'Any', but 'SettingsAutoSceneSwitcher' was expected.
e: file:///<home>/Desktop/code/moblin-android/app/src/main/java/com/moblin/android/view/stream/overlay/StreamOverlayRightView.kt:669:31 Unresolved reference 'replay'.
e: file:///<home>/Desktop/code/moblin-android/app/src/main/java/com/moblin/android/view/stream/overlay/StreamOverlayRightView.kt:724:97 Unresolved reference 'hide'.
e: file:///<home>/Desktop/code/moblin-android/app/src/main/java/com/moblin/android/view/stream/overlay/StreamOverlayRightView.kt:732:15 Unresolved reference 'Database'.
e: file:///<home>/Desktop/code/moblin-android/app/src/main/java/com/moblin/android/view/stream/overlay/StreamOverlayRightView.kt:735:28 Property delegate must have a 'getValue(Nothing?, KProperty0<ERROR CLASS: Cannot infer argument for type parameter T>)' method. None of the following functions is applicable:
fun <T> State<T>.getValue(thisObj: Any?, property: KProperty<*>): T
e: file:///<home>/Desktop/code/moblin-android/app/src/main/java/com/moblin/android/view/stream/overlay/StreamOverlayRightView.kt:735:31 Cannot infer type for this parameter. Specify it explicitly.
e: file:///<home>/Desktop/code/moblin-android/app/src/main/java/com/moblin/android/view/stream/overlay/StreamOverlayRightView.kt:735:40 Unresolved reference 'bigAudioLevelMeter'.
e: file:///<home>/Desktop/code/moblin-android/app/src/main/java/com/moblin/android/view/stream/overlay/StreamOverlayRightView.kt:735:59 Cannot infer type for this parameter. Specify it explicitly.
e: file:///<home>/Desktop/code/moblin-android/app/src/main/java/com/moblin/android/view/stream/overlay/StreamOverlayRightView.kt:742:70 Unresolved reference 'Database'.
e: file:///<home>/Desktop/code/moblin-android/app/src/main/java/com/moblin/android/view/stream/overlay/StreamOverlayRightView.kt:743:25 Property delegate must have a 'getValue(Nothing?, KProperty0<ERROR CLASS: Cannot infer argument for type parameter T>)' method. None of the following functions is applicable:
fun <T> State<T>.getValue(thisObj: Any?, property: KProperty<*>): T
e: file:///<home>/Desktop/code/moblin-android/app/src/main/java/com/moblin/android/view/stream/overlay/StreamOverlayRightView.kt:743:28 Cannot infer type for this parameter. Specify it explicitly.
e: file:///<home>/Desktop/code/moblin-android/app/src/main/java/com/moblin/android/view/stream/overlay/StreamOverlayRightView.kt:743:37 Unresolved reference 'verboseStatuses'.
e: file:///<home>/Desktop/code/moblin-android/app/src/main/java/com/moblin/android/view/stream/overlay/StreamOverlayRightView.kt:743:53 Cannot infer type for this parameter. Specify it explicitly.
e: file:///<home>/Desktop/code/moblin-android/app/src/main/java/com/moblin/android/view/stream/overlay/StreamOverlayRightView.kt:756:79 Unresolved reference 'show'.
e: file:///<home>/Desktop/code/moblin-android/app/src/main/java/com/moblin/android/view/stream/overlay/StreamOverlayRightView.kt:758:37 Unresolved reference 'show'.
e: file:///<home>/Desktop/code/moblin-android/app/src/main/java/com/moblin/android/view/stream/overlay/StreamOverlayRightView.kt:760:71 Unresolved reference 'beforeIcon'.
e: file:///<home>/Desktop/code/moblin-android/app/src/main/java/com/moblin/android/view/stream/overlay/StreamOverlayRightView.kt:768:41 Unresolved reference 'show'.
e: file:///<home>/Desktop/code/moblin-android/app/src/main/java/com/moblin/android/view/stream/overlay/StreamOverlayRightView.kt:770:75 Unresolved reference 'hide'.
e: file:///<home>/Desktop/code/moblin-android/app/src/main/java/com/moblin/android/view/stream/overlay/StreamOverlayRightView.kt:782:15 Unresolved reference 'Database'.
e: file:///<home>/Desktop/code/moblin-android/app/src/main/java/com/moblin/android/view/stream/overlay/StreamOverlayRightView.kt:795:21 Property delegate must have a 'getValue(Nothing?, KProperty0<*>)' method. None of the following functions is applicable:
fun FloatState.getValue(thisObj: Any?, property: KProperty<*>): Float
fun DoubleState.getValue(thisObj: Any?, property: KProperty<*>): Double
fun IntState.getValue(thisObj: Any?, property: KProperty<*>): Int
fun LongState.getValue(thisObj: Any?, property: KProperty<*>): Long
fun <T> State<T>.getValue(thisObj: Any?, property: KProperty<*>): T
e: file:///<home>/Desktop/code/moblin-android/app/src/main/java/com/moblin/android/view/stream/overlay/StreamOverlayRightView.kt:795:41 Cannot infer type for this parameter. Specify it explicitly.
e: file:///<home>/Desktop/code/moblin-android/app/src/main/java/com/moblin/android/view/stream/overlay/StreamOverlayRightView.kt:795:41 Unresolved reference. None of the following candidates is applicable because of a receiver type mismatch:
fun <T> StateFlow<T>.collectAsState(context: CoroutineContext = ...): State<T>
e: file:///<home>/Desktop/code/moblin-android/app/src/main/java/com/moblin/android/view/stream/overlay/StreamOverlayRightView.kt:803:75 Unresolved reference 'face'.
e: file:///<home>/Desktop/code/moblin-android/app/src/main/java/com/moblin/android/view/stream/overlay/StreamOverlayRightView.kt:843:15 Unresolved reference 'Database'.
e: file:///<home>/Desktop/code/moblin-android/app/src/main/java/com/moblin/android/view/stream/overlay/StreamOverlayRightView.kt:856:21 Property delegate must have a 'getValue(Nothing?, KProperty0<*>)' method. None of the following functions is applicable:
fun FloatState.getValue(thisObj: Any?, property: KProperty<*>): Float
fun DoubleState.getValue(thisObj: Any?, property: KProperty<*>): Double
fun IntState.getValue(thisObj: Any?, property: KProperty<*>): Int
fun LongState.getValue(thisObj: Any?, property: KProperty<*>): Long
fun <T> State<T>.getValue(thisObj: Any?, property: KProperty<*>): T
e: file:///<home>/Desktop/code/moblin-android/app/src/main/java/com/moblin/android/view/stream/overlay/StreamOverlayRightView.kt:856:41 Cannot infer type for this parameter. Specify it explicitly.
e: file:///<home>/Desktop/code/moblin-android/app/src/main/java/com/moblin/android/view/stream/overlay/StreamOverlayRightView.kt:856:41 Unresolved reference. None of the following candidates is applicable because of a receiver type mismatch:
fun <T> StateFlow<T>.collectAsState(context: CoroutineContext = ...): State<T>
e: file:///<home>/Desktop/code/moblin-android/app/src/main/java/com/moblin/android/view/stream/overlay/StreamOverlayRightView.kt:861:67 Unresolved reference 'face'.
e: file:///<home>/Desktop/code/moblin-android/app/src/main/java/com/moblin/android/view/stream/overlay/StreamOverlayRightView.kt:899:15 Unresolved reference 'Database'.
e: file:///<home>/Desktop/code/moblin-android/app/src/main/java/com/moblin/android/view/stream/overlay/StreamOverlayRightView.kt:906:17 Property delegate must have a 'getValue(Nothing?, KProperty0<ERROR CLASS: Cannot infer argument for type parameter T>)' method. None of the following functions is applicable:
fun <T> State<T>.getValue(thisObj: Any?, property: KProperty<*>): T
e: file:///<home>/Desktop/code/moblin-android/app/src/main/java/com/moblin/android/view/stream/overlay/StreamOverlayRightView.kt:906:20 Cannot infer type for this parameter. Specify it explicitly.
e: file:///<home>/Desktop/code/moblin-android/app/src/main/java/com/moblin/android/view/stream/overlay/StreamOverlayRightView.kt:906:29 Unresolved reference 'appMode'.
e: file:///<home>/Desktop/code/moblin-android/app/src/main/java/com/moblin/android/view/stream/overlay/StreamOverlayRightView.kt:906:37 Cannot infer type for this parameter. Specify it explicitly.
e: file:///<home>/Desktop/code/moblin-android/app/src/main/java/com/moblin/android/view/stream/overlay/StreamOverlayRightView.kt:910:21 Property delegate must have a 'getValue(Nothing?, KProperty0<*>)' method. None of the following functions is applicable:
fun FloatState.getValue(thisObj: Any?, property: KProperty<*>): Float
fun DoubleState.getValue(thisObj: Any?, property: KProperty<*>): Double
fun IntState.getValue(thisObj: Any?, property: KProperty<*>): Int
fun LongState.getValue(thisObj: Any?, property: KProperty<*>): Long
fun <T> State<T>.getValue(thisObj: Any?, property: KProperty<*>): T
e: file:///<home>/Desktop/code/moblin-android/app/src/main/java/com/moblin/android/view/stream/overlay/StreamOverlayRightView.kt:910:41 Cannot infer type for this parameter. Specify it explicitly.
e: file:///<home>/Desktop/code/moblin-android/app/src/main/java/com/moblin/android/view/stream/overlay/StreamOverlayRightView.kt:910:41 Unresolved reference. None of the following candidates is applicable because of a receiver type mismatch:
fun <T> StateFlow<T>.collectAsState(context: CoroutineContext = ...): State<T>
e: file:///<home>/Desktop/code/moblin-android/app/src/main/java/com/moblin/android/view/stream/overlay/StreamOverlayRightView.kt:912:25 Property delegate must have a 'getValue(Nothing?, KProperty0<ERROR CLASS: Cannot infer argument for type parameter T>)' method. None of the following functions is applicable:
fun <T> State<T>.getValue(thisObj: Any?, property: KProperty<*>): T
e: file:///<home>/Desktop/code/moblin-android/app/src/main/java/com/moblin/android/view/stream/overlay/StreamOverlayRightView.kt:912:28 Cannot infer type for this parameter. Specify it explicitly.
e: file:///<home>/Desktop/code/moblin-android/app/src/main/java/com/moblin/android/view/stream/overlay/StreamOverlayRightView.kt:912:37 Unresolved reference 'verticalButtons'.
e: file:///<home>/Desktop/code/moblin-android/app/src/main/java/com/moblin/android/view/stream/overlay/StreamOverlayRightView.kt:912:53 Cannot infer type for this parameter. Specify it explicitly.
e: file:///<home>/Desktop/code/moblin-android/app/src/main/java/com/moblin/android/view/stream/overlay/StreamOverlayRightView.kt:926:79 Unresolved reference 'beauty'.
e: file:///<home>/Desktop/code/moblin-android/app/src/main/java/com/moblin/android/view/stream/overlay/right/CameraSettingsControlView.kt:349:20 Property delegate must have a 'getValue(Nothing?, KProperty0<*>)' method. None of the following functions is applicable:
fun FloatState.getValue(thisObj: Any?, property: KProperty<*>): Float
fun DoubleState.getValue(thisObj: Any?, property: KProperty<*>): Double
fun IntState.getValue(thisObj: Any?, property: KProperty<*>): Int
fun LongState.getValue(thisObj: Any?, property: KProperty<*>): Long
fun <T> State<T>.getValue(thisObj: Any?, property: KProperty<*>): T
e: file:///<home>/Desktop/code/moblin-android/app/src/main/java/com/moblin/android/view/stream/overlay/right/CameraSettingsControlView.kt:349:43 Cannot infer type for this parameter. Specify it explicitly.
e: file:///<home>/Desktop/code/moblin-android/app/src/main/java/com/moblin/android/view/stream/overlay/right/CameraSettingsControlView.kt:349:43 Unresolved reference. None of the following candidates is applicable because of a receiver type mismatch:
fun <T> StateFlow<T>.collectAsState(context: CoroutineContext = ...): State<T>
e: file:///<home>/Desktop/code/moblin-android/app/src/main/java/com/moblin/android/view/stream/overlay/right/MediaPlayerControlsView.kt:77:58 Argument type mismatch: actual type is 'Float', but 'Double' was expected.
e: file:///<home>/Desktop/code/moblin-android/app/src/main/java/com/moblin/android/view/stream/overlay/right/MediaPlayerControlsView.kt:88:58 Argument type mismatch: actual type is 'Float', but 'Double' was expected.
e: file:///<home>/Desktop/code/moblin-android/app/src/main/java/com/moblin/android/view/stream/overlay/right/SceneSelectorView.kt:130:21 Null cannot be a value of a non-null type 'Void'.
e: file:///<home>/Desktop/code/moblin-android/app/src/main/java/com/moblin/android/view/stream/overlay/right/SceneSelectorView.kt:188:21 Null cannot be a value of a non-null type 'Void'.
e: file:///<home>/Desktop/code/moblin-android/app/src/main/java/com/moblin/android/view/utils/ChatLineStyle.kt:154:44 Unresolved reference 'color'.
e: file:///<home>/Desktop/code/moblin-android/app/src/main/java/com/moblin/android/view/webbrowser/WebBrowserView.kt:175:76 Unresolved reference 'removeAt'.
e: file:///<home>/Desktop/code/moblin-android/app/src/main/java/com/moblin/android/view/webbrowser/WebBrowserView.kt:178:41 Unresolved reference 'removeAt'.
e: file:///<home>/Desktop/code/moblin-android/app/src/main/java/com/moblin/android/view/webbrowser/WebBrowserView.kt:179:30 Unresolved reference 'add'.
e: file:///<home>/Desktop/code/moblin-android/app/src/main/java/com/moblin/android/view/webbrowser/WebBrowserView.kt:215:34 Unresolved reference 'add'.

FAILURE: Build failed with an exception.

* What went wrong:
Execution failed for task ':app:compileDebugKotlin'.
> A failure occurred while executing org.jetbrains.kotlin.compilerRunner.GradleCompilerRunnerWithWorkers$GradleKotlinCompilerWorkAction
   > Compilation error. See log for more details

* Try:
> Run with --stacktrace option to get the stack trace.
> Run with --info or --debug option to get more log output.
> Run with --scan to get full insights from a Build Scan (powered by Develocity).
> Get more help at https://help.gradle.org.

BUILD FAILED in 3m 53s
